"序号","时间戳","帧类型","帧格式","CAN类型","ID","状态","数据长度","数据内容"
"1","11:11:42.926","标准帧","数据帧","CAN","0x1","发送成功","8","FF FF FF FF FF FF FF FC"
"2","11:11:42.926","标准帧","数据帧","CAN","0x0","接收成功","8","11 9B D7 7F E8 00 21 1F"
"3","11:12:20.382","标准帧","数据帧","CAN","0x201","发送成功","4","00 00 80 3F"
"4","11:12:20.382","标准帧","数据帧","CAN","0x0","接收成功","8","11 9B D7 7F F7 FF 21 1F"
"5","11:12:20.382","标准帧","数据帧","CAN","0x201","发送成功","4","00 00 80 3F"
"6","11:12:20.382","标准帧","数据帧","CAN","0x0","接收成功","8","11 9B D7 7F F8 00 21 1F"
"7","11:12:20.382","标准帧","数据帧","CAN","0x201","发送成功","4","00 00 80 3F"
"8","11:12:20.382","标准帧","数据帧","CAN","0x0","接收成功","8","11 9B D7 80 08 04 21 1F"
"9","11:12:20.393","标准帧","数据帧","CAN","0x201","发送成功","4","00 00 80 3F"
"10","11:12:20.393","标准帧","数据帧","CAN","0x0","接收成功","8","11 9B D8 80 28 0C 21 1F"
"11","11:12:20.393","标准帧","数据帧","CAN","0x201","发送成功","4","00 00 80 3F"
"12","11:12:20.393","标准帧","数据帧","CAN","0x0","接收成功","8","11 9B D9 80 38 11 21 1F"
"13","11:12:20.393","标准帧","数据帧","CAN","0x201","发送成功","4","00 00 80 3F"
"14","11:12:20.393","标准帧","数据帧","CAN","0x0","接收成功","8","11 9B DA 80 98 1B 21 1F"
"15","11:12:20.393","标准帧","数据帧","CAN","0x201","发送成功","4","00 00 80 3F"
"16","11:12:20.393","标准帧","数据帧","CAN","0x0","接收成功","8","11 9B DB 80 B8 1F 21 1F"
"17","11:12:20.393","标准帧","数据帧","CAN","0x201","发送成功","4","00 00 80 3F"
"18","11:12:20.393","标准帧","数据帧","CAN","0x0","接收成功","8","11 9B DD 81 08 24 21 1F"
"19","11:12:20.393","标准帧","数据帧","CAN","0x201","发送成功","4","00 00 80 3F"
"20","11:12:20.393","标准帧","数据帧","CAN","0x0","接收成功","8","11 9B E1 81 B8 29 21 1F"
"21","11:12:20.393","标准帧","数据帧","CAN","0x201","发送成功","4","00 00 80 3F"
"22","11:12:20.393","标准帧","数据帧","CAN","0x0","接收成功","8","11 9B E6 82 58 29 21 1F"
"23","11:12:20.404","标准帧","数据帧","CAN","0x201","发送成功","4","00 00 80 3F"
"24","11:12:20.404","标准帧","数据帧","CAN","0x0","接收成功","8","11 9B EA 82 F8 27 21 1F"
"25","11:12:20.404","标准帧","数据帧","CAN","0x201","发送成功","4","00 00 80 3F"
"26","11:12:20.404","标准帧","数据帧","CAN","0x0","接收成功","8","11 9B EF 83 88 21 21 1F"
"27","11:12:20.404","标准帧","数据帧","CAN","0x201","发送成功","4","00 00 80 3F"
"28","11:12:20.404","标准帧","数据帧","CAN","0x0","接收成功","8","11 9B F7 83 E8 1D 21 1F"
"29","11:12:20.404","标准帧","数据帧","CAN","0x201","发送成功","4","00 00 80 3F"
"30","11:12:20.404","标准帧","数据帧","CAN","0x0","接收成功","8","11 9B FB 84 38 17 21 1F"
"31","11:12:20.404","标准帧","数据帧","CAN","0x201","发送成功","4","00 00 80 3F"
"32","11:12:20.404","标准帧","数据帧","CAN","0x0","接收成功","8","11 9B FF 84 38 15 21 1F"
"33","11:12:20.404","标准帧","数据帧","CAN","0x201","发送成功","4","00 00 80 3F"
"34","11:12:20.404","标准帧","数据帧","CAN","0x0","接收成功","8","11 9B FF 84 38 15 21 1F"
"35","11:12:20.404","标准帧","数据帧","CAN","0x201","发送成功","4","00 00 80 3F"
"36","11:12:20.404","标准帧","数据帧","CAN","0x0","接收成功","8","11 9C 03 84 58 12 21 1F"
"37","11:12:20.404","标准帧","数据帧","CAN","0x201","发送成功","4","00 00 80 3F"
"38","11:12:20.414","标准帧","数据帧","CAN","0x0","接收成功","8","11 9C 07 84 78 10 21 1F"
"39","11:12:20.414","标准帧","数据帧","CAN","0x201","发送成功","4","00 00 80 3F"
"40","11:12:20.414","标准帧","数据帧","CAN","0x0","接收成功","8","11 9C 0C 84 48 0F 21 1F"
"41","11:12:20.414","标准帧","数据帧","CAN","0x201","发送成功","4","00 00 80 3F"
"42","11:12:20.414","标准帧","数据帧","CAN","0x0","接收成功","8","11 9C 10 84 38 0F 21 1F"
"43","11:12:20.414","标准帧","数据帧","CAN","0x201","发送成功","4","00 00 80 3F"
"44","11:12:20.414","标准帧","数据帧","CAN","0x0","接收成功","8","11 9C 14 84 38 10 21 1F"
"45","11:12:20.414","标准帧","数据帧","CAN","0x201","发送成功","4","00 00 80 3F"
"46","11:12:20.414","标准帧","数据帧","CAN","0x0","接收成功","8","11 9C 17 84 28 11 21 1F"
"47","11:12:20.414","标准帧","数据帧","CAN","0x201","发送成功","4","00 00 80 3F"
"48","11:12:20.414","标准帧","数据帧","CAN","0x0","接收成功","8","11 9C 1B 84 28 11 21 1F"
"49","11:12:20.414","标准帧","数据帧","CAN","0x201","发送成功","4","00 00 80 3F"
"50","11:12:20.414","标准帧","数据帧","CAN","0x0","接收成功","8","11 9C 20 84 08 14 21 1F"
"51","11:12:20.425","标准帧","数据帧","CAN","0x201","发送成功","4","00 00 80 3F"
"52","11:12:20.425","标准帧","数据帧","CAN","0x0","接收成功","8","11 9C 23 83 F8 15 21 1F"
"53","11:12:20.425","标准帧","数据帧","CAN","0x201","发送成功","4","00 00 80 3F"
"54","11:12:20.425","标准帧","数据帧","CAN","0x0","接收成功","8","11 9C 27 84 08 16 21 1F"
"55","11:12:20.425","标准帧","数据帧","CAN","0x201","发送成功","4","00 00 80 3F"
"56","11:12:20.425","标准帧","数据帧","CAN","0x0","接收成功","8","11 9C 2C 84 18 16 21 1F"
"57","11:12:20.425","标准帧","数据帧","CAN","0x201","发送成功","4","00 00 80 3F"
"58","11:12:20.425","标准帧","数据帧","CAN","0x0","接收成功","8","11 9C 2F 84 28 15 21 1F"
"59","11:12:20.425","标准帧","数据帧","CAN","0x201","发送成功","4","00 00 80 3F"
"60","11:12:20.425","标准帧","数据帧","CAN","0x0","接收成功","8","11 9C 35 84 48 15 21 1F"
"61","11:12:20.425","标准帧","数据帧","CAN","0x201","发送成功","4","00 00 80 3F"
"62","11:12:20.425","标准帧","数据帧","CAN","0x0","接收成功","8","11 9C 37 84 48 14 21 1F"
"63","11:12:20.425","标准帧","数据帧","CAN","0x201","发送成功","4","00 00 80 3F"
"64","11:12:20.425","标准帧","数据帧","CAN","0x0","接收成功","8","11 9C 3A 84 58 12 21 1F"
"65","11:12:20.425","标准帧","数据帧","CAN","0x201","发送成功","4","00 00 80 3F"
"66","11:12:20.425","标准帧","数据帧","CAN","0x0","接收成功","8","11 9C 3B 84 58 12 21 1F"
"67","11:12:20.425","标准帧","数据帧","CAN","0x201","发送成功","4","00 00 80 3F"
"68","11:12:20.436","标准帧","数据帧","CAN","0x0","接收成功","8","11 9C 3E 84 58 11 21 1F"
"69","11:12:20.436","标准帧","数据帧","CAN","0x201","发送成功","4","00 00 80 3F"
"70","11:12:20.436","标准帧","数据帧","CAN","0x0","接收成功","8","11 9C 40 84 58 11 21 1F"
"71","11:12:20.436","标准帧","数据帧","CAN","0x201","发送成功","4","00 00 80 3F"
"72","11:12:20.436","标准帧","数据帧","CAN","0x0","接收成功","8","11 9C 44 84 78 10 21 1F"
"73","11:12:20.436","标准帧","数据帧","CAN","0x201","发送成功","4","00 00 80 3F"
"74","11:12:20.436","标准帧","数据帧","CAN","0x0","接收成功","8","11 9C 48 84 58 0F 21 1F"
"75","11:12:20.436","标准帧","数据帧","CAN","0x201","发送成功","4","00 00 80 3F"
"76","11:12:20.436","标准帧","数据帧","CAN","0x0","接收成功","8","11 9C 49 84 58 0F 21 1F"
"77","11:12:20.436","标准帧","数据帧","CAN","0x201","发送成功","4","00 00 80 3F"
"78","11:12:20.436","标准帧","数据帧","CAN","0x0","接收成功","8","11 9C 4E 84 58 10 21 1F"
"79","11:12:20.436","标准帧","数据帧","CAN","0x201","发送成功","4","00 00 80 3F"
"80","11:12:20.436","标准帧","数据帧","CAN","0x0","接收成功","8","11 9C 4F 84 48 10 21 1F"
"81","11:12:20.436","标准帧","数据帧","CAN","0x201","发送成功","4","00 00 80 3F"
"82","11:12:20.436","标准帧","数据帧","CAN","0x0","接收成功","8","11 9C 53 84 28 10 21 1F"
"83","11:12:20.436","标准帧","数据帧","CAN","0x201","发送成功","4","00 00 80 3F"
"84","11:12:20.436","标准帧","数据帧","CAN","0x0","接收成功","8","11 9C 54 84 38 11 21 1F"
"85","11:12:20.436","标准帧","数据帧","CAN","0x201","发送成功","4","00 00 80 3F"
"86","11:12:20.436","标准帧","数据帧","CAN","0x0","接收成功","8","11 9C 57 84 18 12 21 1F"
"87","11:12:20.446","标准帧","数据帧","CAN","0x201","发送成功","4","00 00 80 3F"
"88","11:12:20.446","标准帧","数据帧","CAN","0x201","发送成功","4","00 00 80 3F"
"89","11:12:20.446","标准帧","数据帧","CAN","0x0","接收成功","8","11 9C 5B 84 18 13 21 1F"
"90","11:12:20.446","标准帧","数据帧","CAN","0x0","接收成功","8","11 9C 5B 84 28 14 21 1F"
"91","11:12:20.446","标准帧","数据帧","CAN","0x201","发送成功","4","00 00 80 3F"
"92","11:12:20.446","标准帧","数据帧","CAN","0x0","接收成功","8","11 9C 5F 84 08 14 21 1F"
"93","11:12:20.446","标准帧","数据帧","CAN","0x201","发送成功","4","00 00 80 3F"
"94","11:12:20.446","标准帧","数据帧","CAN","0x0","接收成功","8","11 9C 65 84 18 16 21 1F"
"95","11:12:20.446","标准帧","数据帧","CAN","0x201","发送成功","4","00 00 80 3F"
"96","11:12:20.446","标准帧","数据帧","CAN","0x0","接收成功","8","11 9C 69 84 18 16 21 1F"
"97","11:12:20.446","标准帧","数据帧","CAN","0x201","发送成功","4","00 00 80 3F"
"98","11:12:20.446","标准帧","数据帧","CAN","0x0","接收成功","8","11 9C 6D 84 28 16 21 1F"
"99","11:12:20.446","标准帧","数据帧","CAN","0x201","发送成功","4","00 00 80 3F"
"100","11:12:20.446","标准帧","数据帧","CAN","0x0","接收成功","8","11 9C 71 84 38 15 21 1F"
"101","11:12:20.457","标准帧","数据帧","CAN","0x201","发送成功","4","00 00 80 3F"
"102","11:12:20.457","标准帧","数据帧","CAN","0x0","接收成功","8","11 9C 77 84 48 13 21 1F"
"103","11:12:20.457","标准帧","数据帧","CAN","0x201","发送成功","4","00 00 80 3F"
"104","11:12:20.457","标准帧","数据帧","CAN","0x0","接收成功","8","11 9C 7C 84 68 11 21 1F"
"105","11:12:20.457","标准帧","数据帧","CAN","0x201","发送成功","4","00 00 80 3F"
"106","11:12:20.457","标准帧","数据帧","CAN","0x0","接收成功","8","11 9C 81 84 68 10 21 1F"
"107","11:12:20.457","标准帧","数据帧","CAN","0x201","发送成功","4","00 00 80 3F"
"108","11:12:20.457","标准帧","数据帧","CAN","0x0","接收成功","8","11 9C 81 84 68 10 21 1F"
"109","11:12:20.457","标准帧","数据帧","CAN","0x201","发送成功","4","00 00 80 3F"
"110","11:12:20.457","标准帧","数据帧","CAN","0x0","接收成功","8","11 9C 86 84 78 0E 21 1F"
"111","11:12:20.457","标准帧","数据帧","CAN","0x201","发送成功","4","00 00 80 3F"
"112","11:12:20.457","标准帧","数据帧","CAN","0x0","接收成功","8","11 9C 8C 84 68 0D 21 1F"
"113","11:12:20.468","标准帧","数据帧","CAN","0x201","发送成功","4","00 00 80 3F"
"114","11:12:20.468","标准帧","数据帧","CAN","0x0","接收成功","8","11 9C 92 84 38 0E 21 1F"
"115","11:12:20.468","标准帧","数据帧","CAN","0x201","发送成功","4","00 00 80 3F"
"116","11:12:20.468","标准帧","数据帧","CAN","0x0","接收成功","8","11 9C 96 84 18 11 21 1F"
"117","11:12:20.468","标准帧","数据帧","CAN","0x201","发送成功","4","00 00 80 3F"
"118","11:12:20.468","标准帧","数据帧","CAN","0x0","接收成功","8","11 9C 97 84 18 11 21 1F"
"119","11:12:20.468","标准帧","数据帧","CAN","0x201","发送成功","4","00 00 80 3F"
"120","11:12:20.468","标准帧","数据帧","CAN","0x0","接收成功","8","11 9C 9C 84 28 12 21 1F"
"121","11:12:20.468","标准帧","数据帧","CAN","0x201","发送成功","4","00 00 80 3F"
"122","11:12:20.468","标准帧","数据帧","CAN","0x0","接收成功","8","11 9C A2 84 28 13 21 1F"
"123","11:12:20.468","标准帧","数据帧","CAN","0x201","发送成功","4","00 00 80 3F"
"124","11:12:20.468","标准帧","数据帧","CAN","0x0","接收成功","8","11 9C A7 84 08 14 21 1F"
"125","11:12:20.468","标准帧","数据帧","CAN","0x201","发送成功","4","00 00 80 3F"
"126","11:12:20.468","标准帧","数据帧","CAN","0x0","接收成功","8","11 9C AB 84 18 15 21 1F"
"127","11:12:20.468","标准帧","数据帧","CAN","0x201","发送成功","4","00 00 80 3F"
"128","11:12:20.468","标准帧","数据帧","CAN","0x0","接收成功","8","11 9C AC 84 18 15 21 1F"
"129","11:12:20.479","标准帧","数据帧","CAN","0x201","发送成功","4","00 00 80 3F"
"130","11:12:20.479","标准帧","数据帧","CAN","0x0","接收成功","8","11 9C B1 84 38 14 21 1F"
"131","11:12:20.479","标准帧","数据帧","CAN","0x201","发送成功","4","00 00 80 3F"
"132","11:12:20.479","标准帧","数据帧","CAN","0x0","接收成功","8","11 9C B7 84 48 13 21 1F"
"133","11:12:20.479","标准帧","数据帧","CAN","0x201","发送成功","4","00 00 80 3F"
"134","11:12:20.479","标准帧","数据帧","CAN","0x0","接收成功","8","11 9C B9 84 48 13 21 1F"
"135","11:12:20.479","标准帧","数据帧","CAN","0x201","发送成功","4","00 00 80 3F"
"136","11:12:20.479","标准帧","数据帧","CAN","0x0","接收成功","8","11 9C BD 84 58 12 21 1F"
"137","11:12:20.479","标准帧","数据帧","CAN","0x201","发送成功","4","00 00 80 3F"
"138","11:12:20.479","标准帧","数据帧","CAN","0x0","接收成功","8","11 9C C2 84 58 11 21 1F"
"139","11:12:20.489","标准帧","数据帧","CAN","0x201","发送成功","4","00 00 80 3F"
"140","11:12:20.489","标准帧","数据帧","CAN","0x0","接收成功","8","11 9C D2 84 48 11 21 1F"
"141","11:12:20.500","标准帧","数据帧","CAN","0x201","发送成功","4","00 00 80 3F"
"142","11:12:20.500","标准帧","数据帧","CAN","0x0","接收成功","8","11 9C E7 84 48 12 21 1F"
"143","11:12:20.500","标准帧","数据帧","CAN","0x201","发送成功","4","00 00 80 3F"
"144","11:12:20.500","标准帧","数据帧","CAN","0x0","接收成功","8","11 9C F1 84 38 12 21 1F"
"145","11:12:20.510","标准帧","数据帧","CAN","0x201","发送成功","4","00 00 80 3F"
"146","11:12:20.510","标准帧","数据帧","CAN","0x0","接收成功","8","11 9C F4 84 38 11 21 1F"
"147","11:12:20.521","标准帧","数据帧","CAN","0x201","发送成功","4","00 00 80 3F"
"148","11:12:20.521","标准帧","数据帧","CAN","0x0","接收成功","8","11 9D 19 84 48 11 21 1F"
"149","11:12:20.521","标准帧","数据帧","CAN","0x201","发送成功","4","00 00 80 3F"
"150","11:12:20.521","标准帧","数据帧","CAN","0x0","接收成功","8","11 9D 23 84 28 13 21 1F"
"151","11:12:20.521","标准帧","数据帧","CAN","0x201","发送成功","4","00 00 80 3F"
"152","11:12:20.521","标准帧","数据帧","CAN","0x0","接收成功","8","11 9D 2A 84 48 12 21 1F"
"153","11:12:20.521","标准帧","数据帧","CAN","0x201","发送成功","4","00 00 80 3F"
"154","11:12:20.521","标准帧","数据帧","CAN","0x0","接收成功","8","11 9D 2F 84 38 12 21 1F"
"155","11:12:20.521","标准帧","数据帧","CAN","0x201","发送成功","4","00 00 80 3F"
"156","11:12:20.521","标准帧","数据帧","CAN","0x0","接收成功","8","11 9D 33 84 28 13 21 1F"
"157","11:12:20.521","标准帧","数据帧","CAN","0x201","发送成功","4","00 00 80 3F"
"158","11:12:20.521","标准帧","数据帧","CAN","0x0","接收成功","8","11 9D 36 84 18 13 21 1F"
"159","11:12:20.521","标准帧","数据帧","CAN","0x201","发送成功","4","00 00 80 3F"
"160","11:12:20.521","标准帧","数据帧","CAN","0x0","接收成功","8","11 9D 37 84 28 14 21 1F"
"161","11:12:20.531","标准帧","数据帧","CAN","0x201","发送成功","4","00 00 80 3F"
"162","11:12:20.531","标准帧","数据帧","CAN","0x0","接收成功","8","11 9D 3D 84 28 13 21 1F"
"163","11:12:20.531","标准帧","数据帧","CAN","0x201","发送成功","4","00 00 80 3F"
"164","11:12:20.531","标准帧","数据帧","CAN","0x0","接收成功","8","11 9D 42 84 48 14 21 1F"
"165","11:12:20.531","标准帧","数据帧","CAN","0x201","发送成功","4","00 00 80 3F"
"166","11:12:20.531","标准帧","数据帧","CAN","0x0","接收成功","8","11 9D 43 84 48 14 21 1F"
"167","11:12:20.531","标准帧","数据帧","CAN","0x201","发送成功","4","00 00 80 3F"
"168","11:12:20.531","标准帧","数据帧","CAN","0x0","接收成功","8","11 9D 47 84 38 14 21 1F"
"169","11:12:20.531","标准帧","数据帧","CAN","0x201","发送成功","4","00 00 80 3F"
"170","11:12:20.531","标准帧","数据帧","CAN","0x0","接收成功","8","11 9D 4C 84 38 13 21 1F"
"171","11:12:20.531","标准帧","数据帧","CAN","0x201","发送成功","4","00 00 80 3F"
"172","11:12:20.531","标准帧","数据帧","CAN","0x0","接收成功","8","11 9D 53 84 58 12 21 1F"
"173","11:12:20.531","标准帧","数据帧","CAN","0x201","发送成功","4","00 00 80 3F"
"174","11:12:20.542","标准帧","数据帧","CAN","0x0","接收成功","8","11 9D 57 84 48 11 21 1F"
"175","11:12:20.542","标准帧","数据帧","CAN","0x201","发送成功","4","00 00 80 3F"
"176","11:12:20.542","标准帧","数据帧","CAN","0x0","接收成功","8","11 9D 58 84 48 11 21 1F"
"177","11:12:20.542","标准帧","数据帧","CAN","0x201","发送成功","4","00 00 80 3F"
"178","11:12:20.542","标准帧","数据帧","CAN","0x0","接收成功","8","11 9D 5D 84 58 11 21 1F"
"179","11:12:20.542","标准帧","数据帧","CAN","0x201","发送成功","4","00 00 80 3F"
"180","11:12:20.542","标准帧","数据帧","CAN","0x0","接收成功","8","11 9D 62 84 58 0F 21 1F"
"181","11:12:20.542","标准帧","数据帧","CAN","0x201","发送成功","4","00 00 80 3F"
"182","11:12:20.542","标准帧","数据帧","CAN","0x0","接收成功","8","11 9D 67 84 48 0F 21 1F"
"183","11:12:20.542","标准帧","数据帧","CAN","0x201","发送成功","4","00 00 80 3F"
"184","11:12:20.542","标准帧","数据帧","CAN","0x0","接收成功","8","11 9D 69 84 48 0F 21 1F"
"185","11:12:20.542","标准帧","数据帧","CAN","0x201","发送成功","4","00 00 80 3F"
"186","11:12:20.542","标准帧","数据帧","CAN","0x0","接收成功","8","11 9D 6E 84 48 10 21 1F"
"187","11:12:20.542","标准帧","数据帧","CAN","0x201","发送成功","4","00 00 80 3F"
"188","11:12:20.542","标准帧","数据帧","CAN","0x0","接收成功","8","11 9D 6F 84 48 10 21 1F"
"189","11:12:20.542","标准帧","数据帧","CAN","0x201","发送成功","4","00 00 80 3F"
"190","11:12:20.542","标准帧","数据帧","CAN","0x0","接收成功","8","11 9D 74 84 28 11 21 1F"
"191","11:12:20.542","标准帧","数据帧","CAN","0x201","发送成功","4","00 00 80 3F"
"192","11:12:20.542","标准帧","数据帧","CAN","0x0","接收成功","8","11 9D 78 84 28 11 21 1F"
"193","11:12:20.542","标准帧","数据帧","CAN","0x201","发送成功","4","00 00 80 3F"
"194","11:12:20.542","标准帧","数据帧","CAN","0x0","接收成功","8","11 9D 79 84 18 12 21 1F"
"195","11:12:20.542","标准帧","数据帧","CAN","0x201","发送成功","4","00 00 80 3F"
"196","11:12:20.542","标准帧","数据帧","CAN","0x0","接收成功","8","11 9D 7E 84 08 14 21 1F"
"197","11:12:20.542","标准帧","数据帧","CAN","0x201","发送成功","4","00 00 80 3F"
"198","11:12:20.542","标准帧","数据帧","CAN","0x0","接收成功","8","11 9D 80 84 08 14 21 1F"
"199","11:12:20.542","标准帧","数据帧","CAN","0x201","发送成功","4","00 00 80 3F"
"200","11:12:20.542","标准帧","数据帧","CAN","0x0","接收成功","8","11 9D 85 84 18 14 21 1F"
"201","11:12:20.542","标准帧","数据帧","CAN","0x201","发送成功","4","00 00 80 3F"
"202","11:12:20.542","标准帧","数据帧","CAN","0x0","接收成功","8","11 9D 89 84 28 13 21 1F"
"203","11:12:20.553","标准帧","数据帧","CAN","0x201","发送成功","4","00 00 80 3F"
"204","11:12:20.553","标准帧","数据帧","CAN","0x0","接收成功","8","11 9D 8D 84 38 13 21 1F"
"205","11:12:20.553","标准帧","数据帧","CAN","0x201","发送成功","4","00 00 80 3F"
"206","11:12:20.553","标准帧","数据帧","CAN","0x0","接收成功","8","11 9D 92 84 48 12 21 1F"
"207","11:12:20.553","标准帧","数据帧","CAN","0x201","发送成功","4","00 00 80 3F"
"208","11:12:20.553","标准帧","数据帧","CAN","0x0","接收成功","8","11 9D 94 84 58 12 21 1F"
"209","11:12:20.553","标准帧","数据帧","CAN","0x201","发送成功","4","00 00 80 3F"
"210","11:12:20.553","标准帧","数据帧","CAN","0x0","接收成功","8","11 9D 9A 84 58 10 21 1F"
"211","11:12:20.553","标准帧","数据帧","CAN","0x201","发送成功","4","00 00 80 3F"
"212","11:12:20.553","标准帧","数据帧","CAN","0x0","接收成功","8","11 9D 9F 84 58 0F 21 1F"
"213","11:12:20.553","标准帧","数据帧","CAN","0x201","发送成功","4","00 00 80 3F"
"214","11:12:20.553","标准帧","数据帧","CAN","0x0","接收成功","8","11 9D A3 84 48 10 21 1F"
"215","11:12:20.553","标准帧","数据帧","CAN","0x201","发送成功","4","00 00 80 3F"
"216","11:12:20.553","标准帧","数据帧","CAN","0x0","接收成功","8","11 9D A4 84 48 10 21 1F"
"217","11:12:20.564","标准帧","数据帧","CAN","0x201","发送成功","4","00 00 80 3F"
"218","11:12:20.564","标准帧","数据帧","CAN","0x0","接收成功","8","11 9D A8 84 48 11 21 1F"
"219","11:12:20.564","标准帧","数据帧","CAN","0x201","发送成功","4","00 00 80 3F"
"220","11:12:20.564","标准帧","数据帧","CAN","0x0","接收成功","8","11 9D AA 84 48 11 21 1F"
"221","11:12:20.564","标准帧","数据帧","CAN","0x201","发送成功","4","00 00 80 3F"
"222","11:12:20.564","标准帧","数据帧","CAN","0x0","接收成功","8","11 9D AF 84 38 11 21 1F"
"223","11:12:20.564","标准帧","数据帧","CAN","0x201","发送成功","4","00 00 80 3F"
"224","11:12:20.564","标准帧","数据帧","CAN","0x0","接收成功","8","11 9D B0 84 28 12 21 1F"
"225","11:12:20.564","标准帧","数据帧","CAN","0x201","发送成功","4","00 00 80 3F"
"226","11:12:20.564","标准帧","数据帧","CAN","0x0","接收成功","8","11 9D B6 84 28 12 21 1F"
"227","11:12:20.564","标准帧","数据帧","CAN","0x201","发送成功","4","00 00 80 3F"
"228","11:12:20.564","标准帧","数据帧","CAN","0x0","接收成功","8","11 9D BB 84 08 14 21 1F"
"229","11:12:20.564","标准帧","数据帧","CAN","0x201","发送成功","4","00 00 80 3F"
"230","11:12:20.564","标准帧","数据帧","CAN","0x0","接收成功","8","11 9D BC 84 08 14 21 1F"
"231","11:12:20.595","标准帧","数据帧","CAN","0x201","发送成功","4","00 00 80 3F"
"232","11:12:20.595","标准帧","数据帧","CAN","0x0","接收成功","8","11 9D C2 84 18 15 21 1F"
"233","11:12:20.595","标准帧","数据帧","CAN","0x201","发送成功","4","00 00 80 3F"
"234","11:12:20.595","标准帧","数据帧","CAN","0x0","接收成功","8","11 9D C8 84 38 15 21 1F"
"235","11:12:20.595","标准帧","数据帧","CAN","0x201","发送成功","4","00 00 80 3F"
"236","11:12:20.595","标准帧","数据帧","CAN","0x0","接收成功","8","11 9D CE 84 48 13 21 1F"
"237","11:12:20.595","标准帧","数据帧","CAN","0x201","发送成功","4","00 00 80 3F"
"238","11:12:20.595","标准帧","数据帧","CAN","0x0","接收成功","8","11 9D DA 84 58 11 21 1F"
"239","11:12:20.595","标准帧","数据帧","CAN","0x201","发送成功","4","00 00 80 3F"
"240","11:12:20.595","标准帧","数据帧","CAN","0x0","接收成功","8","11 9D DF 84 68 10 21 1F"
"241","11:12:20.595","标准帧","数据帧","CAN","0x201","发送成功","4","00 00 80 3F"
"242","11:12:20.595","标准帧","数据帧","CAN","0x0","接收成功","8","11 9E 05 84 18 14 21 1F"
"243","11:12:20.595","标准帧","数据帧","CAN","0x201","发送成功","4","00 00 80 3F"
"244","11:12:20.595","标准帧","数据帧","CAN","0x0","接收成功","8","11 9E 0A 84 28 14 21 1F"
"245","11:12:20.595","标准帧","数据帧","CAN","0x201","发送成功","4","00 00 80 3F"
"246","11:12:20.595","标准帧","数据帧","CAN","0x0","接收成功","8","11 9E 0B 84 38 14 21 1F"
"247","11:12:20.595","标准帧","数据帧","CAN","0x201","发送成功","4","00 00 80 3F"
"248","11:12:20.595","标准帧","数据帧","CAN","0x0","接收成功","8","11 9E 10 84 38 13 21 1F"
"249","11:12:20.595","标准帧","数据帧","CAN","0x201","发送成功","4","00 00 80 3F"
"250","11:12:20.595","标准帧","数据帧","CAN","0x0","接收成功","8","11 9E 11 84 48 13 21 1F"
"251","11:12:20.606","标准帧","数据帧","CAN","0x201","发送成功","4","00 00 80 3F"
"252","11:12:20.606","标准帧","数据帧","CAN","0x0","接收成功","8","11 9E 16 84 48 11 21 1F"
"253","11:12:20.606","标准帧","数据帧","CAN","0x201","发送成功","4","00 00 80 3F"
"254","11:12:20.606","标准帧","数据帧","CAN","0x0","接收成功","8","11 9E 1B 84 58 11 21 1F"
"255","11:12:20.606","标准帧","数据帧","CAN","0x201","发送成功","4","00 00 80 3F"
"256","11:12:20.606","标准帧","数据帧","CAN","0x0","接收成功","8","11 9E 20 84 78 0F 21 1F"
"257","11:12:20.606","标准帧","数据帧","CAN","0x201","发送成功","4","00 00 80 3F"
"258","11:12:20.606","标准帧","数据帧","CAN","0x0","接收成功","8","11 9E 22 84 58 0E 21 1F"
"259","11:12:20.606","标准帧","数据帧","CAN","0x201","发送成功","4","00 00 80 3F"
"260","11:12:20.606","标准帧","数据帧","CAN","0x0","接收成功","8","11 9E 27 84 68 0F 21 1F"
"261","11:12:20.606","标准帧","数据帧","CAN","0x201","发送成功","4","00 00 80 3F"
"262","11:12:20.606","标准帧","数据帧","CAN","0x0","接收成功","8","11 9E 28 84 68 0F 21 1F"
"263","11:12:20.606","标准帧","数据帧","CAN","0x201","发送成功","4","00 00 80 3F"
"264","11:12:20.606","标准帧","数据帧","CAN","0x0","接收成功","8","11 9E 2F 84 28 10 21 1F"
"265","11:12:20.627","标准帧","数据帧","CAN","0x201","发送成功","4","00 00 80 3F"
"266","11:12:20.627","标准帧","数据帧","CAN","0x0","接收成功","8","11 9E 33 84 28 11 21 1F"
"267","11:12:20.627","标准帧","数据帧","CAN","0x201","发送成功","4","00 00 80 3F"
"268","11:12:20.627","标准帧","数据帧","CAN","0x0","接收成功","8","11 9E 34 84 28 11 21 1F"
"269","11:12:20.627","标准帧","数据帧","CAN","0x201","发送成功","4","00 00 80 3F"
"270","11:12:20.627","标准帧","数据帧","CAN","0x0","接收成功","8","11 9E 38 84 18 12 21 1F"
"271","11:12:20.627","标准帧","数据帧","CAN","0x201","发送成功","4","00 00 80 3F"
"272","11:12:20.627","标准帧","数据帧","CAN","0x0","接收成功","8","11 9E 39 84 18 12 21 1F"
"273","11:12:20.627","标准帧","数据帧","CAN","0x201","发送成功","4","00 00 80 3F"
"274","11:12:20.627","标准帧","数据帧","CAN","0x0","接收成功","8","11 9E 3E 84 28 13 21 1F"
"275","11:12:20.627","标准帧","数据帧","CAN","0x201","发送成功","4","00 00 80 3F"
"276","11:12:20.627","标准帧","数据帧","CAN","0x0","接收成功","8","11 9E 3F 84 28 13 21 1F"
"277","11:12:20.627","标准帧","数据帧","CAN","0x201","发送成功","4","00 00 80 3F"
"278","11:12:20.627","标准帧","数据帧","CAN","0x0","接收成功","8","11 9E 44 84 08 14 21 1F"
"279","11:12:20.627","标准帧","数据帧","CAN","0x201","发送成功","4","00 00 80 3F"
"280","11:12:20.627","标准帧","数据帧","CAN","0x0","接收成功","8","11 9E 4A 84 18 16 21 1F"
"281","11:12:20.627","标准帧","数据帧","CAN","0x201","发送成功","4","00 00 80 3F"
"282","11:12:20.637","标准帧","数据帧","CAN","0x0","接收成功","8","11 9E 4E 84 28 14 21 1F"
"283","11:12:20.637","标准帧","数据帧","CAN","0x201","发送成功","4","00 00 80 3F"
"284","11:12:20.637","标准帧","数据帧","CAN","0x0","接收成功","8","11 9E 4F 84 28 14 21 1F"
"285","11:12:20.637","标准帧","数据帧","CAN","0x201","发送成功","4","00 00 80 3F"
"286","11:12:20.637","标准帧","数据帧","CAN","0x0","接收成功","8","11 9E 54 84 58 13 21 1F"
"287","11:12:20.637","标准帧","数据帧","CAN","0x201","发送成功","4","00 00 80 3F"
"288","11:12:20.637","标准帧","数据帧","CAN","0x0","接收成功","8","11 9E 5B 84 58 12 21 1F"
"289","11:12:20.637","标准帧","数据帧","CAN","0x201","发送成功","4","00 00 80 3F"
"290","11:12:20.637","标准帧","数据帧","CAN","0x0","接收成功","8","11 9E 5E 84 58 10 21 1F"
"291","11:12:20.637","标准帧","数据帧","CAN","0x201","发送成功","4","00 00 80 3F"
"292","11:12:20.637","标准帧","数据帧","CAN","0x0","接收成功","8","11 9E 62 84 68 0F 21 1F"
"293","11:12:20.637","标准帧","数据帧","CAN","0x201","发送成功","4","00 00 80 3F"
"294","11:12:20.637","标准帧","数据帧","CAN","0x0","接收成功","8","11 9E 66 84 68 0F 21 1F"
"295","11:12:20.637","标准帧","数据帧","CAN","0x201","发送成功","4","00 00 80 3F"
"296","11:12:20.637","标准帧","数据帧","CAN","0x0","接收成功","8","11 9E 6A 84 58 0F 21 1F"
"297","11:12:20.637","标准帧","数据帧","CAN","0x201","发送成功","4","00 00 80 3F"
"298","11:12:20.637","标准帧","数据帧","CAN","0x0","接收成功","8","11 9E 6F 84 58 0F 21 1F"
"299","11:12:20.637","标准帧","数据帧","CAN","0x201","发送成功","4","00 00 80 3F"
"300","11:12:20.637","标准帧","数据帧","CAN","0x0","接收成功","8","11 9E 70 84 48 0F 21 1F"
"301","11:12:20.637","标准帧","数据帧","CAN","0x201","发送成功","4","00 00 80 3F"
"302","11:12:20.637","标准帧","数据帧","CAN","0x0","接收成功","8","11 9E 76 84 38 10 21 1F"
"303","11:12:20.637","标准帧","数据帧","CAN","0x201","发送成功","4","00 00 80 3F"
"304","11:12:20.637","标准帧","数据帧","CAN","0x0","接收成功","8","11 9E 7B 84 48 12 21 1F"
"305","11:12:20.637","标准帧","数据帧","CAN","0x201","发送成功","4","00 00 80 3F"
"306","11:12:20.637","标准帧","数据帧","CAN","0x0","接收成功","8","11 9E 7F 84 38 11 21 1F"
"307","11:12:20.648","标准帧","数据帧","CAN","0x201","发送成功","4","00 00 80 3F"
"308","11:12:20.648","标准帧","数据帧","CAN","0x0","接收成功","8","11 9E 85 84 28 12 21 1F"
"309","11:12:20.648","标准帧","数据帧","CAN","0x201","发送成功","4","00 00 80 3F"
"310","11:12:20.648","标准帧","数据帧","CAN","0x0","接收成功","8","11 9E 89 84 38 12 21 1F"
"311","11:12:20.648","标准帧","数据帧","CAN","0x201","发送成功","4","00 00 80 3F"
"312","11:12:20.648","标准帧","数据帧","CAN","0x0","接收成功","8","11 9E 8D 84 18 13 21 1F"
"313","11:12:20.648","标准帧","数据帧","CAN","0x201","发送成功","4","00 00 80 3F"
"314","11:12:20.648","标准帧","数据帧","CAN","0x0","接收成功","8","11 9E 94 84 38 13 21 1F"
"315","11:12:20.648","标准帧","数据帧","CAN","0x201","发送成功","4","00 00 80 3F"
"316","11:12:20.648","标准帧","数据帧","CAN","0x0","接收成功","8","11 9E 9A 84 48 13 21 1F"
"317","11:12:20.658","标准帧","数据帧","CAN","0x201","发送成功","4","00 00 80 3F"
"318","11:12:20.658","标准帧","数据帧","CAN","0x0","接收成功","8","11 9E 9E 84 38 13 21 1F"
"319","11:12:20.658","标准帧","数据帧","CAN","0x201","发送成功","4","00 00 80 3F"
"320","11:12:20.658","标准帧","数据帧","CAN","0x0","接收成功","8","11 9E A2 84 58 12 21 1F"
"321","11:12:20.658","标准帧","数据帧","CAN","0x201","发送成功","4","00 00 80 3F"
"322","11:12:20.658","标准帧","数据帧","CAN","0x0","接收成功","8","11 9E A8 84 48 12 21 1F"
"323","11:12:20.658","标准帧","数据帧","CAN","0x201","发送成功","4","00 00 80 3F"
"324","11:12:20.658","标准帧","数据帧","CAN","0x0","接收成功","8","11 9E AF 84 48 11 21 1F"
"325","11:12:20.658","标准帧","数据帧","CAN","0x201","发送成功","4","00 00 80 3F"
"326","11:12:20.658","标准帧","数据帧","CAN","0x0","接收成功","8","11 9E B5 84 58 11 21 1F"
"327","11:12:20.658","标准帧","数据帧","CAN","0x201","发送成功","4","00 00 80 3F"
"328","11:12:20.658","标准帧","数据帧","CAN","0x0","接收成功","8","11 9E B9 84 58 11 21 1F"
"329","11:12:20.680","标准帧","数据帧","CAN","0x201","发送成功","4","00 00 80 3F"
"330","11:12:20.680","标准帧","数据帧","CAN","0x0","接收成功","8","11 9E BD 84 38 11 21 1F"
"331","11:12:20.680","标准帧","数据帧","CAN","0x201","发送成功","4","00 00 80 3F"
"332","11:12:20.680","标准帧","数据帧","CAN","0x0","接收成功","8","11 9E C2 84 38 12 21 1F"
"333","11:12:20.680","标准帧","数据帧","CAN","0x201","发送成功","4","00 00 80 3F"
"334","11:12:20.680","标准帧","数据帧","CAN","0x0","接收成功","8","11 9E C8 84 48 12 21 1F"
"335","11:12:20.680","标准帧","数据帧","CAN","0x201","发送成功","4","00 00 80 3F"
"336","11:12:20.680","标准帧","数据帧","CAN","0x0","接收成功","8","11 9E C9 84 28 11 21 1F"
"337","11:12:20.680","标准帧","数据帧","CAN","0x201","发送成功","4","00 00 80 3F"
"338","11:12:20.680","标准帧","数据帧","CAN","0x0","接收成功","8","11 9E CF 84 48 14 21 1F"
"339","11:12:20.680","标准帧","数据帧","CAN","0x201","发送成功","4","00 00 80 3F"
"340","11:12:20.680","标准帧","数据帧","CAN","0x0","接收成功","8","11 9E D3 84 38 13 21 1F"
"341","11:12:20.691","标准帧","数据帧","CAN","0x201","发送成功","4","00 00 80 3F"
"342","11:12:20.691","标准帧","数据帧","CAN","0x0","接收成功","8","11 9E D4 84 38 12 21 1F"
"343","11:12:20.691","标准帧","数据帧","CAN","0x201","发送成功","4","00 00 80 3F"
"344","11:12:20.691","标准帧","数据帧","CAN","0x0","接收成功","8","11 9E DF 84 28 13 21 1F"
"345","11:12:20.691","标准帧","数据帧","CAN","0x201","发送成功","4","00 00 80 3F"
"346","11:12:20.691","标准帧","数据帧","CAN","0x0","接收成功","8","11 9E E3 84 38 13 21 1F"
"347","11:12:20.691","标准帧","数据帧","CAN","0x201","发送成功","4","00 00 80 3F"
"348","11:12:20.691","标准帧","数据帧","CAN","0x0","接收成功","8","11 9E E4 84 38 13 21 1F"
"349","11:12:20.702","标准帧","数据帧","CAN","0x201","发送成功","4","00 00 80 3F"
"350","11:12:20.702","标准帧","数据帧","CAN","0x0","接收成功","8","11 9F 0D 84 38 11 21 1F"
"351","11:12:20.702","标准帧","数据帧","CAN","0x201","发送成功","4","00 00 80 3F"
"352","11:12:20.702","标准帧","数据帧","CAN","0x0","接收成功","8","11 9F 13 84 28 13 21 1F"
"353","11:12:20.702","标准帧","数据帧","CAN","0x201","发送成功","4","00 00 80 3F"
"354","11:12:20.702","标准帧","数据帧","CAN","0x0","接收成功","8","11 9F 14 84 28 13 21 1F"
"355","11:12:20.702","标准帧","数据帧","CAN","0x201","发送成功","4","00 00 80 3F"
"356","11:12:20.702","标准帧","数据帧","CAN","0x0","接收成功","8","11 9F 19 83 F8 14 21 1F"
"357","11:12:20.702","标准帧","数据帧","CAN","0x201","发送成功","4","00 00 80 3F"
"358","11:12:20.702","标准帧","数据帧","CAN","0x0","接收成功","8","11 9F 20 84 18 16 21 1F"
"359","11:12:20.702","标准帧","数据帧","CAN","0x201","发送成功","4","00 00 80 3F"
"360","11:12:20.702","标准帧","数据帧","CAN","0x0","接收成功","8","11 9F 25 84 48 15 21 1F"
"361","11:12:20.712","标准帧","数据帧","CAN","0x201","发送成功","4","00 00 80 3F"
"362","11:12:20.712","标准帧","数据帧","CAN","0x0","接收成功","8","11 9F 29 84 38 14 21 1F"
"363","11:12:20.712","标准帧","数据帧","CAN","0x201","发送成功","4","00 00 80 3F"
"364","11:12:20.712","标准帧","数据帧","CAN","0x0","接收成功","8","11 9F 2E 84 48 13 21 1F"
"365","11:12:20.712","标准帧","数据帧","CAN","0x201","发送成功","4","00 00 80 3F"
"366","11:12:20.712","标准帧","数据帧","CAN","0x0","接收成功","8","11 9F 35 84 58 11 21 1F"
"367","11:12:20.712","标准帧","数据帧","CAN","0x201","发送成功","4","00 00 80 3F"
"368","11:12:20.712","标准帧","数据帧","CAN","0x0","接收成功","8","11 9F 3A 84 68 0F 21 1F"
"369","11:12:20.712","标准帧","数据帧","CAN","0x201","发送成功","4","00 00 80 3F"
"370","11:12:20.712","标准帧","数据帧","CAN","0x0","接收成功","8","11 9F 3E 84 68 0E 21 1F"
"371","11:12:20.712","标准帧","数据帧","CAN","0x201","发送成功","4","00 00 80 3F"
"372","11:12:20.712","标准帧","数据帧","CAN","0x0","接收成功","8","11 9F 3F 84 68 0E 21 1F"
"373","11:12:20.712","标准帧","数据帧","CAN","0x201","发送成功","4","00 00 80 3F"
"374","11:12:20.712","标准帧","数据帧","CAN","0x0","接收成功","8","11 9F 43 84 48 0F 21 1F"
"375","11:12:20.723","标准帧","数据帧","CAN","0x201","发送成功","4","00 00 80 3F"
"376","11:12:20.723","标准帧","数据帧","CAN","0x0","接收成功","8","11 9F 48 84 38 0F 21 1F"
"377","11:12:20.723","标准帧","数据帧","CAN","0x201","发送成功","4","00 00 80 3F"
"378","11:12:20.723","标准帧","数据帧","CAN","0x0","接收成功","8","11 9F 4C 84 38 10 21 1F"
"379","11:12:20.723","标准帧","数据帧","CAN","0x201","发送成功","4","00 00 80 3F"
"380","11:12:20.723","标准帧","数据帧","CAN","0x0","接收成功","8","11 9F 50 84 28 11 21 1F"
"381","11:12:20.723","标准帧","数据帧","CAN","0x201","发送成功","4","00 00 80 3F"
"382","11:12:20.723","标准帧","数据帧","CAN","0x0","接收成功","8","11 9F 51 84 28 11 21 1F"
"383","11:12:20.723","标准帧","数据帧","CAN","0x201","发送成功","4","00 00 80 3F"
"384","11:12:20.723","标准帧","数据帧","CAN","0x0","接收成功","8","11 9F 56 84 18 14 21 1F"
"385","11:12:20.723","标准帧","数据帧","CAN","0x201","发送成功","4","00 00 80 3F"
"386","11:12:20.723","标准帧","数据帧","CAN","0x0","接收成功","8","11 9F 5B 83 F8 14 21 1F"
"387","11:12:20.723","标准帧","数据帧","CAN","0x201","发送成功","4","00 00 80 3F"
"388","11:12:20.723","标准帧","数据帧","CAN","0x0","接收成功","8","11 9F 5F 84 18 16 21 1F"
"389","11:12:20.733","标准帧","数据帧","CAN","0x201","发送成功","4","00 00 80 3F"
"390","11:12:20.733","标准帧","数据帧","CAN","0x0","接收成功","8","11 9F 61 84 28 15 21 1F"
"391","11:12:20.733","标准帧","数据帧","CAN","0x201","发送成功","4","00 00 80 3F"
"392","11:12:20.733","标准帧","数据帧","CAN","0x0","接收成功","8","11 9F 65 84 28 14 21 1F"
"393","11:12:20.733","标准帧","数据帧","CAN","0x201","发送成功","4","00 00 80 3F"
"394","11:12:20.733","标准帧","数据帧","CAN","0x0","接收成功","8","11 9F 69 84 38 14 21 1F"
"395","11:12:20.733","标准帧","数据帧","CAN","0x201","发送成功","4","00 00 80 3F"
"396","11:12:20.733","标准帧","数据帧","CAN","0x0","接收成功","8","11 9F 6F 84 58 13 21 1F"
"397","11:12:20.733","标准帧","数据帧","CAN","0x201","发送成功","4","00 00 80 3F"
"398","11:12:20.733","标准帧","数据帧","CAN","0x0","接收成功","8","11 9F 71 84 58 13 21 1F"
"399","11:12:20.733","标准帧","数据帧","CAN","0x201","发送成功","4","00 00 80 3F"
"400","11:12:20.733","标准帧","数据帧","CAN","0x0","接收成功","8","11 9F 78 84 78 10 21 1F"
"401","11:12:20.744","标准帧","数据帧","CAN","0x201","发送成功","4","00 00 80 3F"
"402","11:12:20.744","标准帧","数据帧","CAN","0x0","接收成功","8","11 9F 7C 84 78 0F 21 1F"
"403","11:12:20.744","标准帧","数据帧","CAN","0x201","发送成功","4","00 00 80 3F"
"404","11:12:20.744","标准帧","数据帧","CAN","0x0","接收成功","8","11 9F 81 84 58 0F 21 1F"
"405","11:12:20.744","标准帧","数据帧","CAN","0x201","发送成功","4","00 00 80 3F"
"406","11:12:20.744","标准帧","数据帧","CAN","0x0","接收成功","8","11 9F 86 84 58 0F 21 1F"
"407","11:12:20.744","标准帧","数据帧","CAN","0x201","发送成功","4","00 00 80 3F"
"408","11:12:20.744","标准帧","数据帧","CAN","0x0","接收成功","8","11 9F 8B 84 28 10 21 1F"
"409","11:12:20.744","标准帧","数据帧","CAN","0x201","发送成功","4","00 00 80 3F"
"410","11:12:20.744","标准帧","数据帧","CAN","0x0","接收成功","8","11 9F 8D 84 28 10 21 1F"
"411","11:12:20.744","标准帧","数据帧","CAN","0x201","发送成功","4","00 00 80 3F"
"412","11:12:20.744","标准帧","数据帧","CAN","0x0","接收成功","8","11 9F 91 84 28 12 21 1F"
"413","11:12:20.744","标准帧","数据帧","CAN","0x201","发送成功","4","00 00 80 3F"
"414","11:12:20.744","标准帧","数据帧","CAN","0x0","接收成功","8","11 9F 95 84 18 13 21 1F"
"415","11:12:20.754","标准帧","数据帧","CAN","0x201","发送成功","4","00 00 80 3F"
"416","11:12:20.754","标准帧","数据帧","CAN","0x0","接收成功","8","11 9F 99 84 18 14 21 1F"
"417","11:12:20.754","标准帧","数据帧","CAN","0x201","发送成功","4","00 00 80 3F"
"418","11:12:20.754","标准帧","数据帧","CAN","0x0","接收成功","8","11 9F 9F 84 18 15 21 1F"
"419","11:12:20.754","标准帧","数据帧","CAN","0x201","发送成功","4","00 00 80 3F"
"420","11:12:20.754","标准帧","数据帧","CAN","0x0","接收成功","8","11 9F A4 84 28 15 21 1F"
"421","11:12:20.754","标准帧","数据帧","CAN","0x201","发送成功","4","00 00 80 3F"
"422","11:12:20.754","标准帧","数据帧","CAN","0x0","接收成功","8","11 9F A9 84 28 14 21 1F"
"423","11:12:20.754","标准帧","数据帧","CAN","0x201","发送成功","4","00 00 80 3F"
"424","11:12:20.754","标准帧","数据帧","CAN","0x0","接收成功","8","11 9F AD 84 38 13 21 1F"
"425","11:12:20.765","标准帧","数据帧","CAN","0x201","发送成功","4","00 00 80 3F"
"426","11:12:20.765","标准帧","数据帧","CAN","0x0","接收成功","8","11 9F B2 84 68 12 21 1F"
"427","11:12:20.765","标准帧","数据帧","CAN","0x201","发送成功","4","00 00 80 3F"
"428","11:12:20.765","标准帧","数据帧","CAN","0x0","接收成功","8","11 9F B9 84 68 10 21 1F"
"429","11:12:20.765","标准帧","数据帧","CAN","0x201","发送成功","4","00 00 80 3F"
"430","11:12:20.765","标准帧","数据帧","CAN","0x0","接收成功","8","11 9F BF 84 78 0E 21 1F"
"431","11:12:20.765","标准帧","数据帧","CAN","0x201","发送成功","4","00 00 80 3F"
"432","11:12:20.765","标准帧","数据帧","CAN","0x0","接收成功","8","11 9F C4 84 78 0D 21 1F"
"433","11:12:20.765","标准帧","数据帧","CAN","0x201","发送成功","4","00 00 80 3F"
"434","11:12:20.765","标准帧","数据帧","CAN","0x0","接收成功","8","11 9F C7 84 58 0D 21 1F"
"435","11:12:20.765","标准帧","数据帧","CAN","0x201","发送成功","4","00 00 80 3F"
"436","11:12:20.765","标准帧","数据帧","CAN","0x0","接收成功","8","11 9F CC 84 38 0F 21 1F"
"437","11:12:20.765","标准帧","数据帧","CAN","0x201","发送成功","4","00 00 80 3F"
"438","11:12:20.765","标准帧","数据帧","CAN","0x0","接收成功","8","11 9F CD 84 28 10 21 1F"
"439","11:12:20.765","标准帧","数据帧","CAN","0x201","发送成功","4","00 00 80 3F"
"440","11:12:20.775","标准帧","数据帧","CAN","0x0","接收成功","8","11 9F D1 84 38 10 21 1F"
"441","11:12:20.775","标准帧","数据帧","CAN","0x201","发送成功","4","00 00 80 3F"
"442","11:12:20.775","标准帧","数据帧","CAN","0x0","接收成功","8","11 9F D2 84 38 10 21 1F"
"443","11:12:20.775","标准帧","数据帧","CAN","0x201","发送成功","4","00 00 80 3F"
"444","11:12:20.775","标准帧","数据帧","CAN","0x0","接收成功","8","11 9F D6 84 18 11 21 1F"
"445","11:12:20.775","标准帧","数据帧","CAN","0x201","发送成功","4","00 00 80 3F"
"446","11:12:20.775","标准帧","数据帧","CAN","0x0","接收成功","8","11 9F D6 84 18 11 21 1F"
"447","11:12:20.775","标准帧","数据帧","CAN","0x201","发送成功","4","00 00 80 3F"
"448","11:12:20.775","标准帧","数据帧","CAN","0x0","接收成功","8","11 9F DB 84 18 13 21 1F"
"449","11:12:20.775","标准帧","数据帧","CAN","0x201","发送成功","4","00 00 80 3F"
"450","11:12:20.775","标准帧","数据帧","CAN","0x0","接收成功","8","11 9F E3 84 28 14 21 1F"
"451","11:12:20.797","标准帧","数据帧","CAN","0x201","发送成功","4","00 00 80 3F"
"452","11:12:20.797","标准帧","数据帧","CAN","0x0","接收成功","8","11 9F ED 84 38 13 21 1F"
"453","11:12:20.797","标准帧","数据帧","CAN","0x201","发送成功","4","00 00 80 3F"
"454","11:12:20.797","标准帧","数据帧","CAN","0x0","接收成功","8","11 9F F3 84 38 12 21 1F"
"455","11:12:20.797","标准帧","数据帧","CAN","0x201","发送成功","4","00 00 80 3F"
"456","11:12:20.797","标准帧","数据帧","CAN","0x0","接收成功","8","11 A0 1A 84 28 13 21 1F"
"457","11:12:20.797","标准帧","数据帧","CAN","0x201","发送成功","4","00 00 80 3F"
"458","11:12:20.797","标准帧","数据帧","CAN","0x0","接收成功","8","11 A0 20 84 28 13 21 1F"
"459","11:12:20.808","标准帧","数据帧","CAN","0x201","发送成功","4","00 00 80 3F"
"460","11:12:20.808","标准帧","数据帧","CAN","0x0","接收成功","8","11 A0 22 84 28 13 21 1F"
"461","11:12:20.808","标准帧","数据帧","CAN","0x201","发送成功","4","00 00 80 3F"
"462","11:12:20.808","标准帧","数据帧","CAN","0x0","接收成功","8","11 A0 27 84 28 13 21 1F"
"463","11:12:20.808","标准帧","数据帧","CAN","0x201","发送成功","4","00 00 80 3F"
"464","11:12:20.808","标准帧","数据帧","CAN","0x0","接收成功","8","11 A0 2B 84 38 13 21 1F"
"465","11:12:20.808","标准帧","数据帧","CAN","0x201","发送成功","4","00 00 80 3F"
"466","11:12:20.808","标准帧","数据帧","CAN","0x0","接收成功","8","11 A0 2F 84 48 12 21 1F"
"467","11:12:20.808","标准帧","数据帧","CAN","0x201","发送成功","4","00 00 80 3F"
"468","11:12:20.808","标准帧","数据帧","CAN","0x0","接收成功","8","11 A0 35 84 48 11 21 1F"
"469","11:12:20.808","标准帧","数据帧","CAN","0x201","发送成功","4","00 00 80 3F"
"470","11:12:20.808","标准帧","数据帧","CAN","0x0","接收成功","8","11 A0 35 84 48 11 21 1F"
"471","11:12:20.808","标准帧","数据帧","CAN","0x201","发送成功","4","00 00 80 3F"
"472","11:12:20.808","标准帧","数据帧","CAN","0x0","接收成功","8","11 A0 3C 84 58 10 21 1F"
"473","11:12:20.819","标准帧","数据帧","CAN","0x201","发送成功","4","00 00 80 3F"
"474","11:12:20.819","标准帧","数据帧","CAN","0x0","接收成功","8","11 A0 41 84 48 10 21 1F"
"475","11:12:20.819","标准帧","数据帧","CAN","0x201","发送成功","4","00 00 80 3F"
"476","11:12:20.819","标准帧","数据帧","CAN","0x0","接收成功","8","11 A0 45 84 48 10 21 1F"
"477","11:12:20.819","标准帧","数据帧","CAN","0x201","发送成功","4","00 00 80 3F"
"478","11:12:20.819","标准帧","数据帧","CAN","0x0","接收成功","8","11 A0 46 84 58 10 21 1F"
"479","11:12:20.819","标准帧","数据帧","CAN","0x201","发送成功","4","00 00 80 3F"
"480","11:12:20.819","标准帧","数据帧","CAN","0x0","接收成功","8","11 A0 4B 84 58 0F 21 1F"
"481","11:12:20.819","标准帧","数据帧","CAN","0x201","发送成功","4","00 00 80 3F"
"482","11:12:20.819","标准帧","数据帧","CAN","0x0","接收成功","8","11 A0 51 84 48 10 21 1F"
"483","11:12:20.819","标准帧","数据帧","CAN","0x201","发送成功","4","00 00 80 3F"
"484","11:12:20.819","标准帧","数据帧","CAN","0x0","接收成功","8","11 A0 56 84 38 11 21 1F"
"485","11:12:20.830","标准帧","数据帧","CAN","0x201","发送成功","4","00 00 80 3F"
"486","11:12:20.830","标准帧","数据帧","CAN","0x0","接收成功","8","11 A0 5A 84 38 12 21 1F"
"487","11:12:20.830","标准帧","数据帧","CAN","0x201","发送成功","4","00 00 80 3F"
"488","11:12:20.830","标准帧","数据帧","CAN","0x0","接收成功","8","11 A0 60 84 48 11 21 1F"
"489","11:12:20.830","标准帧","数据帧","CAN","0x201","发送成功","4","00 00 80 3F"
"490","11:12:20.830","标准帧","数据帧","CAN","0x0","接收成功","8","11 A0 65 84 38 12 21 1F"
"491","11:12:20.830","标准帧","数据帧","CAN","0x201","发送成功","4","00 00 80 3F"
"492","11:12:20.830","标准帧","数据帧","CAN","0x0","接收成功","8","11 A0 6A 84 28 13 21 1F"
"493","11:12:20.830","标准帧","数据帧","CAN","0x201","发送成功","4","00 00 80 3F"
"494","11:12:20.830","标准帧","数据帧","CAN","0x0","接收成功","8","11 A0 70 84 28 14 21 1F"
"495","11:12:20.830","标准帧","数据帧","CAN","0x201","发送成功","4","00 00 80 3F"
"496","11:12:20.830","标准帧","数据帧","CAN","0x0","接收成功","8","11 A0 73 84 28 14 21 1F"
"497","11:12:20.841","标准帧","数据帧","CAN","0x201","发送成功","4","00 00 80 3F"
"498","11:12:20.841","标准帧","数据帧","CAN","0x0","接收成功","8","11 A0 75 84 28 13 21 1F"
"499","11:12:20.841","标准帧","数据帧","CAN","0x201","发送成功","4","00 00 80 3F"
"500","11:12:20.841","标准帧","数据帧","CAN","0x0","接收成功","8","11 A0 7A 84 18 14 21 1F"
"501","11:12:20.841","标准帧","数据帧","CAN","0x201","发送成功","4","00 00 80 3F"
"502","11:12:20.841","标准帧","数据帧","CAN","0x0","接收成功","8","11 A0 7E 84 48 14 21 1F"
"503","11:12:20.841","标准帧","数据帧","CAN","0x201","发送成功","4","00 00 80 3F"
"504","11:12:20.841","标准帧","数据帧","CAN","0x0","接收成功","8","11 A0 82 84 48 12 21 1F"
"505","11:12:20.841","标准帧","数据帧","CAN","0x201","发送成功","4","00 00 80 3F"
"506","11:12:20.841","标准帧","数据帧","CAN","0x0","接收成功","8","11 A0 87 84 38 11 21 1F"
"507","11:12:20.841","标准帧","数据帧","CAN","0x201","发送成功","4","00 00 80 3F"
"508","11:12:20.841","标准帧","数据帧","CAN","0x0","接收成功","8","11 A0 8B 84 58 11 21 1F"
"509","11:12:20.841","标准帧","数据帧","CAN","0x201","发送成功","4","00 00 80 3F"
"510","11:12:20.841","标准帧","数据帧","CAN","0x0","接收成功","8","11 A0 8C 84 58 11 21 1F"
"511","11:12:20.851","标准帧","数据帧","CAN","0x201","发送成功","4","00 00 80 3F"
"512","11:12:20.851","标准帧","数据帧","CAN","0x0","接收成功","8","11 A0 92 84 58 10 21 1F"
"513","11:12:20.851","标准帧","数据帧","CAN","0x201","发送成功","4","00 00 80 3F"
"514","11:12:20.851","标准帧","数据帧","CAN","0x0","接收成功","8","11 A0 96 84 58 0F 21 1F"
"515","11:12:20.851","标准帧","数据帧","CAN","0x201","发送成功","4","00 00 80 3F"
"516","11:12:20.851","标准帧","数据帧","CAN","0x0","接收成功","8","11 A0 9A 84 48 0E 21 1F"
"517","11:12:20.851","标准帧","数据帧","CAN","0x201","发送成功","4","00 00 80 3F"
"518","11:12:20.851","标准帧","数据帧","CAN","0x0","接收成功","8","11 A0 9E 84 48 0F 21 1F"
"519","11:12:20.851","标准帧","数据帧","CAN","0x201","发送成功","4","00 00 80 3F"
"520","11:12:20.851","标准帧","数据帧","CAN","0x0","接收成功","8","11 A0 A2 84 48 0F 21 1F"
"521","11:12:20.851","标准帧","数据帧","CAN","0x201","发送成功","4","00 00 80 3F"
"522","11:12:20.851","标准帧","数据帧","CAN","0x0","接收成功","8","11 A0 A8 84 38 10 21 1F"
"523","11:12:20.851","标准帧","数据帧","CAN","0x201","发送成功","4","00 00 80 3F"
"524","11:12:20.862","标准帧","数据帧","CAN","0x0","接收成功","8","11 A0 AC 84 18 11 21 1F"
"525","11:12:20.862","标准帧","数据帧","CAN","0x201","发送成功","4","00 00 80 3F"
"526","11:12:20.862","标准帧","数据帧","CAN","0x0","接收成功","8","11 A0 AC 84 18 11 21 1F"
"527","11:12:20.862","标准帧","数据帧","CAN","0x201","发送成功","4","00 00 80 3F"
"528","11:12:20.862","标准帧","数据帧","CAN","0x0","接收成功","8","11 A0 B0 84 18 12 21 1F"
"529","11:12:20.862","标准帧","数据帧","CAN","0x201","发送成功","4","00 00 80 3F"
"530","11:12:20.862","标准帧","数据帧","CAN","0x0","接收成功","8","11 A0 B4 84 18 13 21 1F"
"531","11:12:20.862","标准帧","数据帧","CAN","0x201","发送成功","4","00 00 80 3F"
"532","11:12:20.862","标准帧","数据帧","CAN","0x0","接收成功","8","11 A0 B8 84 08 14 21 1F"
"533","11:12:20.862","标准帧","数据帧","CAN","0x201","发送成功","4","00 00 80 3F"
"534","11:12:20.862","标准帧","数据帧","CAN","0x0","接收成功","8","11 A0 BD 84 18 15 21 1F"
"535","11:12:20.862","标准帧","数据帧","CAN","0x201","发送成功","4","00 00 80 3F"
"536","11:12:20.862","标准帧","数据帧","CAN","0x0","接收成功","8","11 A0 C2 84 38 15 21 1F"
"537","11:12:20.862","标准帧","数据帧","CAN","0x201","发送成功","4","00 00 80 3F"
"538","11:12:20.862","标准帧","数据帧","CAN","0x0","接收成功","8","11 A0 C6 84 38 13 21 1F"
"539","11:12:20.872","标准帧","数据帧","CAN","0x201","发送成功","4","00 00 80 3F"
"540","11:12:20.872","标准帧","数据帧","CAN","0x0","接收成功","8","11 A0 CA 84 48 13 21 1F"
"541","11:12:20.872","标准帧","数据帧","CAN","0x201","发送成功","4","00 00 80 3F"
"542","11:12:20.872","标准帧","数据帧","CAN","0x0","接收成功","8","11 A0 CE 84 58 11 21 1F"
"543","11:12:20.872","标准帧","数据帧","CAN","0x201","发送成功","4","00 00 80 3F"
"544","11:12:20.872","标准帧","数据帧","CAN","0x0","接收成功","8","11 A0 D4 84 78 10 21 1F"
"545","11:12:20.872","标准帧","数据帧","CAN","0x201","发送成功","4","00 00 80 3F"
"546","11:12:20.872","标准帧","数据帧","CAN","0x0","接收成功","8","11 A0 D7 84 68 0F 21 1F"
"547","11:12:20.872","标准帧","数据帧","CAN","0x201","发送成功","4","00 00 80 3F"
"548","11:12:20.872","标准帧","数据帧","CAN","0x0","接收成功","8","11 A0 D8 84 68 0F 21 1F"
"549","11:12:20.872","标准帧","数据帧","CAN","0x201","发送成功","4","00 00 80 3F"
"550","11:12:20.872","标准帧","数据帧","CAN","0x0","接收成功","8","11 A0 DE 84 48 0F 21 1F"
"551","11:12:20.872","标准帧","数据帧","CAN","0x201","发送成功","4","00 00 80 3F"
"552","11:12:20.872","标准帧","数据帧","CAN","0x0","接收成功","8","11 A0 E2 84 58 0F 21 1F"
"553","11:12:20.894","标准帧","数据帧","CAN","0x201","发送成功","4","00 00 80 3F"
"554","11:12:20.894","标准帧","数据帧","CAN","0x0","接收成功","8","11 A0 E7 84 38 10 21 1F"
"555","11:12:20.894","标准帧","数据帧","CAN","0x201","发送成功","4","00 00 80 3F"
"556","11:12:20.894","标准帧","数据帧","CAN","0x0","接收成功","8","11 A0 F0 84 18 13 21 1F"
"557","11:12:20.894","标准帧","数据帧","CAN","0x201","发送成功","4","00 00 80 3F"
"558","11:12:20.894","标准帧","数据帧","CAN","0x0","接收成功","8","11 A0 F4 84 08 14 21 1F"
"559","11:12:20.894","标准帧","数据帧","CAN","0x201","发送成功","4","00 00 80 3F"
"560","11:12:20.894","标准帧","数据帧","CAN","0x0","接收成功","8","11 A1 17 84 78 0E 21 1F"
"561","11:12:20.894","标准帧","数据帧","CAN","0x201","发送成功","4","00 00 80 3F"
"562","11:12:20.905","标准帧","数据帧","CAN","0x0","接收成功","8","11 A1 1B 84 68 0D 21 1F"
"563","11:12:20.905","标准帧","数据帧","CAN","0x201","发送成功","4","00 00 80 3F"
"564","11:12:20.905","标准帧","数据帧","CAN","0x0","接收成功","8","11 A1 1C 84 68 0D 21 1F"
"565","11:12:20.905","标准帧","数据帧","CAN","0x201","发送成功","4","00 00 80 3F"
"566","11:12:20.905","标准帧","数据帧","CAN","0x0","接收成功","8","11 A1 20 84 48 0E 21 1F"
"567","11:12:20.905","标准帧","数据帧","CAN","0x201","发送成功","4","00 00 80 3F"
"568","11:12:20.905","标准帧","数据帧","CAN","0x0","接收成功","8","11 A1 23 84 48 0E 21 1F"
"569","11:12:20.905","标准帧","数据帧","CAN","0x201","发送成功","4","00 00 80 3F"
"570","11:12:20.905","标准帧","数据帧","CAN","0x0","接收成功","8","11 A1 26 84 38 0F 21 1F"
"571","11:12:20.905","标准帧","数据帧","CAN","0x201","发送成功","4","00 00 80 3F"
"572","11:12:20.905","标准帧","数据帧","CAN","0x0","接收成功","8","11 A1 2B 84 18 10 21 1F"
"573","11:12:20.905","标准帧","数据帧","CAN","0x201","发送成功","4","00 00 80 3F"
"574","11:12:20.905","标准帧","数据帧","CAN","0x0","接收成功","8","11 A1 2F 84 18 13 21 1F"
"575","11:12:20.905","标准帧","数据帧","CAN","0x201","发送成功","4","00 00 80 3F"
"576","11:12:20.905","标准帧","数据帧","CAN","0x0","接收成功","8","11 A1 30 84 18 13 21 1F"
"577","11:12:20.905","标准帧","数据帧","CAN","0x201","发送成功","4","00 00 80 3F"
"578","11:12:20.905","标准帧","数据帧","CAN","0x0","接收成功","8","11 A1 33 84 08 13 21 1F"
"579","11:12:20.905","标准帧","数据帧","CAN","0x201","发送成功","4","00 00 80 3F"
"580","11:12:20.915","标准帧","数据帧","CAN","0x0","接收成功","8","11 A1 37 84 08 14 21 1F"
"581","11:12:20.915","标准帧","数据帧","CAN","0x201","发送成功","4","00 00 80 3F"
"582","11:12:20.915","标准帧","数据帧","CAN","0x0","接收成功","8","11 A1 37 84 08 14 21 1F"
"583","11:12:20.915","标准帧","数据帧","CAN","0x201","发送成功","4","00 00 80 3F"
"584","11:12:20.915","标准帧","数据帧","CAN","0x0","接收成功","8","11 A1 3C 84 18 15 21 1F"
"585","11:12:20.915","标准帧","数据帧","CAN","0x201","发送成功","4","00 00 80 3F"
"586","11:12:20.915","标准帧","数据帧","CAN","0x0","接收成功","8","11 A1 41 84 38 14 21 1F"
"587","11:12:20.915","标准帧","数据帧","CAN","0x201","发送成功","4","00 00 80 3F"
"588","11:12:20.915","标准帧","数据帧","CAN","0x0","接收成功","8","11 A1 44 84 38 14 21 1F"
"589","11:12:20.915","标准帧","数据帧","CAN","0x201","发送成功","4","00 00 80 3F"
"590","11:12:20.915","标准帧","数据帧","CAN","0x0","接收成功","8","11 A1 48 84 48 13 21 1F"
"591","11:12:20.915","标准帧","数据帧","CAN","0x201","发送成功","4","00 00 80 3F"
"592","11:12:20.915","标准帧","数据帧","CAN","0x0","接收成功","8","11 A1 4D 84 58 11 21 1F"
"593","11:12:20.915","标准帧","数据帧","CAN","0x201","发送成功","4","00 00 80 3F"
"594","11:12:20.915","标准帧","数据帧","CAN","0x201","发送成功","4","00 00 80 3F"
"595","11:12:20.915","标准帧","数据帧","CAN","0x0","接收成功","8","11 A1 51 84 78 11 21 1F"
"596","11:12:20.915","标准帧","数据帧","CAN","0x0","接收成功","8","11 A1 51 84 68 10 21 1F"
"597","11:12:20.925","标准帧","数据帧","CAN","0x201","发送成功","4","00 00 80 3F"
"598","11:12:20.925","标准帧","数据帧","CAN","0x0","接收成功","8","11 A1 57 84 68 0F 21 1F"
"599","11:12:20.925","标准帧","数据帧","CAN","0x201","发送成功","4","00 00 80 3F"
"600","11:12:20.925","标准帧","数据帧","CAN","0x0","接收成功","8","11 A1 5B 84 68 0F 21 1F"
"601","11:12:20.925","标准帧","数据帧","CAN","0x201","发送成功","4","00 00 80 3F"
"602","11:12:20.925","标准帧","数据帧","CAN","0x0","接收成功","8","11 A1 5C 84 68 0F 21 1F"
"603","11:12:20.925","标准帧","数据帧","CAN","0x201","发送成功","4","00 00 80 3F"
"604","11:12:20.925","标准帧","数据帧","CAN","0x0","接收成功","8","11 A1 5F 84 68 0E 21 1F"
"605","11:12:20.925","标准帧","数据帧","CAN","0x201","发送成功","4","00 00 80 3F"
"606","11:12:20.925","标准帧","数据帧","CAN","0x0","接收成功","8","11 A1 63 84 58 0E 21 1F"
"607","11:12:20.925","标准帧","数据帧","CAN","0x201","发送成功","4","00 00 80 3F"
"608","11:12:20.925","标准帧","数据帧","CAN","0x0","接收成功","8","11 A1 67 84 18 10 21 1F"
"609","11:12:20.925","标准帧","数据帧","CAN","0x201","发送成功","4","00 00 80 3F"
"610","11:12:20.925","标准帧","数据帧","CAN","0x0","接收成功","8","11 A1 68 84 18 10 21 1F"
"611","11:12:20.925","标准帧","数据帧","CAN","0x201","发送成功","4","00 00 80 3F"
"612","11:12:20.925","标准帧","数据帧","CAN","0x0","接收成功","8","11 A1 6C 84 28 11 21 1F"
"613","11:12:20.936","标准帧","数据帧","CAN","0x201","发送成功","4","00 00 80 3F"
"614","11:12:20.936","标准帧","数据帧","CAN","0x0","接收成功","8","11 A1 70 84 28 11 21 1F"
"615","11:12:20.936","标准帧","数据帧","CAN","0x201","发送成功","4","00 00 80 3F"
"616","11:12:20.936","标准帧","数据帧","CAN","0x0","接收成功","8","11 A1 73 84 28 12 21 1F"
"617","11:12:20.936","标准帧","数据帧","CAN","0x201","发送成功","4","00 00 80 3F"
"618","11:12:20.936","标准帧","数据帧","CAN","0x201","发送成功","4","00 00 80 3F"
"619","11:12:20.936","标准帧","数据帧","CAN","0x0","接收成功","8","11 A1 76 84 08 12 21 1F"
"620","11:12:20.936","标准帧","数据帧","CAN","0x0","接收成功","8","11 A1 76 84 08 12 21 1F"
"621","11:12:20.936","标准帧","数据帧","CAN","0x201","发送成功","4","00 00 80 3F"
"622","11:12:20.936","标准帧","数据帧","CAN","0x0","接收成功","8","11 A1 7A 84 28 14 21 1F"
"623","11:12:20.936","标准帧","数据帧","CAN","0x201","发送成功","4","00 00 80 3F"
"624","11:12:20.936","标准帧","数据帧","CAN","0x0","接收成功","8","11 A1 7E 84 28 14 21 1F"
"625","11:12:20.936","标准帧","数据帧","CAN","0x201","发送成功","4","00 00 80 3F"
"626","11:12:20.936","标准帧","数据帧","CAN","0x0","接收成功","8","11 A1 83 84 18 14 21 1F"
"627","11:12:20.936","标准帧","数据帧","CAN","0x201","发送成功","4","00 00 80 3F"
"628","11:12:20.936","标准帧","数据帧","CAN","0x0","接收成功","8","11 A1 87 84 28 14 21 1F"
"629","11:12:20.947","标准帧","数据帧","CAN","0x201","发送成功","4","00 00 80 3F"
"630","11:12:20.947","标准帧","数据帧","CAN","0x0","接收成功","8","11 A1 8A 84 48 12 21 1F"
"631","11:12:20.947","标准帧","数据帧","CAN","0x201","发送成功","4","00 00 80 3F"
"632","11:12:20.947","标准帧","数据帧","CAN","0x0","接收成功","8","11 A1 8E 84 58 11 21 1F"
"633","11:12:20.947","标准帧","数据帧","CAN","0x201","发送成功","4","00 00 80 3F"
"634","11:12:20.947","标准帧","数据帧","CAN","0x0","接收成功","8","11 A1 91 84 58 11 21 1F"
"635","11:12:20.947","标准帧","数据帧","CAN","0x201","发送成功","4","00 00 80 3F"
"636","11:12:20.947","标准帧","数据帧","CAN","0x0","接收成功","8","11 A1 96 84 58 10 21 1F"
"637","11:12:20.947","标准帧","数据帧","CAN","0x201","发送成功","4","00 00 80 3F"
"638","11:12:20.947","标准帧","数据帧","CAN","0x0","接收成功","8","11 A1 9A 84 58 0F 21 1F"
"639","11:12:20.947","标准帧","数据帧","CAN","0x201","发送成功","4","00 00 80 3F"
"640","11:12:20.947","标准帧","数据帧","CAN","0x0","接收成功","8","11 A1 9B 84 58 0E 21 1F"
"641","11:12:20.947","标准帧","数据帧","CAN","0x201","发送成功","4","00 00 80 3F"
"642","11:12:20.947","标准帧","数据帧","CAN","0x0","接收成功","8","11 A1 A0 84 48 0E 21 1F"
"643","11:12:20.947","标准帧","数据帧","CAN","0x201","发送成功","4","00 00 80 3F"
"644","11:12:20.947","标准帧","数据帧","CAN","0x0","接收成功","8","11 A1 A3 84 58 0F 21 1F"
"645","11:12:20.958","标准帧","数据帧","CAN","0x201","发送成功","4","00 00 80 3F"
"646","11:12:20.958","标准帧","数据帧","CAN","0x0","接收成功","8","11 A1 A8 84 38 0F 21 1F"
"647","11:12:20.958","标准帧","数据帧","CAN","0x201","发送成功","4","00 00 80 3F"
"648","11:12:20.958","标准帧","数据帧","CAN","0x0","接收成功","8","11 A1 AC 84 28 11 21 1F"
"649","11:12:20.958","标准帧","数据帧","CAN","0x201","发送成功","4","00 00 80 3F"
"650","11:12:20.958","标准帧","数据帧","CAN","0x0","接收成功","8","11 A1 B0 84 38 11 21 1F"
"651","11:12:20.958","标准帧","数据帧","CAN","0x201","发送成功","4","00 00 80 3F"
"652","11:12:20.958","标准帧","数据帧","CAN","0x0","接收成功","8","11 A1 B3 84 28 11 21 1F"
"653","11:12:20.958","标准帧","数据帧","CAN","0x201","发送成功","4","00 00 80 3F"
"654","11:12:20.958","标准帧","数据帧","CAN","0x0","接收成功","8","11 A1 B6 84 38 12 21 1F"
"655","11:12:20.958","标准帧","数据帧","CAN","0x201","发送成功","4","00 00 80 3F"
"656","11:12:20.958","标准帧","数据帧","CAN","0x0","接收成功","8","11 A1 B7 84 38 12 21 1F"
"657","11:12:20.958","标准帧","数据帧","CAN","0x201","发送成功","4","00 00 80 3F"
"658","11:12:20.958","标准帧","数据帧","CAN","0x0","接收成功","8","11 A1 BC 84 28 12 21 1F"
"659","11:12:20.969","标准帧","数据帧","CAN","0x201","发送成功","4","00 00 80 3F"
"660","11:12:20.969","标准帧","数据帧","CAN","0x0","接收成功","8","11 A1 BF 84 18 12 21 1F"
"661","11:12:20.969","标准帧","数据帧","CAN","0x201","发送成功","4","00 00 80 3F"
"662","11:12:20.969","标准帧","数据帧","CAN","0x0","接收成功","8","11 A1 C4 84 28 13 21 1F"
"663","11:12:20.969","标准帧","数据帧","CAN","0x201","发送成功","4","00 00 80 3F"
"664","11:12:20.969","标准帧","数据帧","CAN","0x0","接收成功","8","11 A1 C8 84 38 13 21 1F"
"665","11:12:20.969","标准帧","数据帧","CAN","0x201","发送成功","4","00 00 80 3F"
"666","11:12:20.969","标准帧","数据帧","CAN","0x0","接收成功","8","11 A1 CB 84 38 13 21 1F"
"667","11:12:20.969","标准帧","数据帧","CAN","0x201","发送成功","4","00 00 80 3F"
"668","11:12:20.969","标准帧","数据帧","CAN","0x0","接收成功","8","11 A1 CF 84 58 12 21 1F"
"669","11:12:20.969","标准帧","数据帧","CAN","0x201","发送成功","4","00 00 80 3F"
"670","11:12:20.969","标准帧","数据帧","CAN","0x0","接收成功","8","11 A1 D2 84 48 11 21 1F"
"671","11:12:20.969","标准帧","数据帧","CAN","0x201","发送成功","4","00 00 80 3F"
"672","11:12:20.969","标准帧","数据帧","CAN","0x0","接收成功","8","11 A1 D7 84 48 11 21 1F"
"673","11:12:20.980","标准帧","数据帧","CAN","0x201","发送成功","4","00 00 80 3F"
"674","11:12:20.980","标准帧","数据帧","CAN","0x0","接收成功","8","11 A1 DD 84 48 11 21 1F"
"675","11:12:20.980","标准帧","数据帧","CAN","0x201","发送成功","4","00 00 80 3F"
"676","11:12:20.980","标准帧","数据帧","CAN","0x0","接收成功","8","11 A1 E1 84 58 11 21 1F"
"677","11:12:20.980","标准帧","数据帧","CAN","0x201","发送成功","4","00 00 80 3F"
"678","11:12:20.980","标准帧","数据帧","CAN","0x0","接收成功","8","11 A1 E5 84 58 10 21 1F"
"679","11:12:20.980","标准帧","数据帧","CAN","0x201","发送成功","4","00 00 80 3F"
"680","11:12:20.980","标准帧","数据帧","CAN","0x0","接收成功","8","11 A1 E9 84 48 10 21 1F"
"681","11:12:20.980","标准帧","数据帧","CAN","0x201","发送成功","4","00 00 80 3F"
"682","11:12:20.980","标准帧","数据帧","CAN","0x0","接收成功","8","11 A1 EC 84 28 11 21 1F"
"683","11:12:20.980","标准帧","数据帧","CAN","0x201","发送成功","4","00 00 80 3F"
"684","11:12:20.980","标准帧","数据帧","CAN","0x0","接收成功","8","11 A1 EF 84 38 12 21 1F"
"685","11:12:20.991","标准帧","数据帧","CAN","0x201","发送成功","4","00 00 80 3F"
"686","11:12:20.991","标准帧","数据帧","CAN","0x0","接收成功","8","11 A1 FA 84 28 12 21 1F"
"687","11:12:20.991","标准帧","数据帧","CAN","0x201","发送成功","4","00 00 80 3F"
"688","11:12:20.991","标准帧","数据帧","CAN","0x0","接收成功","8","11 A1 FF 84 38 11 21 1F"
"689","11:12:21.002","标准帧","数据帧","CAN","0x201","发送成功","4","00 00 80 3F"
"690","11:12:21.002","标准帧","数据帧","CAN","0x0","接收成功","8","11 A2 00 84 38 11 21 1F"
"691","11:12:21.002","标准帧","数据帧","CAN","0x201","发送成功","4","00 00 80 3F"
"692","11:12:21.002","标准帧","数据帧","CAN","0x0","接收成功","8","11 A2 26 84 48 11 21 1F"
"693","11:12:21.012","标准帧","数据帧","CAN","0x201","发送成功","4","00 00 80 3F"
"694","11:12:21.012","标准帧","数据帧","CAN","0x0","接收成功","8","11 A2 2B 84 58 10 21 1F"
"695","11:12:21.012","标准帧","数据帧","CAN","0x201","发送成功","4","00 00 80 3F"
"696","11:12:21.012","标准帧","数据帧","CAN","0x0","接收成功","8","11 A2 34 84 48 10 21 1F"
"697","11:12:21.012","标准帧","数据帧","CAN","0x201","发送成功","4","00 00 80 3F"
"698","11:12:21.012","标准帧","数据帧","CAN","0x0","接收成功","8","11 A2 36 84 58 0F 21 1F"
"699","11:12:21.012","标准帧","数据帧","CAN","0x201","发送成功","4","00 00 80 3F"
"700","11:12:21.012","标准帧","数据帧","CAN","0x0","接收成功","8","11 A2 3C 84 38 0F 21 1F"
"701","11:12:21.012","标准帧","数据帧","CAN","0x201","发送成功","4","00 00 80 3F"
"702","11:12:21.012","标准帧","数据帧","CAN","0x0","接收成功","8","11 A2 3D 84 48 0F 21 1F"
"703","11:12:21.012","标准帧","数据帧","CAN","0x201","发送成功","4","00 00 80 3F"
"704","11:12:21.012","标准帧","数据帧","CAN","0x0","接收成功","8","11 A2 42 84 38 10 21 1F"
"705","11:12:21.023","标准帧","数据帧","CAN","0x201","发送成功","4","00 00 80 3F"
"706","11:12:21.023","标准帧","数据帧","CAN","0x0","接收成功","8","11 A2 4C 84 28 12 21 1F"
"707","11:12:21.023","标准帧","数据帧","CAN","0x201","发送成功","4","00 00 80 3F"
"708","11:12:21.023","标准帧","数据帧","CAN","0x0","接收成功","8","11 A2 51 84 08 14 21 1F"
"709","11:12:21.023","标准帧","数据帧","CAN","0x201","发送成功","4","00 00 80 3F"
"710","11:12:21.023","标准帧","数据帧","CAN","0x0","接收成功","8","11 A2 53 84 08 14 21 1F"
"711","11:12:21.023","标准帧","数据帧","CAN","0x201","发送成功","4","00 00 80 3F"
"712","11:12:21.023","标准帧","数据帧","CAN","0x0","接收成功","8","11 A2 56 84 28 15 21 1F"
"713","11:12:21.023","标准帧","数据帧","CAN","0x201","发送成功","4","00 00 80 3F"
"714","11:12:21.023","标准帧","数据帧","CAN","0x0","接收成功","8","11 A2 58 84 08 14 21 1F"
"715","11:12:21.023","标准帧","数据帧","CAN","0x201","发送成功","4","00 00 80 3F"
"716","11:12:21.023","标准帧","数据帧","CAN","0x0","接收成功","8","11 A2 5E 84 38 14 21 1F"
"717","11:12:21.023","标准帧","数据帧","CAN","0x201","发送成功","4","00 00 80 3F"
"718","11:12:21.023","标准帧","数据帧","CAN","0x0","接收成功","8","11 A2 5F 84 38 14 21 1F"
"719","11:12:21.034","标准帧","数据帧","CAN","0x201","发送成功","4","00 00 80 3F"
"720","11:12:21.034","标准帧","数据帧","CAN","0x0","接收成功","8","11 A2 64 84 58 12 21 1F"
"721","11:12:21.034","标准帧","数据帧","CAN","0x201","发送成功","4","00 00 80 3F"
"722","11:12:21.034","标准帧","数据帧","CAN","0x0","接收成功","8","11 A2 6B 84 68 11 21 1F"
"723","11:12:21.034","标准帧","数据帧","CAN","0x201","发送成功","4","00 00 80 3F"
"724","11:12:21.034","标准帧","数据帧","CAN","0x0","接收成功","8","11 A2 71 84 58 0F 21 1F"
"725","11:12:21.034","标准帧","数据帧","CAN","0x201","发送成功","4","00 00 80 3F"
"726","11:12:21.034","标准帧","数据帧","CAN","0x0","接收成功","8","11 A2 76 84 58 0F 21 1F"
"727","11:12:21.034","标准帧","数据帧","CAN","0x201","发送成功","4","00 00 80 3F"
"728","11:12:21.034","标准帧","数据帧","CAN","0x0","接收成功","8","11 A2 7C 84 38 0F 21 1F"
"729","11:12:21.045","标准帧","数据帧","CAN","0x201","发送成功","4","00 00 80 3F"
"730","11:12:21.045","标准帧","数据帧","CAN","0x0","接收成功","8","11 A2 7F 84 48 0F 21 1F"
"731","11:12:21.045","标准帧","数据帧","CAN","0x201","发送成功","4","00 00 80 3F"
"732","11:12:21.045","标准帧","数据帧","CAN","0x0","接收成功","8","11 A2 85 84 38 0F 21 1F"
"733","11:12:21.045","标准帧","数据帧","CAN","0x201","发送成功","4","00 00 80 3F"
"734","11:12:21.045","标准帧","数据帧","CAN","0x0","接收成功","8","11 A2 87 84 28 10 21 1F"
"735","11:12:21.045","标准帧","数据帧","CAN","0x201","发送成功","4","00 00 80 3F"
"736","11:12:21.045","标准帧","数据帧","CAN","0x0","接收成功","8","11 A2 8B 84 28 12 21 1F"
"737","11:12:21.045","标准帧","数据帧","CAN","0x201","发送成功","4","00 00 80 3F"
"738","11:12:21.045","标准帧","数据帧","CAN","0x0","接收成功","8","11 A2 92 84 18 13 21 1F"
"739","11:12:21.055","标准帧","数据帧","CAN","0x201","发送成功","4","00 00 80 3F"
"740","11:12:21.055","标准帧","数据帧","CAN","0x0","接收成功","8","11 A2 99 84 28 14 21 1F"
"741","11:12:21.055","标准帧","数据帧","CAN","0x201","发送成功","4","00 00 80 3F"
"742","11:12:21.055","标准帧","数据帧","CAN","0x0","接收成功","8","11 A2 A0 84 18 14 21 1F"
"743","11:12:21.055","标准帧","数据帧","CAN","0x201","发送成功","4","00 00 80 3F"
"744","11:12:21.055","标准帧","数据帧","CAN","0x0","接收成功","8","11 A2 A8 84 58 11 21 1F"
"745","11:12:21.055","标准帧","数据帧","CAN","0x201","发送成功","4","00 00 80 3F"
"746","11:12:21.055","标准帧","数据帧","CAN","0x0","接收成功","8","11 A2 AC 84 58 10 21 1F"
"747","11:12:21.055","标准帧","数据帧","CAN","0x201","发送成功","4","00 00 80 3F"
"748","11:12:21.055","标准帧","数据帧","CAN","0x0","接收成功","8","11 A2 AD 84 58 10 21 1F"
"749","11:12:21.055","标准帧","数据帧","CAN","0x201","发送成功","4","00 00 80 3F"
"750","11:12:21.055","标准帧","数据帧","CAN","0x0","接收成功","8","11 A2 B2 84 68 0F 21 1F"
"751","11:12:21.066","标准帧","数据帧","CAN","0x201","发送成功","4","00 00 80 3F"
"752","11:12:21.066","标准帧","数据帧","CAN","0x0","接收成功","8","11 A2 B6 84 78 0E 21 1F"
"753","11:12:21.066","标准帧","数据帧","CAN","0x201","发送成功","4","00 00 80 3F"
"754","11:12:21.066","标准帧","数据帧","CAN","0x0","接收成功","8","11 A2 BD 84 48 0E 21 1F"
"755","11:12:21.066","标准帧","数据帧","CAN","0x201","发送成功","4","00 00 80 3F"
"756","11:12:21.066","标准帧","数据帧","CAN","0x0","接收成功","8","11 A2 C1 84 28 0F 21 1F"
"757","11:12:21.066","标准帧","数据帧","CAN","0x201","发送成功","4","00 00 80 3F"
"758","11:12:21.066","标准帧","数据帧","CAN","0x0","接收成功","8","11 A2 C7 84 28 10 21 1F"
"759","11:12:21.066","标准帧","数据帧","CAN","0x201","发送成功","4","00 00 80 3F"
"760","11:12:21.066","标准帧","数据帧","CAN","0x0","接收成功","8","11 A2 C9 84 28 11 21 1F"
"761","11:12:21.066","标准帧","数据帧","CAN","0x201","发送成功","4","00 00 80 3F"
"762","11:12:21.066","标准帧","数据帧","CAN","0x0","接收成功","8","11 A2 CE 84 28 12 21 1F"
"763","11:12:21.066","标准帧","数据帧","CAN","0x201","发送成功","4","00 00 80 3F"
"764","11:12:21.066","标准帧","数据帧","CAN","0x0","接收成功","8","11 A2 D0 84 28 13 21 1F"
"765","11:12:21.066","标准帧","数据帧","CAN","0x201","发送成功","4","00 00 80 3F"
"766","11:12:21.066","标准帧","数据帧","CAN","0x0","接收成功","8","11 A2 D5 84 28 14 21 1F"
"767","11:12:21.076","标准帧","数据帧","CAN","0x201","发送成功","4","00 00 80 3F"
"768","11:12:21.076","标准帧","数据帧","CAN","0x0","接收成功","8","11 A2 D7 84 08 14 21 1F"
"769","11:12:21.076","标准帧","数据帧","CAN","0x201","发送成功","4","00 00 80 3F"
"770","11:12:21.076","标准帧","数据帧","CAN","0x0","接收成功","8","11 A2 E0 84 28 14 21 1F"
"771","11:12:21.076","标准帧","数据帧","CAN","0x201","发送成功","4","00 00 80 3F"
"772","11:12:21.076","标准帧","数据帧","CAN","0x0","接收成功","8","11 A2 E6 84 48 13 21 1F"
"773","11:12:21.076","标准帧","数据帧","CAN","0x201","发送成功","4","00 00 80 3F"
"774","11:12:21.076","标准帧","数据帧","CAN","0x0","接收成功","8","11 A2 E8 84 48 13 21 1F"
"775","11:12:21.076","标准帧","数据帧","CAN","0x201","发送成功","4","00 00 80 3F"
"776","11:12:21.076","标准帧","数据帧","CAN","0x0","接收成功","8","11 A2 ED 84 48 11 21 1F"
"777","11:12:21.088","标准帧","数据帧","CAN","0x201","发送成功","4","00 00 80 3F"
"778","11:12:21.088","标准帧","数据帧","CAN","0x0","接收成功","8","11 A2 FB 84 68 0E 21 1F"
"779","11:12:21.088","标准帧","数据帧","CAN","0x201","发送成功","4","00 00 80 3F"
"780","11:12:21.088","标准帧","数据帧","CAN","0x0","接收成功","8","11 A2 FE 84 58 0E 21 1F"
"781","11:12:21.088","标准帧","数据帧","CAN","0x201","发送成功","4","00 00 80 3F"
"782","11:12:21.088","标准帧","数据帧","CAN","0x0","接收成功","8","11 A3 09 84 38 11 21 1F"
"783","11:12:21.108","标准帧","数据帧","CAN","0x201","发送成功","4","00 00 80 3F"
"784","11:12:21.108","标准帧","数据帧","CAN","0x0","接收成功","8","11 A3 0D 84 28 11 21 1F"
"785","11:12:21.108","标准帧","数据帧","CAN","0x201","发送成功","4","00 00 80 3F"
"786","11:12:21.108","标准帧","数据帧","CAN","0x0","接收成功","8","11 A3 16 84 18 13 21 1F"
"787","11:12:21.108","标准帧","数据帧","CAN","0x201","发送成功","4","00 00 80 3F"
"788","11:12:21.108","标准帧","数据帧","CAN","0x0","接收成功","8","11 A3 46 84 18 10 21 1F"
"789","11:12:21.118","标准帧","数据帧","CAN","0x201","发送成功","4","00 00 80 3F"
"790","11:12:21.118","标准帧","数据帧","CAN","0x0","接收成功","8","11 A3 4A 84 28 11 21 1F"
"791","11:12:21.118","标准帧","数据帧","CAN","0x201","发送成功","4","00 00 80 3F"
"792","11:12:21.118","标准帧","数据帧","CAN","0x0","接收成功","8","11 A3 51 84 48 12 21 1F"
"793","11:12:21.118","标准帧","数据帧","CAN","0x201","发送成功","4","00 00 80 3F"
"794","11:12:21.118","标准帧","数据帧","CAN","0x0","接收成功","8","11 A3 53 84 28 12 21 1F"
"795","11:12:21.118","标准帧","数据帧","CAN","0x201","发送成功","4","00 00 80 3F"
"796","11:12:21.118","标准帧","数据帧","CAN","0x0","接收成功","8","11 A3 5A 84 38 12 21 1F"
"797","11:12:21.128","标准帧","数据帧","CAN","0x201","发送成功","4","00 00 80 3F"
"798","11:12:21.128","标准帧","数据帧","CAN","0x0","接收成功","8","11 A3 5C 84 38 12 21 1F"
"799","11:12:21.128","标准帧","数据帧","CAN","0x201","发送成功","4","00 00 80 3F"
"800","11:12:21.128","标准帧","数据帧","CAN","0x0","接收成功","8","11 A3 66 84 38 12 21 1F"
"801","11:12:21.128","标准帧","数据帧","CAN","0x201","发送成功","4","00 00 80 3F"
"802","11:12:21.128","标准帧","数据帧","CAN","0x0","接收成功","8","11 A3 6B 84 58 11 21 1F"
"803","11:12:21.128","标准帧","数据帧","CAN","0x201","发送成功","4","00 00 80 3F"
"804","11:12:21.128","标准帧","数据帧","CAN","0x0","接收成功","8","11 A3 72 84 58 0F 21 1F"
"805","11:12:21.128","标准帧","数据帧","CAN","0x201","发送成功","4","00 00 80 3F"
"806","11:12:21.128","标准帧","数据帧","CAN","0x0","接收成功","8","11 A3 73 84 58 0F 21 1F"
"807","11:12:21.128","标准帧","数据帧","CAN","0x201","发送成功","4","00 00 80 3F"
"808","11:12:21.128","标准帧","数据帧","CAN","0x0","接收成功","8","11 A3 7A 84 48 0F 21 1F"
"809","11:12:21.139","标准帧","数据帧","CAN","0x201","发送成功","4","00 00 80 3F"
"810","11:12:21.139","标准帧","数据帧","CAN","0x0","接收成功","8","11 A3 7D 84 48 0F 21 1F"
"811","11:12:21.139","标准帧","数据帧","CAN","0x201","发送成功","4","00 00 80 3F"
"812","11:12:21.139","标准帧","数据帧","CAN","0x0","接收成功","8","11 A3 84 84 48 0F 21 1F"
"813","11:12:21.139","标准帧","数据帧","CAN","0x201","发送成功","4","00 00 80 3F"
"814","11:12:21.139","标准帧","数据帧","CAN","0x0","接收成功","8","11 A3 8F 84 18 11 21 1F"
"815","11:12:21.139","标准帧","数据帧","CAN","0x201","发送成功","4","00 00 80 3F"
"816","11:12:21.139","标准帧","数据帧","CAN","0x0","接收成功","8","11 A3 92 84 28 12 21 1F"
"817","11:12:21.150","标准帧","数据帧","CAN","0x201","发送成功","4","00 00 80 3F"
"818","11:12:21.150","标准帧","数据帧","CAN","0x0","接收成功","8","11 A3 9B 84 28 13 21 1F"
"819","11:12:21.150","标准帧","数据帧","CAN","0x201","发送成功","4","00 00 80 3F"
"820","11:12:21.150","标准帧","数据帧","CAN","0x0","接收成功","8","11 A3 9F 84 38 12 21 1F"
"821","11:12:21.150","标准帧","数据帧","CAN","0x201","发送成功","4","00 00 80 3F"
"822","11:12:21.150","标准帧","数据帧","CAN","0x0","接收成功","8","11 A3 A8 84 28 12 21 1F"
"823","11:12:21.150","标准帧","数据帧","CAN","0x201","发送成功","4","00 00 80 3F"
"824","11:12:21.150","标准帧","数据帧","CAN","0x0","接收成功","8","11 A3 AB 84 28 12 21 1F"
"825","11:12:21.150","标准帧","数据帧","CAN","0x201","发送成功","4","00 00 80 3F"
"826","11:12:21.150","标准帧","数据帧","CAN","0x0","接收成功","8","11 A3 B2 84 38 12 21 1F"
"827","11:12:21.161","标准帧","数据帧","CAN","0x201","发送成功","4","00 00 80 3F"
"828","11:12:21.161","标准帧","数据帧","CAN","0x0","接收成功","8","11 A3 B6 84 28 12 21 1F"
"829","11:12:21.161","标准帧","数据帧","CAN","0x201","发送成功","4","00 00 80 3F"
"830","11:12:21.161","标准帧","数据帧","CAN","0x0","接收成功","8","11 A3 C0 84 38 11 21 1F"
"831","11:12:21.161","标准帧","数据帧","CAN","0x201","发送成功","4","00 00 80 3F"
"832","11:12:21.161","标准帧","数据帧","CAN","0x0","接收成功","8","11 A3 C3 84 58 11 21 1F"
"833","11:12:21.161","标准帧","数据帧","CAN","0x201","发送成功","4","00 00 80 3F"
"834","11:12:21.161","标准帧","数据帧","CAN","0x0","接收成功","8","11 A3 CA 84 48 10 21 1F"
"835","11:12:21.172","标准帧","数据帧","CAN","0x201","发送成功","4","00 00 80 3F"
"836","11:12:21.172","标准帧","数据帧","CAN","0x0","接收成功","8","11 A3 CD 84 48 10 21 1F"
"837","11:12:21.172","标准帧","数据帧","CAN","0x201","发送成功","4","00 00 80 3F"
"838","11:12:21.172","标准帧","数据帧","CAN","0x0","接收成功","8","11 A3 D9 84 38 10 21 1F"
"839","11:12:21.172","标准帧","数据帧","CAN","0x201","发送成功","4","00 00 80 3F"
"840","11:12:21.172","标准帧","数据帧","CAN","0x0","接收成功","8","11 A3 DD 84 38 11 21 1F"
"841","11:12:21.172","标准帧","数据帧","CAN","0x201","发送成功","4","00 00 80 3F"
"842","11:12:21.172","标准帧","数据帧","CAN","0x0","接收成功","8","11 A3 E5 84 18 12 21 1F"
"843","11:12:21.183","标准帧","数据帧","CAN","0x201","发送成功","4","00 00 80 3F"
"844","11:12:21.183","标准帧","数据帧","CAN","0x0","接收成功","8","11 A3 EB 84 18 13 21 1F"
"845","11:12:21.183","标准帧","数据帧","CAN","0x201","发送成功","4","00 00 80 3F"
"846","11:12:21.183","标准帧","数据帧","CAN","0x0","接收成功","8","11 A3 F3 84 28 15 21 1F"
"847","11:12:21.183","标准帧","数据帧","CAN","0x201","发送成功","4","00 00 80 3F"
"848","11:12:21.183","标准帧","数据帧","CAN","0x0","接收成功","8","11 A3 F6 84 28 14 21 1F"
"849","11:12:21.183","标准帧","数据帧","CAN","0x201","发送成功","4","00 00 80 3F"
"850","11:12:21.183","标准帧","数据帧","CAN","0x0","接收成功","8","11 A3 FE 84 48 13 21 1F"
"851","11:12:21.183","标准帧","数据帧","CAN","0x201","发送成功","4","00 00 80 3F"
"852","11:12:21.183","标准帧","数据帧","CAN","0x0","接收成功","8","11 A4 04 84 68 11 21 1F"
"853","11:12:21.226","标准帧","数据帧","CAN","0x201","发送成功","4","00 00 80 3F"
"854","11:12:21.226","标准帧","数据帧","CAN","0x0","接收成功","8","11 A4 0D 84 78 0D 21 1F"
"855","11:12:21.226","标准帧","数据帧","CAN","0x201","发送成功","4","00 00 80 3F"
"856","11:12:21.226","标准帧","数据帧","CAN","0x0","接收成功","8","11 A4 1D 84 48 0E 21 1F"
"857","11:12:21.226","标准帧","数据帧","CAN","0x201","发送成功","4","00 00 80 3F"
"858","11:12:21.226","标准帧","数据帧","CAN","0x0","接收成功","8","11 A4 21 84 38 0E 21 1F"
"859","11:12:21.237","标准帧","数据帧","CAN","0x201","发送成功","4","00 00 80 3F"
"860","11:12:21.237","标准帧","数据帧","CAN","0x0","接收成功","8","11 A4 75 84 28 13 21 1F"
"861","11:12:21.237","标准帧","数据帧","CAN","0x201","发送成功","4","00 00 80 3F"
"862","11:12:21.237","标准帧","数据帧","CAN","0x0","接收成功","8","11 A4 7C 84 18 13 21 1F"
"863","11:12:21.237","标准帧","数据帧","CAN","0x201","发送成功","4","00 00 80 3F"
"864","11:12:21.237","标准帧","数据帧","CAN","0x0","接收成功","8","11 A4 84 84 58 11 21 1F"
"865","11:12:21.237","标准帧","数据帧","CAN","0x201","发送成功","4","00 00 80 3F"
"866","11:12:21.237","标准帧","数据帧","CAN","0x0","接收成功","8","11 A4 86 84 58 10 21 1F"
"867","11:12:21.237","标准帧","数据帧","CAN","0x201","发送成功","4","00 00 80 3F"
"868","11:12:21.237","标准帧","数据帧","CAN","0x0","接收成功","8","11 A4 8E 84 78 0F 21 1F"
"869","11:12:21.247","标准帧","数据帧","CAN","0x201","发送成功","4","00 00 80 3F"
"870","11:12:21.247","标准帧","数据帧","CAN","0x0","接收成功","8","11 A4 98 84 68 0D 21 1F"
"871","11:12:21.247","标准帧","数据帧","CAN","0x201","发送成功","4","00 00 80 3F"
"872","11:12:21.247","标准帧","数据帧","CAN","0x0","接收成功","8","11 A4 A1 84 28 0F 21 1F"
"873","11:12:21.247","标准帧","数据帧","CAN","0x201","发送成功","4","00 00 80 3F"
"874","11:12:21.247","标准帧","数据帧","CAN","0x0","接收成功","8","11 A4 A6 84 28 10 21 1F"
"875","11:12:21.247","标准帧","数据帧","CAN","0x201","发送成功","4","00 00 80 3F"
"876","11:12:21.247","标准帧","数据帧","CAN","0x0","接收成功","8","11 A4 A9 84 18 0F 21 1F"
"877","11:12:21.247","标准帧","数据帧","CAN","0x201","发送成功","4","00 00 80 3F"
"878","11:12:21.247","标准帧","数据帧","CAN","0x0","接收成功","8","11 A4 AE 84 08 11 21 1F"
"879","11:12:21.258","标准帧","数据帧","CAN","0x201","发送成功","4","00 00 80 3F"
"880","11:12:21.258","标准帧","数据帧","CAN","0x0","接收成功","8","11 A4 AF 83 F8 12 21 1F"
"881","11:12:21.258","标准帧","数据帧","CAN","0x201","发送成功","4","00 00 80 3F"
"882","11:12:21.258","标准帧","数据帧","CAN","0x0","接收成功","8","11 A4 B7 84 28 13 21 1F"
"883","11:12:21.258","标准帧","数据帧","CAN","0x201","发送成功","4","00 00 80 3F"
"884","11:12:21.258","标准帧","数据帧","CAN","0x0","接收成功","8","11 A4 BD 84 38 13 21 1F"
"885","11:12:21.258","标准帧","数据帧","CAN","0x201","发送成功","4","00 00 80 3F"
"886","11:12:21.258","标准帧","数据帧","CAN","0x0","接收成功","8","11 A4 C1 84 38 13 21 1F"
"887","11:12:21.258","标准帧","数据帧","CAN","0x201","发送成功","4","00 00 80 3F"
"888","11:12:21.258","标准帧","数据帧","CAN","0x0","接收成功","8","11 A4 C6 84 58 11 21 1F"
"889","11:12:21.258","标准帧","数据帧","CAN","0x201","发送成功","4","00 00 80 3F"
"890","11:12:21.258","标准帧","数据帧","CAN","0x0","接收成功","8","11 A4 C8 84 48 11 21 1F"
"891","11:12:21.268","标准帧","数据帧","CAN","0x201","发送成功","4","00 00 80 3F"
"892","11:12:21.268","标准帧","数据帧","CAN","0x0","接收成功","8","11 A4 D0 84 58 0F 21 1F"
"893","11:12:21.268","标准帧","数据帧","CAN","0x201","发送成功","4","00 00 80 3F"
"894","11:12:21.268","标准帧","数据帧","CAN","0x0","接收成功","8","11 A4 D9 84 48 0E 21 1F"
"895","11:12:21.268","标准帧","数据帧","CAN","0x201","发送成功","4","00 00 80 3F"
"896","11:12:21.268","标准帧","数据帧","CAN","0x0","接收成功","8","11 A4 DC 84 48 0F 21 1F"
"897","11:12:21.268","标准帧","数据帧","CAN","0x201","发送成功","4","00 00 80 3F"
"898","11:12:21.268","标准帧","数据帧","CAN","0x0","接收成功","8","11 A4 E0 84 38 0F 21 1F"
"899","11:12:21.268","标准帧","数据帧","CAN","0x201","发送成功","4","00 00 80 3F"
"900","11:12:21.268","标准帧","数据帧","CAN","0x0","接收成功","8","11 A4 E2 84 38 0F 21 1F"
"901","11:12:21.279","标准帧","数据帧","CAN","0x201","发送成功","4","00 00 80 3F"
"902","11:12:21.279","标准帧","数据帧","CAN","0x0","接收成功","8","11 A4 E8 84 18 10 21 1F"
"903","11:12:21.279","标准帧","数据帧","CAN","0x201","发送成功","4","00 00 80 3F"
"904","11:12:21.279","标准帧","数据帧","CAN","0x0","接收成功","8","11 A4 ED 84 48 11 21 1F"
"905","11:12:21.279","标准帧","数据帧","CAN","0x201","发送成功","4","00 00 80 3F"
"906","11:12:21.279","标准帧","数据帧","CAN","0x0","接收成功","8","11 A4 F3 84 38 10 21 1F"
"907","11:12:21.279","标准帧","数据帧","CAN","0x201","发送成功","4","00 00 80 3F"
"908","11:12:21.279","标准帧","数据帧","CAN","0x0","接收成功","8","11 A4 F6 84 28 11 21 1F"
"909","11:12:21.279","标准帧","数据帧","CAN","0x201","发送成功","4","00 00 80 3F"
"910","11:12:21.279","标准帧","数据帧","CAN","0x0","接收成功","8","11 A4 FD 84 28 11 21 1F"
"911","11:12:21.300","标准帧","数据帧","CAN","0x201","发送成功","4","00 00 80 3F"
"912","11:12:21.300","标准帧","数据帧","CAN","0x0","接收成功","8","11 A5 01 84 28 12 21 1F"
"913","11:12:21.300","标准帧","数据帧","CAN","0x201","发送成功","4","00 00 80 3F"
"914","11:12:21.300","标准帧","数据帧","CAN","0x0","接收成功","8","11 A5 0B 84 48 10 21 1F"
"915","11:12:21.300","标准帧","数据帧","CAN","0x201","发送成功","4","00 00 80 3F"
"916","11:12:21.300","标准帧","数据帧","CAN","0x0","接收成功","8","11 A5 13 84 58 10 21 1F"
"917","11:12:21.300","标准帧","数据帧","CAN","0x201","发送成功","4","00 00 80 3F"
"918","11:12:21.300","标准帧","数据帧","CAN","0x0","接收成功","8","11 A5 1D 84 48 0F 21 1F"
"919","11:12:21.311","标准帧","数据帧","CAN","0x201","发送成功","4","00 00 80 3F"
"920","11:12:21.311","标准帧","数据帧","CAN","0x0","接收成功","8","11 A5 1F 84 58 0F 21 1F"
"921","11:12:21.311","标准帧","数据帧","CAN","0x201","发送成功","4","00 00 80 3F"
"922","11:12:21.311","标准帧","数据帧","CAN","0x0","接收成功","8","11 A5 44 84 28 13 21 1F"
"923","11:12:21.311","标准帧","数据帧","CAN","0x201","发送成功","4","00 00 80 3F"
"924","11:12:21.311","标准帧","数据帧","CAN","0x0","接收成功","8","11 A5 47 84 38 13 21 1F"
"925","11:12:21.311","标准帧","数据帧","CAN","0x201","发送成功","4","00 00 80 3F"
"926","11:12:21.311","标准帧","数据帧","CAN","0x0","接收成功","8","11 A5 4C 84 18 12 21 1F"
"927","11:12:21.311","标准帧","数据帧","CAN","0x201","发送成功","4","00 00 80 3F"
"928","11:12:21.311","标准帧","数据帧","CAN","0x0","接收成功","8","11 A5 4E 84 18 12 21 1F"
"929","11:12:21.311","标准帧","数据帧","CAN","0x201","发送成功","4","00 00 80 3F"
"930","11:12:21.311","标准帧","数据帧","CAN","0x0","接收成功","8","11 A5 53 84 38 13 21 1F"
"931","11:12:21.321","标准帧","数据帧","CAN","0x201","发送成功","4","00 00 80 3F"
"932","11:12:21.321","标准帧","数据帧","CAN","0x0","接收成功","8","11 A5 57 84 48 12 21 1F"
"933","11:12:21.321","标准帧","数据帧","CAN","0x201","发送成功","4","00 00 80 3F"
"934","11:12:21.321","标准帧","数据帧","CAN","0x0","接收成功","8","11 A5 5E 84 58 11 21 1F"
"935","11:12:21.321","标准帧","数据帧","CAN","0x201","发送成功","4","00 00 80 3F"
"936","11:12:21.321","标准帧","数据帧","CAN","0x0","接收成功","8","11 A5 60 84 58 10 21 1F"
"937","11:12:21.321","标准帧","数据帧","CAN","0x201","发送成功","4","00 00 80 3F"
"938","11:12:21.321","标准帧","数据帧","CAN","0x0","接收成功","8","11 A5 65 84 68 10 21 1F"
"939","11:12:21.321","标准帧","数据帧","CAN","0x201","发送成功","4","00 00 80 3F"
"940","11:12:21.321","标准帧","数据帧","CAN","0x0","接收成功","8","11 A5 67 84 68 10 21 1F"
"941","11:12:21.321","标准帧","数据帧","CAN","0x201","发送成功","4","00 00 80 3F"
"942","11:12:21.321","标准帧","数据帧","CAN","0x0","接收成功","8","11 A5 6C 84 68 0F 21 1F"
"943","11:12:21.321","标准帧","数据帧","CAN","0x201","发送成功","4","00 00 80 3F"
"944","11:12:21.321","标准帧","数据帧","CAN","0x0","接收成功","8","11 A5 6F 84 48 0F 21 1F"
"945","11:12:21.332","标准帧","数据帧","CAN","0x201","发送成功","4","00 00 80 3F"
"946","11:12:21.332","标准帧","数据帧","CAN","0x0","接收成功","8","11 A5 74 84 48 0F 21 1F"
"947","11:12:21.332","标准帧","数据帧","CAN","0x201","发送成功","4","00 00 80 3F"
"948","11:12:21.332","标准帧","数据帧","CAN","0x0","接收成功","8","11 A5 77 84 48 0F 21 1F"
"949","11:12:21.332","标准帧","数据帧","CAN","0x201","发送成功","4","00 00 80 3F"
"950","11:12:21.332","标准帧","数据帧","CAN","0x0","接收成功","8","11 A5 7D 84 38 10 21 1F"
"951","11:12:21.332","标准帧","数据帧","CAN","0x201","发送成功","4","00 00 80 3F"
"952","11:12:21.332","标准帧","数据帧","CAN","0x0","接收成功","8","11 A5 80 84 38 11 21 1F"
"953","11:12:21.332","标准帧","数据帧","CAN","0x201","发送成功","4","00 00 80 3F"
"954","11:12:21.332","标准帧","数据帧","CAN","0x0","接收成功","8","11 A5 88 84 18 12 21 1F"
"955","11:12:21.332","标准帧","数据帧","CAN","0x201","发送成功","4","00 00 80 3F"
"956","11:12:21.332","标准帧","数据帧","CAN","0x0","接收成功","8","11 A5 8A 84 18 13 21 1F"
"957","11:12:21.343","标准帧","数据帧","CAN","0x201","发送成功","4","00 00 80 3F"
"958","11:12:21.343","标准帧","数据帧","CAN","0x0","接收成功","8","11 A5 90 84 18 13 21 1F"
"959","11:12:21.343","标准帧","数据帧","CAN","0x201","发送成功","4","00 00 80 3F"
"960","11:12:21.343","标准帧","数据帧","CAN","0x0","接收成功","8","11 A5 98 84 48 13 21 1F"
"961","11:12:21.343","标准帧","数据帧","CAN","0x201","发送成功","4","00 00 80 3F"
"962","11:12:21.343","标准帧","数据帧","CAN","0x0","接收成功","8","11 A5 A3 84 68 10 21 1F"
"963","11:12:21.343","标准帧","数据帧","CAN","0x201","发送成功","4","00 00 80 3F"
"964","11:12:21.343","标准帧","数据帧","CAN","0x0","接收成功","8","11 A5 A5 84 58 0E 21 1F"
"965","11:12:21.354","标准帧","数据帧","CAN","0x201","发送成功","4","00 00 80 3F"
"966","11:12:21.354","标准帧","数据帧","CAN","0x0","接收成功","8","11 A5 AB 84 68 0D 21 1F"
"967","11:12:21.354","标准帧","数据帧","CAN","0x201","发送成功","4","00 00 80 3F"
"968","11:12:21.354","标准帧","数据帧","CAN","0x0","接收成功","8","11 A5 B6 84 38 0E 21 1F"
"969","11:12:21.354","标准帧","数据帧","CAN","0x201","发送成功","4","00 00 80 3F"
"970","11:12:21.354","标准帧","数据帧","CAN","0x0","接收成功","8","11 A5 BE 84 28 10 21 1F"
"971","11:12:21.354","标准帧","数据帧","CAN","0x201","发送成功","4","00 00 80 3F"
"972","11:12:21.354","标准帧","数据帧","CAN","0x0","接收成功","8","11 A5 C2 84 28 11 21 1F"
"973","11:12:21.365","标准帧","数据帧","CAN","0x201","发送成功","4","00 00 80 3F"
"974","11:12:21.365","标准帧","数据帧","CAN","0x0","接收成功","8","11 A5 C5 84 08 13 21 1F"
"975","11:12:21.365","标准帧","数据帧","CAN","0x201","发送成功","4","00 00 80 3F"
"976","11:12:21.365","标准帧","数据帧","CAN","0x0","接收成功","8","11 A5 CA 84 08 14 21 1F"
"977","11:12:21.365","标准帧","数据帧","CAN","0x201","发送成功","4","00 00 80 3F"
"978","11:12:21.365","标准帧","数据帧","CAN","0x0","接收成功","8","11 A5 CC 84 08 14 21 1F"
"979","11:12:21.365","标准帧","数据帧","CAN","0x201","发送成功","4","00 00 80 3F"
"980","11:12:21.365","标准帧","数据帧","CAN","0x0","接收成功","8","11 A5 D3 84 18 14 21 1F"
"981","11:12:21.365","标准帧","数据帧","CAN","0x201","发送成功","4","00 00 80 3F"
"982","11:12:21.365","标准帧","数据帧","CAN","0x0","接收成功","8","11 A5 DF 84 48 11 21 1F"
"983","11:12:21.376","标准帧","数据帧","CAN","0x201","发送成功","4","00 00 80 3F"
"984","11:12:21.376","标准帧","数据帧","CAN","0x0","接收成功","8","11 A5 E4 84 58 10 21 1F"
"985","11:12:21.376","标准帧","数据帧","CAN","0x201","发送成功","4","00 00 80 3F"
"986","11:12:21.376","标准帧","数据帧","CAN","0x0","接收成功","8","11 A5 E6 84 78 0F 21 1F"
"987","11:12:21.376","标准帧","数据帧","CAN","0x201","发送成功","4","00 00 80 3F"
"988","11:12:21.376","标准帧","数据帧","CAN","0x0","接收成功","8","11 A5 EC 84 78 0D 21 1F"
"989","11:12:21.376","标准帧","数据帧","CAN","0x201","发送成功","4","00 00 80 3F"
"990","11:12:21.376","标准帧","数据帧","CAN","0x0","接收成功","8","11 A5 EE 84 78 0D 21 1F"
"991","11:12:21.376","标准帧","数据帧","CAN","0x201","发送成功","4","00 00 80 3F"
"992","11:12:21.376","标准帧","数据帧","CAN","0x0","接收成功","8","11 A5 F6 84 38 0D 21 1F"
"993","11:12:21.376","标准帧","数据帧","CAN","0x201","发送成功","4","00 00 80 3F"
"994","11:12:21.376","标准帧","数据帧","CAN","0x0","接收成功","8","11 A5 FB 84 48 0F 21 1F"
"995","11:12:21.387","标准帧","数据帧","CAN","0x201","发送成功","4","00 00 80 3F"
"996","11:12:21.387","标准帧","数据帧","CAN","0x0","接收成功","8","11 A5 FE 84 28 0E 21 1F"
"997","11:12:21.387","标准帧","数据帧","CAN","0x201","发送成功","4","00 00 80 3F"
"998","11:12:21.387","标准帧","数据帧","CAN","0x0","接收成功","8","11 A6 07 84 08 13 21 1F"
"999","11:12:21.387","标准帧","数据帧","CAN","0x201","发送成功","4","00 00 80 3F"
"1000","11:12:21.387","标准帧","数据帧","CAN","0x0","接收成功","8","11 A6 0B 84 08 13 21 1F"
"1001","11:12:21.398","标准帧","数据帧","CAN","0x201","发送成功","4","00 00 80 3F"
"1002","11:12:21.398","标准帧","数据帧","CAN","0x0","接收成功","8","11 A6 17 84 28 14 21 1F"
"1003","11:12:21.398","标准帧","数据帧","CAN","0x201","发送成功","4","00 00 80 3F"
"1004","11:12:21.398","标准帧","数据帧","CAN","0x0","接收成功","8","11 A6 23 84 58 10 21 1F"
"1005","11:12:21.398","标准帧","数据帧","CAN","0x201","发送成功","4","00 00 80 3F"
"1006","11:12:21.398","标准帧","数据帧","CAN","0x0","接收成功","8","11 A6 31 84 58 0C 21 1F"
"1007","11:12:21.408","标准帧","数据帧","CAN","0x201","发送成功","4","00 00 80 3F"
"1008","11:12:21.408","标准帧","数据帧","CAN","0x0","接收成功","8","11 A6 39 84 38 0E 21 1F"
"1009","11:12:21.419","标准帧","数据帧","CAN","0x201","发送成功","4","00 00 80 3F"
"1010","11:12:21.419","标准帧","数据帧","CAN","0x0","接收成功","8","11 A6 3C 84 28 0F 21 1F"
"1011","11:12:21.419","标准帧","数据帧","CAN","0x201","发送成功","4","00 00 80 3F"
"1012","11:12:21.419","标准帧","数据帧","CAN","0x0","接收成功","8","11 A6 60 84 48 11 21 1F"
"1013","11:12:21.419","标准帧","数据帧","CAN","0x201","发送成功","4","00 00 80 3F"
"1014","11:12:21.419","标准帧","数据帧","CAN","0x0","接收成功","8","11 A6 64 84 58 11 21 1F"
"1015","11:12:21.419","标准帧","数据帧","CAN","0x201","发送成功","4","00 00 80 3F"
"1016","11:12:21.419","标准帧","数据帧","CAN","0x0","接收成功","8","11 A6 6B 84 68 0F 21 1F"
"1017","11:12:21.430","标准帧","数据帧","CAN","0x201","发送成功","4","00 00 80 3F"
"1018","11:12:21.430","标准帧","数据帧","CAN","0x0","接收成功","8","11 A6 6E 84 58 0E 21 1F"
"1019","11:12:21.430","标准帧","数据帧","CAN","0x201","发送成功","4","00 00 80 3F"
"1020","11:12:21.430","标准帧","数据帧","CAN","0x0","接收成功","8","11 A6 76 84 48 0E 21 1F"
"1021","11:12:21.430","标准帧","数据帧","CAN","0x201","发送成功","4","00 00 80 3F"
"1022","11:12:21.430","标准帧","数据帧","CAN","0x0","接收成功","8","11 A6 79 84 48 0F 21 1F"
"1023","11:12:21.430","标准帧","数据帧","CAN","0x201","发送成功","4","00 00 80 3F"
"1024","11:12:21.430","标准帧","数据帧","CAN","0x0","接收成功","8","11 A6 7F 84 28 0F 21 1F"
"1025","11:12:21.430","标准帧","数据帧","CAN","0x201","发送成功","4","00 00 80 3F"
"1026","11:12:21.430","标准帧","数据帧","CAN","0x0","接收成功","8","11 A6 81 84 28 10 21 1F"
"1027","11:12:21.440","标准帧","数据帧","CAN","0x201","发送成功","4","00 00 80 3F"
"1028","11:12:21.440","标准帧","数据帧","CAN","0x0","接收成功","8","11 A6 89 84 28 11 21 1F"
"1029","11:12:21.440","标准帧","数据帧","CAN","0x201","发送成功","4","00 00 80 3F"
"1030","11:12:21.440","标准帧","数据帧","CAN","0x0","接收成功","8","11 A6 8E 84 38 12 21 1F"
"1031","11:12:21.440","标准帧","数据帧","CAN","0x201","发送成功","4","00 00 80 3F"
"1032","11:12:21.440","标准帧","数据帧","CAN","0x0","接收成功","8","11 A6 95 84 28 12 21 1F"
"1033","11:12:21.440","标准帧","数据帧","CAN","0x201","发送成功","4","00 00 80 3F"
"1034","11:12:21.440","标准帧","数据帧","CAN","0x0","接收成功","8","11 A6 97 84 28 12 21 1F"
"1035","11:12:21.440","标准帧","数据帧","CAN","0x201","发送成功","4","00 00 80 3F"
"1036","11:12:21.440","标准帧","数据帧","CAN","0x0","接收成功","8","11 A6 9F 84 38 12 21 1F"
"1037","11:12:21.451","标准帧","数据帧","CAN","0x201","发送成功","4","00 00 80 3F"
"1038","11:12:21.451","标准帧","数据帧","CAN","0x0","接收成功","8","11 A6 A4 84 48 10 21 1F"
"1039","11:12:21.451","标准帧","数据帧","CAN","0x201","发送成功","4","00 00 80 3F"
"1040","11:12:21.451","标准帧","数据帧","CAN","0x0","接收成功","8","11 A6 AA 84 58 11 21 1F"
"1041","11:12:21.451","标准帧","数据帧","CAN","0x201","发送成功","4","00 00 80 3F"
"1042","11:12:21.451","标准帧","数据帧","CAN","0x0","接收成功","8","11 A6 AD 84 48 10 21 1F"
"1043","11:12:21.451","标准帧","数据帧","CAN","0x201","发送成功","4","00 00 80 3F"
"1044","11:12:21.451","标准帧","数据帧","CAN","0x0","接收成功","8","11 A6 B7 84 58 0F 21 1F"
"1045","11:12:21.462","标准帧","数据帧","CAN","0x201","发送成功","4","00 00 80 3F"
"1046","11:12:21.462","标准帧","数据帧","CAN","0x0","接收成功","8","11 A6 C4 84 58 10 21 1F"
"1047","11:12:21.462","标准帧","数据帧","CAN","0x201","发送成功","4","00 00 80 3F"
"1048","11:12:21.462","标准帧","数据帧","CAN","0x0","接收成功","8","11 A6 C8 84 48 0F 21 1F"
"1049","11:12:21.462","标准帧","数据帧","CAN","0x201","发送成功","4","00 00 80 3F"
"1050","11:12:21.462","标准帧","数据帧","CAN","0x0","接收成功","8","11 A6 CF 84 28 10 21 1F"
"1051","11:12:21.462","标准帧","数据帧","CAN","0x201","发送成功","4","00 00 80 3F"
"1052","11:12:21.462","标准帧","数据帧","CAN","0x0","接收成功","8","11 A6 D2 84 58 10 21 1F"
"1053","11:12:21.462","标准帧","数据帧","CAN","0x201","发送成功","4","00 00 80 3F"
"1054","11:12:21.462","标准帧","数据帧","CAN","0x0","接收成功","8","11 A6 D7 84 38 0F 21 1F"
"1055","11:12:21.473","标准帧","数据帧","CAN","0x201","发送成功","4","00 00 80 3F"
"1056","11:12:21.473","标准帧","数据帧","CAN","0x0","接收成功","8","11 A6 D9 84 38 11 21 1F"
"1057","11:12:21.473","标准帧","数据帧","CAN","0x201","发送成功","4","00 00 80 3F"
"1058","11:12:21.473","标准帧","数据帧","CAN","0x0","接收成功","8","11 A6 E6 84 28 11 21 1F"
"1059","11:12:21.473","标准帧","数据帧","CAN","0x201","发送成功","4","00 00 80 3F"
"1060","11:12:21.473","标准帧","数据帧","CAN","0x0","接收成功","8","11 A6 EE 84 38 12 21 1F"
"1061","11:12:21.473","标准帧","数据帧","CAN","0x201","发送成功","4","00 00 80 3F"
"1062","11:12:21.473","标准帧","数据帧","CAN","0x0","接收成功","8","11 A6 F1 84 38 11 21 1F"
"1063","11:12:21.483","标准帧","数据帧","CAN","0x201","发送成功","4","00 00 80 3F"
"1064","11:12:21.483","标准帧","数据帧","CAN","0x0","接收成功","8","11 A6 F9 84 58 10 21 1F"
"1065","11:12:21.483","标准帧","数据帧","CAN","0x201","发送成功","4","00 00 80 3F"
"1066","11:12:21.483","标准帧","数据帧","CAN","0x0","接收成功","8","11 A6 FC 84 58 0F 21 1F"
"1067","11:12:21.483","标准帧","数据帧","CAN","0x201","发送成功","4","00 00 80 3F"
"1068","11:12:21.483","标准帧","数据帧","CAN","0x0","接收成功","8","11 A7 03 84 48 0F 21 1F"
"1069","11:12:21.483","标准帧","数据帧","CAN","0x201","发送成功","4","00 00 80 3F"
"1070","11:12:21.483","标准帧","数据帧","CAN","0x0","接收成功","8","11 A7 06 84 48 0F 21 1F"
"1071","11:12:21.483","标准帧","数据帧","CAN","0x201","发送成功","4","00 00 80 3F"
"1072","11:12:21.483","标准帧","数据帧","CAN","0x0","接收成功","8","11 A7 0D 84 48 0E 21 1F"
"1073","11:12:21.483","标准帧","数据帧","CAN","0x201","发送成功","4","00 00 80 3F"
"1074","11:12:21.483","标准帧","数据帧","CAN","0x0","接收成功","8","11 A7 11 84 38 0E 21 1F"
"1075","11:12:21.504","标准帧","数据帧","CAN","0x201","发送成功","4","00 00 80 3F"
"1076","11:12:21.504","标准帧","数据帧","CAN","0x0","接收成功","8","11 A7 16 84 38 10 21 1F"
"1077","11:12:21.504","标准帧","数据帧","CAN","0x201","发送成功","4","00 00 80 3F"
"1078","11:12:21.504","标准帧","数据帧","CAN","0x0","接收成功","8","11 A7 1B 84 18 10 21 1F"
"1079","11:12:21.504","标准帧","数据帧","CAN","0x201","发送成功","4","00 00 80 3F"
"1080","11:12:21.504","标准帧","数据帧","CAN","0x0","接收成功","8","11 A7 27 84 08 12 21 1F"
"1081","11:12:21.504","标准帧","数据帧","CAN","0x201","发送成功","4","00 00 80 3F"
"1082","11:12:21.504","标准帧","数据帧","CAN","0x0","接收成功","8","11 A7 2B 84 18 13 21 1F"
"1083","11:12:21.515","标准帧","数据帧","CAN","0x201","发送成功","4","00 00 80 3F"
"1084","11:12:21.515","标准帧","数据帧","CAN","0x0","接收成功","8","11 A7 31 84 28 12 21 1F"
"1085","11:12:21.515","标准帧","数据帧","CAN","0x201","发送成功","4","00 00 80 3F"
"1086","11:12:21.515","标准帧","数据帧","CAN","0x0","接收成功","8","11 A7 54 84 28 0E 21 1F"
"1087","11:12:21.515","标准帧","数据帧","CAN","0x201","发送成功","4","00 00 80 3F"
"1088","11:12:21.515","标准帧","数据帧","CAN","0x0","接收成功","8","11 A7 57 84 28 0F 21 1F"
"1089","11:12:21.515","标准帧","数据帧","CAN","0x201","发送成功","4","00 00 80 3F"
"1090","11:12:21.515","标准帧","数据帧","CAN","0x0","接收成功","8","11 A7 5E 84 18 10 21 1F"
"1091","11:12:21.526","标准帧","数据帧","CAN","0x201","发送成功","4","00 00 80 3F"
"1092","11:12:21.526","标准帧","数据帧","CAN","0x0","接收成功","8","11 A7 6C 84 18 13 21 1F"
"1093","11:12:21.526","标准帧","数据帧","CAN","0x201","发送成功","4","00 00 80 3F"
"1094","11:12:21.526","标准帧","数据帧","CAN","0x0","接收成功","8","11 A7 6F 84 18 13 21 1F"
"1095","11:12:21.526","标准帧","数据帧","CAN","0x201","发送成功","4","00 00 80 3F"
"1096","11:12:21.526","标准帧","数据帧","CAN","0x0","接收成功","8","11 A7 77 84 48 12 21 1F"
"1097","11:12:21.526","标准帧","数据帧","CAN","0x201","发送成功","4","00 00 80 3F"
"1098","11:12:21.526","标准帧","数据帧","CAN","0x0","接收成功","8","11 A7 79 84 58 11 21 1F"
"1099","11:12:21.526","标准帧","数据帧","CAN","0x201","发送成功","4","00 00 80 3F"
"1100","11:12:21.526","标准帧","数据帧","CAN","0x0","接收成功","8","11 A7 7E 84 68 0F 21 1F"
"1101","11:12:21.536","标准帧","数据帧","CAN","0x201","发送成功","4","00 00 80 3F"
"1102","11:12:21.536","标准帧","数据帧","CAN","0x0","接收成功","8","11 A7 89 84 68 0D 21 1F"
"1103","11:12:21.536","标准帧","数据帧","CAN","0x201","发送成功","4","00 00 80 3F"
"1104","11:12:21.536","标准帧","数据帧","CAN","0x0","接收成功","8","11 A7 91 84 38 0D 21 1F"
"1105","11:12:21.536","标准帧","数据帧","CAN","0x201","发送成功","4","00 00 80 3F"
"1106","11:12:21.536","标准帧","数据帧","CAN","0x0","接收成功","8","11 A7 94 84 28 0E 21 1F"
"1107","11:12:21.536","标准帧","数据帧","CAN","0x201","发送成功","4","00 00 80 3F"
"1108","11:12:21.536","标准帧","数据帧","CAN","0x0","接收成功","8","11 A7 99 84 28 0F 21 1F"
"1109","11:12:21.536","标准帧","数据帧","CAN","0x201","发送成功","4","00 00 80 3F"
"1110","11:12:21.536","标准帧","数据帧","CAN","0x0","接收成功","8","11 A7 9A 84 28 10 21 1F"
"1111","11:12:21.547","标准帧","数据帧","CAN","0x201","发送成功","4","00 00 80 3F"
"1112","11:12:21.547","标准帧","数据帧","CAN","0x0","接收成功","8","11 A7 A1 84 18 12 21 1F"
"1113","11:12:21.547","标准帧","数据帧","CAN","0x201","发送成功","4","00 00 80 3F"
"1114","11:12:21.547","标准帧","数据帧","CAN","0x0","接收成功","8","11 A7 A7 84 18 12 21 1F"
"1115","11:12:21.547","标准帧","数据帧","CAN","0x201","发送成功","4","00 00 80 3F"
"1116","11:12:21.547","标准帧","数据帧","CAN","0x0","接收成功","8","11 A7 AE 84 18 13 21 1F"
"1117","11:12:21.547","标准帧","数据帧","CAN","0x201","发送成功","4","00 00 80 3F"
"1118","11:12:21.547","标准帧","数据帧","CAN","0x0","接收成功","8","11 A7 B3 84 38 13 21 1F"
"1119","11:12:21.547","标准帧","数据帧","CAN","0x201","发送成功","4","00 00 80 3F"
"1120","11:12:21.547","标准帧","数据帧","CAN","0x0","接收成功","8","11 A7 B4 84 28 12 21 1F"
"1121","11:12:21.547","标准帧","数据帧","CAN","0x201","发送成功","4","00 00 80 3F"
"1122","11:12:21.547","标准帧","数据帧","CAN","0x0","接收成功","8","11 A7 B9 84 48 11 21 1F"
"1123","11:12:21.557","标准帧","数据帧","CAN","0x201","发送成功","4","00 00 80 3F"
"1124","11:12:21.557","标准帧","数据帧","CAN","0x0","接收成功","8","11 A7 BD 84 68 10 21 1F"
"1125","11:12:21.557","标准帧","数据帧","CAN","0x201","发送成功","4","00 00 80 3F"
"1126","11:12:21.557","标准帧","数据帧","CAN","0x0","接收成功","8","11 A7 C3 84 68 0E 21 1F"
"1127","11:12:21.557","标准帧","数据帧","CAN","0x201","发送成功","4","00 00 80 3F"
"1128","11:12:21.557","标准帧","数据帧","CAN","0x0","接收成功","8","11 A7 C4 84 68 0E 21 1F"
"1129","11:12:21.557","标准帧","数据帧","CAN","0x201","发送成功","4","00 00 80 3F"
"1130","11:12:21.557","标准帧","数据帧","CAN","0x0","接收成功","8","11 A7 CA 84 78 0E 21 1F"
"1131","11:12:21.557","标准帧","数据帧","CAN","0x201","发送成功","4","00 00 80 3F"
"1132","11:12:21.557","标准帧","数据帧","CAN","0x0","接收成功","8","11 A7 CB 84 78 0D 21 1F"
"1133","11:12:21.557","标准帧","数据帧","CAN","0x201","发送成功","4","00 00 80 3F"
"1134","11:12:21.557","标准帧","数据帧","CAN","0x0","接收成功","8","11 A7 D0 84 58 0D 21 1F"
"1135","11:12:21.557","标准帧","数据帧","CAN","0x201","发送成功","4","00 00 80 3F"
"1136","11:12:21.557","标准帧","数据帧","CAN","0x0","接收成功","8","11 A7 D1 84 58 0D 21 1F"
"1137","11:12:21.568","标准帧","数据帧","CAN","0x201","发送成功","4","00 00 80 3F"
"1138","11:12:21.568","标准帧","数据帧","CAN","0x0","接收成功","8","11 A7 D8 84 28 10 21 1F"
"1139","11:12:21.568","标准帧","数据帧","CAN","0x201","发送成功","4","00 00 80 3F"
"1140","11:12:21.568","标准帧","数据帧","CAN","0x0","接收成功","8","11 A7 DB 84 28 10 21 1F"
"1141","11:12:21.568","标准帧","数据帧","CAN","0x201","发送成功","4","00 00 80 3F"
"1142","11:12:21.568","标准帧","数据帧","CAN","0x0","接收成功","8","11 A7 DC 84 28 11 21 1F"
"1143","11:12:21.568","标准帧","数据帧","CAN","0x201","发送成功","4","00 00 80 3F"
"1144","11:12:21.568","标准帧","数据帧","CAN","0x0","接收成功","8","11 A7 E1 84 18 11 21 1F"
"1145","11:12:21.568","标准帧","数据帧","CAN","0x201","发送成功","4","00 00 80 3F"
"1146","11:12:21.568","标准帧","数据帧","CAN","0x0","接收成功","8","11 A7 E9 84 18 14 21 1F"
"1147","11:12:21.568","标准帧","数据帧","CAN","0x201","发送成功","4","00 00 80 3F"
"1148","11:12:21.568","标准帧","数据帧","CAN","0x0","接收成功","8","11 A7 EF 84 28 13 21 1F"
"1149","11:12:21.578","标准帧","数据帧","CAN","0x201","发送成功","4","00 00 80 3F"
"1150","11:12:21.578","标准帧","数据帧","CAN","0x0","接收成功","8","11 A7 F1 84 28 13 21 1F"
"1151","11:12:21.578","标准帧","数据帧","CAN","0x201","发送成功","4","00 00 80 3F"
"1152","11:12:21.578","标准帧","数据帧","CAN","0x0","接收成功","8","11 A7 F7 84 48 12 21 1F"
"1153","11:12:21.578","标准帧","数据帧","CAN","0x201","发送成功","4","00 00 80 3F"
"1154","11:12:21.578","标准帧","数据帧","CAN","0x0","接收成功","8","11 A7 FE 84 48 11 21 1F"
"1155","11:12:21.578","标准帧","数据帧","CAN","0x201","发送成功","4","00 00 80 3F"
"1156","11:12:21.578","标准帧","数据帧","CAN","0x0","接收成功","8","11 A8 02 84 58 10 21 1F"
"1157","11:12:21.578","标准帧","数据帧","CAN","0x201","发送成功","4","00 00 80 3F"
"1158","11:12:21.578","标准帧","数据帧","CAN","0x0","接收成功","8","11 A8 04 84 68 0F 21 1F"
"1159","11:12:21.578","标准帧","数据帧","CAN","0x201","发送成功","4","00 00 80 3F"
"1160","11:12:21.578","标准帧","数据帧","CAN","0x0","接收成功","8","11 A8 09 84 68 0E 21 1F"
"1161","11:12:21.578","标准帧","数据帧","CAN","0x201","发送成功","4","00 00 80 3F"
"1162","11:12:21.578","标准帧","数据帧","CAN","0x0","接收成功","8","11 A8 0E 84 68 0D 21 1F"
"1163","11:12:21.589","标准帧","数据帧","CAN","0x201","发送成功","4","00 00 80 3F"
"1164","11:12:21.589","标准帧","数据帧","CAN","0x0","接收成功","8","11 A8 11 84 58 0D 21 1F"
"1165","11:12:21.589","标准帧","数据帧","CAN","0x201","发送成功","4","00 00 80 3F"
"1166","11:12:21.589","标准帧","数据帧","CAN","0x0","接收成功","8","11 A8 18 84 38 0F 21 1F"
"1167","11:12:21.589","标准帧","数据帧","CAN","0x201","发送成功","4","00 00 80 3F"
"1168","11:12:21.589","标准帧","数据帧","CAN","0x0","接收成功","8","11 A8 1E 84 38 11 21 1F"
"1169","11:12:21.589","标准帧","数据帧","CAN","0x201","发送成功","4","00 00 80 3F"
"1170","11:12:21.589","标准帧","数据帧","CAN","0x0","接收成功","8","11 A8 22 84 38 10 21 1F"
"1171","11:12:21.600","标准帧","数据帧","CAN","0x201","发送成功","4","00 00 80 3F"
"1172","11:12:21.600","标准帧","数据帧","CAN","0x0","接收成功","8","11 A8 2B 84 38 12 21 1F"
"1173","11:12:21.600","标准帧","数据帧","CAN","0x201","发送成功","4","00 00 80 3F"
"1174","11:12:21.600","标准帧","数据帧","CAN","0x0","接收成功","8","11 A8 33 84 28 12 21 1F"
"1175","11:12:21.610","标准帧","数据帧","CAN","0x201","发送成功","4","00 00 80 3F"
"1176","11:12:21.610","标准帧","数据帧","CAN","0x0","接收成功","8","11 A8 34 84 28 12 21 1F"
"1177","11:12:21.610","标准帧","数据帧","CAN","0x201","发送成功","4","00 00 80 3F"
"1178","11:12:21.610","标准帧","数据帧","CAN","0x0","接收成功","8","11 A8 58 84 48 0F 21 1F"
"1179","11:12:21.610","标准帧","数据帧","CAN","0x201","发送成功","4","00 00 80 3F"
"1180","11:12:21.610","标准帧","数据帧","CAN","0x0","接收成功","8","11 A8 5F 84 38 10 21 1F"
"1181","11:12:21.610","标准帧","数据帧","CAN","0x201","发送成功","4","00 00 80 3F"
"1182","11:12:21.610","标准帧","数据帧","CAN","0x0","接收成功","8","11 A8 61 84 38 10 21 1F"
"1183","11:12:21.610","标准帧","数据帧","CAN","0x201","发送成功","4","00 00 80 3F"
"1184","11:12:21.621","标准帧","数据帧","CAN","0x0","接收成功","8","11 A8 64 84 28 11 21 1F"
"1185","11:12:21.621","标准帧","数据帧","CAN","0x201","发送成功","4","00 00 80 3F"
"1186","11:12:21.621","标准帧","数据帧","CAN","0x0","接收成功","8","11 A8 6A 84 48 11 21 1F"
"1187","11:12:21.621","标准帧","数据帧","CAN","0x201","发送成功","4","00 00 80 3F"
"1188","11:12:21.621","标准帧","数据帧","CAN","0x0","接收成功","8","11 A8 6F 84 38 11 21 1F"
"1189","11:12:21.621","标准帧","数据帧","CAN","0x201","发送成功","4","00 00 80 3F"
"1190","11:12:21.621","标准帧","数据帧","CAN","0x0","接收成功","8","11 A8 6F 84 38 11 21 1F"
"1191","11:12:21.621","标准帧","数据帧","CAN","0x201","发送成功","4","00 00 80 3F"
"1192","11:12:21.621","标准帧","数据帧","CAN","0x0","接收成功","8","11 A8 73 84 38 12 21 1F"
"1193","11:12:21.621","标准帧","数据帧","CAN","0x201","发送成功","4","00 00 80 3F"
"1194","11:12:21.621","标准帧","数据帧","CAN","0x0","接收成功","8","11 A8 76 84 38 12 21 1F"
"1195","11:12:21.621","标准帧","数据帧","CAN","0x201","发送成功","4","00 00 80 3F"
"1196","11:12:21.621","标准帧","数据帧","CAN","0x0","接收成功","8","11 A8 78 84 28 12 21 1F"
"1197","11:12:21.621","标准帧","数据帧","CAN","0x201","发送成功","4","00 00 80 3F"
"1198","11:12:21.621","标准帧","数据帧","CAN","0x0","接收成功","8","11 A8 7B 84 28 12 21 1F"
"1199","11:12:21.632","标准帧","数据帧","CAN","0x201","发送成功","4","00 00 80 3F"
"1200","11:12:21.632","标准帧","数据帧","CAN","0x0","接收成功","8","11 A8 80 84 58 12 21 1F"
"1201","11:12:21.632","标准帧","数据帧","CAN","0x201","发送成功","4","00 00 80 3F"
"1202","11:12:21.632","标准帧","数据帧","CAN","0x0","接收成功","8","11 A8 81 84 38 11 21 1F"
"1203","11:12:21.632","标准帧","数据帧","CAN","0x201","发送成功","4","00 00 80 3F"
"1204","11:12:21.632","标准帧","数据帧","CAN","0x0","接收成功","8","11 A8 86 84 38 11 21 1F"
"1205","11:12:21.632","标准帧","数据帧","CAN","0x201","发送成功","4","00 00 80 3F"
"1206","11:12:21.632","标准帧","数据帧","CAN","0x0","接收成功","8","11 A8 88 84 28 12 21 1F"
"1207","11:12:21.632","标准帧","数据帧","CAN","0x201","发送成功","4","00 00 80 3F"
"1208","11:12:21.632","标准帧","数据帧","CAN","0x0","接收成功","8","11 A8 8D 84 48 11 21 1F"
"1209","11:12:21.632","标准帧","数据帧","CAN","0x201","发送成功","4","00 00 80 3F"
"1210","11:12:21.632","标准帧","数据帧","CAN","0x0","接收成功","8","11 A8 90 84 28 10 21 1F"
"1211","11:12:21.632","标准帧","数据帧","CAN","0x201","发送成功","4","00 00 80 3F"
"1212","11:12:21.632","标准帧","数据帧","CAN","0x0","接收成功","8","11 A8 95 84 48 10 21 1F"
"1213","11:12:21.642","标准帧","数据帧","CAN","0x201","发送成功","4","00 00 80 3F"
"1214","11:12:21.642","标准帧","数据帧","CAN","0x0","接收成功","8","11 A8 9B 84 58 0F 21 1F"
"1215","11:12:21.642","标准帧","数据帧","CAN","0x201","发送成功","4","00 00 80 3F"
"1216","11:12:21.642","标准帧","数据帧","CAN","0x0","接收成功","8","11 A8 9E 84 58 0F 21 1F"
"1217","11:12:21.642","标准帧","数据帧","CAN","0x201","发送成功","4","00 00 80 3F"
"1218","11:12:21.642","标准帧","数据帧","CAN","0x0","接收成功","8","11 A8 9F 84 58 0F 21 1F"
"1219","11:12:21.642","标准帧","数据帧","CAN","0x201","发送成功","4","00 00 80 3F"
"1220","11:12:21.642","标准帧","数据帧","CAN","0x0","接收成功","8","11 A8 A4 84 48 0E 21 1F"
"1221","11:12:21.642","标准帧","数据帧","CAN","0x201","发送成功","4","00 00 80 3F"
"1222","11:12:21.642","标准帧","数据帧","CAN","0x0","接收成功","8","11 A8 A7 84 48 0D 21 1F"
"1223","11:12:21.642","标准帧","数据帧","CAN","0x201","发送成功","4","00 00 80 3F"
"1224","11:12:21.642","标准帧","数据帧","CAN","0x0","接收成功","8","11 A8 AC 84 48 0D 21 1F"
"1225","11:12:21.642","标准帧","数据帧","CAN","0x201","发送成功","4","00 00 80 3F"
"1226","11:12:21.642","标准帧","数据帧","CAN","0x0","接收成功","8","11 A8 B1 84 48 0D 21 1F"
"1227","11:12:21.642","标准帧","数据帧","CAN","0x201","发送成功","4","00 00 80 3F"
"1228","11:12:21.642","标准帧","数据帧","CAN","0x0","接收成功","8","11 A8 B6 84 38 0E 21 1F"
"1229","11:12:21.653","标准帧","数据帧","CAN","0x201","发送成功","4","00 00 80 3F"
"1230","11:12:21.653","标准帧","数据帧","CAN","0x0","接收成功","8","11 A8 B7 84 28 0F 21 1F"
"1231","11:12:21.653","标准帧","数据帧","CAN","0x201","发送成功","4","00 00 80 3F"
"1232","11:12:21.653","标准帧","数据帧","CAN","0x0","接收成功","8","11 A8 BA 84 28 10 21 1F"
"1233","11:12:21.653","标准帧","数据帧","CAN","0x201","发送成功","4","00 00 80 3F"
"1234","11:12:21.653","标准帧","数据帧","CAN","0x0","接收成功","8","11 A8 BB 84 18 10 21 1F"
"1235","11:12:21.653","标准帧","数据帧","CAN","0x201","发送成功","4","00 00 80 3F"
"1236","11:12:21.653","标准帧","数据帧","CAN","0x0","接收成功","8","11 A8 C0 84 08 12 21 1F"
"1237","11:12:21.653","标准帧","数据帧","CAN","0x201","发送成功","4","00 00 80 3F"
"1238","11:12:21.653","标准帧","数据帧","CAN","0x0","接收成功","8","11 A8 C4 84 08 12 21 1F"
"1239","11:12:21.653","标准帧","数据帧","CAN","0x201","发送成功","4","00 00 80 3F"
"1240","11:12:21.653","标准帧","数据帧","CAN","0x0","接收成功","8","11 A8 C6 84 18 13 21 1F"
"1241","11:12:21.653","标准帧","数据帧","CAN","0x201","发送成功","4","00 00 80 3F"
"1242","11:12:21.653","标准帧","数据帧","CAN","0x0","接收成功","8","11 A8 CA 84 38 12 21 1F"
"1243","11:12:21.653","标准帧","数据帧","CAN","0x201","发送成功","4","00 00 80 3F"
"1244","11:12:21.653","标准帧","数据帧","CAN","0x0","接收成功","8","11 A8 CD 84 28 12 21 1F"
"1245","11:12:21.653","标准帧","数据帧","CAN","0x201","发送成功","4","00 00 80 3F"
"1246","11:12:21.653","标准帧","数据帧","CAN","0x0","接收成功","8","11 A8 CE 84 28 12 21 1F"
"1247","11:12:21.664","标准帧","数据帧","CAN","0x201","发送成功","4","00 00 80 3F"
"1248","11:12:21.664","标准帧","数据帧","CAN","0x0","接收成功","8","11 A8 D2 84 28 12 21 1F"
"1249","11:12:21.664","标准帧","数据帧","CAN","0x201","发送成功","4","00 00 80 3F"
"1250","11:12:21.664","标准帧","数据帧","CAN","0x0","接收成功","8","11 A8 D9 84 48 0F 21 1F"
"1251","11:12:21.664","标准帧","数据帧","CAN","0x201","发送成功","4","00 00 80 3F"
"1252","11:12:21.664","标准帧","数据帧","CAN","0x0","接收成功","8","11 A8 DD 84 58 0F 21 1F"
"1253","11:12:21.664","标准帧","数据帧","CAN","0x201","发送成功","4","00 00 80 3F"
"1254","11:12:21.664","标准帧","数据帧","CAN","0x0","接收成功","8","11 A8 DE 84 78 0F 21 1F"
"1255","11:12:21.664","标准帧","数据帧","CAN","0x201","发送成功","4","00 00 80 3F"
"1256","11:12:21.664","标准帧","数据帧","CAN","0x0","接收成功","8","11 A8 E1 84 58 0E 21 1F"
"1257","11:12:21.664","标准帧","数据帧","CAN","0x201","发送成功","4","00 00 80 3F"
"1258","11:12:21.664","标准帧","数据帧","CAN","0x0","接收成功","8","11 A8 E2 84 58 0E 21 1F"
"1259","11:12:21.664","标准帧","数据帧","CAN","0x201","发送成功","4","00 00 80 3F"
"1260","11:12:21.664","标准帧","数据帧","CAN","0x0","接收成功","8","11 A8 E7 84 58 0E 21 1F"
"1261","11:12:21.664","标准帧","数据帧","CAN","0x201","发送成功","4","00 00 80 3F"
"1262","11:12:21.664","标准帧","数据帧","CAN","0x201","发送成功","4","00 00 80 3F"
"1263","11:12:21.664","标准帧","数据帧","CAN","0x0","接收成功","8","11 A8 EA 84 48 0F 21 1F"
"1264","11:12:21.664","标准帧","数据帧","CAN","0x0","接收成功","8","11 A8 EB 84 48 0F 21 1F"
"1265","11:12:21.664","标准帧","数据帧","CAN","0x201","发送成功","4","00 00 80 3F"
"1266","11:12:21.664","标准帧","数据帧","CAN","0x0","接收成功","8","11 A8 F2 84 38 0F 21 1F"
"1267","11:12:21.664","标准帧","数据帧","CAN","0x201","发送成功","4","00 00 80 3F"
"1268","11:12:21.664","标准帧","数据帧","CAN","0x0","接收成功","8","11 A8 F6 84 28 10 21 1F"
"1269","11:12:21.664","标准帧","数据帧","CAN","0x201","发送成功","4","00 00 80 3F"
"1270","11:12:21.664","标准帧","数据帧","CAN","0x0","接收成功","8","11 A8 F7 84 28 10 21 1F"
"1271","11:12:21.664","标准帧","数据帧","CAN","0x201","发送成功","4","00 00 80 3F"
"1272","11:12:21.664","标准帧","数据帧","CAN","0x0","接收成功","8","11 A8 FB 84 18 11 21 1F"
"1273","11:12:21.664","标准帧","数据帧","CAN","0x201","发送成功","4","00 00 80 3F"
"1274","11:12:21.664","标准帧","数据帧","CAN","0x0","接收成功","8","11 A8 FF 84 18 13 21 1F"
"1275","11:12:21.664","标准帧","数据帧","CAN","0x201","发送成功","4","00 00 80 3F"
"1276","11:12:21.664","标准帧","数据帧","CAN","0x0","接收成功","8","11 A9 00 84 18 13 21 1F"
"1277","11:12:21.664","标准帧","数据帧","CAN","0x201","发送成功","4","00 00 80 3F"
"1278","11:12:21.664","标准帧","数据帧","CAN","0x0","接收成功","8","11 A9 06 84 28 14 21 1F"
"1279","11:12:21.664","标准帧","数据帧","CAN","0x201","发送成功","4","00 00 80 3F"
"1280","11:12:21.664","标准帧","数据帧","CAN","0x0","接收成功","8","11 A9 07 84 38 13 21 1F"
"1281","11:12:21.685","标准帧","数据帧","CAN","0x201","发送成功","4","00 00 80 3F"
"1282","11:12:21.685","标准帧","数据帧","CAN","0x0","接收成功","8","11 A9 0D 84 48 12 21 1F"
"1283","11:12:21.685","标准帧","数据帧","CAN","0x201","发送成功","4","00 00 80 3F"
"1284","11:12:21.685","标准帧","数据帧","CAN","0x0","接收成功","8","11 A9 11 84 48 11 21 1F"
"1285","11:12:21.685","标准帧","数据帧","CAN","0x201","发送成功","4","00 00 80 3F"
"1286","11:12:21.685","标准帧","数据帧","CAN","0x0","接收成功","8","11 A9 12 84 58 11 21 1F"
"1287","11:12:21.685","标准帧","数据帧","CAN","0x201","发送成功","4","00 00 80 3F"
"1288","11:12:21.685","标准帧","数据帧","CAN","0x0","接收成功","8","11 A9 1A 84 68 0F 21 1F"
"1289","11:12:21.685","标准帧","数据帧","CAN","0x201","发送成功","4","00 00 80 3F"
"1290","11:12:21.685","标准帧","数据帧","CAN","0x0","接收成功","8","11 A9 21 84 88 0E 21 1F"
"1291","11:12:21.685","标准帧","数据帧","CAN","0x201","发送成功","4","00 00 80 3F"
"1292","11:12:21.685","标准帧","数据帧","CAN","0x0","接收成功","8","11 A9 22 84 88 0E 21 1F"
"1293","11:12:21.695","标准帧","数据帧","CAN","0x201","发送成功","4","00 00 80 3F"
"1294","11:12:21.695","标准帧","数据帧","CAN","0x0","接收成功","8","11 A9 25 84 68 0D 21 1F"
"1295","11:12:21.695","标准帧","数据帧","CAN","0x201","发送成功","4","00 00 80 3F"
"1296","11:12:21.695","标准帧","数据帧","CAN","0x0","接收成功","8","11 A9 31 84 38 0F 21 1F"
"1297","11:12:21.695","标准帧","数据帧","CAN","0x201","发送成功","4","00 00 80 3F"
"1298","11:12:21.695","标准帧","数据帧","CAN","0x0","接收成功","8","11 A9 33 84 38 0F 21 1F"
"1299","11:12:21.695","标准帧","数据帧","CAN","0x201","发送成功","4","00 00 80 3F"
"1300","11:12:21.706","标准帧","数据帧","CAN","0x0","接收成功","8","11 A9 37 84 48 0F 21 1F"
"1301","11:12:21.706","标准帧","数据帧","CAN","0x201","发送成功","4","00 00 80 3F"
"1302","11:12:21.706","标准帧","数据帧","CAN","0x0","接收成功","8","11 A9 5B 84 58 10 21 1F"
"1303","11:12:21.706","标准帧","数据帧","CAN","0x201","发送成功","4","00 00 80 3F"
"1304","11:12:21.706","标准帧","数据帧","CAN","0x0","接收成功","8","11 A9 60 84 78 0F 21 1F"
"1305","11:12:21.706","标准帧","数据帧","CAN","0x201","发送成功","4","00 00 80 3F"
"1306","11:12:21.706","标准帧","数据帧","CAN","0x0","接收成功","8","11 A9 65 84 68 0D 21 1F"
"1307","11:12:21.706","标准帧","数据帧","CAN","0x201","发送成功","4","00 00 80 3F"
"1308","11:12:21.706","标准帧","数据帧","CAN","0x0","接收成功","8","11 A9 68 84 68 0D 21 1F"
"1309","11:12:21.706","标准帧","数据帧","CAN","0x201","发送成功","4","00 00 80 3F"
"1310","11:12:21.706","标准帧","数据帧","CAN","0x0","接收成功","8","11 A9 6E 84 48 0D 21 1F"
"1311","11:12:21.706","标准帧","数据帧","CAN","0x201","发送成功","4","00 00 80 3F"
"1312","11:12:21.706","标准帧","数据帧","CAN","0x0","接收成功","8","11 A9 73 84 28 0F 21 1F"
"1313","11:12:21.706","标准帧","数据帧","CAN","0x201","发送成功","4","00 00 80 3F"
"1314","11:12:21.716","标准帧","数据帧","CAN","0x0","接收成功","8","11 A9 76 84 08 10 21 1F"
"1315","11:12:21.716","标准帧","数据帧","CAN","0x201","发送成功","4","00 00 80 3F"
"1316","11:12:21.716","标准帧","数据帧","CAN","0x0","接收成功","8","11 A9 77 84 08 10 21 1F"
"1317","11:12:21.716","标准帧","数据帧","CAN","0x201","发送成功","4","00 00 80 3F"
"1318","11:12:21.716","标准帧","数据帧","CAN","0x0","接收成功","8","11 A9 7C 84 28 10 21 1F"
"1319","11:12:21.716","标准帧","数据帧","CAN","0x201","发送成功","4","00 00 80 3F"
"1320","11:12:21.716","标准帧","数据帧","CAN","0x0","接收成功","8","11 A9 80 84 38 11 21 1F"
"1321","11:12:21.716","标准帧","数据帧","CAN","0x201","发送成功","4","00 00 80 3F"
"1322","11:12:21.716","标准帧","数据帧","CAN","0x0","接收成功","8","11 A9 81 84 38 11 21 1F"
"1323","11:12:21.716","标准帧","数据帧","CAN","0x201","发送成功","4","00 00 80 3F"
"1324","11:12:21.716","标准帧","数据帧","CAN","0x0","接收成功","8","11 A9 85 84 08 12 21 1F"
"1325","11:12:21.716","标准帧","数据帧","CAN","0x201","发送成功","4","00 00 80 3F"
"1326","11:12:21.716","标准帧","数据帧","CAN","0x0","接收成功","8","11 A9 8A 84 18 13 21 1F"
"1327","11:12:21.727","标准帧","数据帧","CAN","0x201","发送成功","4","00 00 80 3F"
"1328","11:12:21.727","标准帧","数据帧","CAN","0x0","接收成功","8","11 A9 91 84 38 12 21 1F"
"1329","11:12:21.727","标准帧","数据帧","CAN","0x201","发送成功","4","00 00 80 3F"
"1330","11:12:21.727","标准帧","数据帧","CAN","0x0","接收成功","8","11 A9 94 84 38 10 21 1F"
"1331","11:12:21.727","标准帧","数据帧","CAN","0x201","发送成功","4","00 00 80 3F"
"1332","11:12:21.727","标准帧","数据帧","CAN","0x0","接收成功","8","11 A9 9C 84 58 0F 21 1F"
"1333","11:12:21.727","标准帧","数据帧","CAN","0x201","发送成功","4","00 00 80 3F"
"1334","11:12:21.727","标准帧","数据帧","CAN","0x0","接收成功","8","11 A9 A3 84 58 0E 21 1F"
"1335","11:12:21.727","标准帧","数据帧","CAN","0x201","发送成功","4","00 00 80 3F"
"1336","11:12:21.727","标准帧","数据帧","CAN","0x0","接收成功","8","11 A9 A4 84 58 0E 21 1F"
"1337","11:12:21.727","标准帧","数据帧","CAN","0x201","发送成功","4","00 00 80 3F"
"1338","11:12:21.727","标准帧","数据帧","CAN","0x0","接收成功","8","11 A9 A9 84 58 0D 21 1F"
"1339","11:12:21.727","标准帧","数据帧","CAN","0x201","发送成功","4","00 00 80 3F"
"1340","11:12:21.727","标准帧","数据帧","CAN","0x0","接收成功","8","11 A9 AA 84 58 0D 21 1F"
"1341","11:12:21.738","标准帧","数据帧","CAN","0x201","发送成功","4","00 00 80 3F"
"1342","11:12:21.738","标准帧","数据帧","CAN","0x0","接收成功","8","11 A9 AE 84 58 0D 21 1F"
"1343","11:12:21.738","标准帧","数据帧","CAN","0x201","发送成功","4","00 00 80 3F"
"1344","11:12:21.738","标准帧","数据帧","CAN","0x0","接收成功","8","11 A9 AE 84 58 0D 21 1F"
"1345","11:12:21.738","标准帧","数据帧","CAN","0x201","发送成功","4","00 00 80 3F"
"1346","11:12:21.738","标准帧","数据帧","CAN","0x0","接收成功","8","11 A9 B2 84 38 0E 21 1F"
"1347","11:12:21.738","标准帧","数据帧","CAN","0x201","发送成功","4","00 00 80 3F"
"1348","11:12:21.738","标准帧","数据帧","CAN","0x0","接收成功","8","11 A9 B3 84 38 0E 21 1F"
"1349","11:12:21.738","标准帧","数据帧","CAN","0x201","发送成功","4","00 00 80 3F"
"1350","11:12:21.738","标准帧","数据帧","CAN","0x0","接收成功","8","11 A9 B8 84 28 10 21 1F"
"1351","11:12:21.738","标准帧","数据帧","CAN","0x201","发送成功","4","00 00 80 3F"
"1352","11:12:21.738","标准帧","数据帧","CAN","0x0","接收成功","8","11 A9 BB 84 28 10 21 1F"
"1353","11:12:21.738","标准帧","数据帧","CAN","0x201","发送成功","4","00 00 80 3F"
"1354","11:12:21.738","标准帧","数据帧","CAN","0x0","接收成功","8","11 A9 BC 84 28 10 21 1F"
"1355","11:12:21.738","标准帧","数据帧","CAN","0x201","发送成功","4","00 00 80 3F"
"1356","11:12:21.738","标准帧","数据帧","CAN","0x0","接收成功","8","11 A9 C0 84 38 11 21 1F"
"1357","11:12:21.748","标准帧","数据帧","CAN","0x201","发送成功","4","00 00 80 3F"
"1358","11:12:21.748","标准帧","数据帧","CAN","0x0","接收成功","8","11 A9 C4 84 28 10 21 1F"
"1359","11:12:21.748","标准帧","数据帧","CAN","0x201","发送成功","4","00 00 80 3F"
"1360","11:12:21.748","标准帧","数据帧","CAN","0x0","接收成功","8","11 A9 C8 84 38 10 21 1F"
"1361","11:12:21.748","标准帧","数据帧","CAN","0x201","发送成功","4","00 00 80 3F"
"1362","11:12:21.748","标准帧","数据帧","CAN","0x0","接收成功","8","11 A9 C9 84 38 11 21 1F"
"1363","11:12:21.748","标准帧","数据帧","CAN","0x201","发送成功","4","00 00 80 3F"
"1364","11:12:21.748","标准帧","数据帧","CAN","0x0","接收成功","8","11 A9 CE 84 38 11 21 1F"
"1365","11:12:21.748","标准帧","数据帧","CAN","0x201","发送成功","4","00 00 80 3F"
"1366","11:12:21.748","标准帧","数据帧","CAN","0x0","接收成功","8","11 A9 D3 84 28 10 21 1F"
"1367","11:12:21.748","标准帧","数据帧","CAN","0x201","发送成功","4","00 00 80 3F"
"1368","11:12:21.748","标准帧","数据帧","CAN","0x0","接收成功","8","11 A9 D6 84 28 11 21 1F"
"1369","11:12:21.748","标准帧","数据帧","CAN","0x201","发送成功","4","00 00 80 3F"
"1370","11:12:21.748","标准帧","数据帧","CAN","0x0","接收成功","8","11 A9 D7 84 28 11 21 1F"
"1371","11:12:21.748","标准帧","数据帧","CAN","0x201","发送成功","4","00 00 80 3F"
"1372","11:12:21.748","标准帧","数据帧","CAN","0x0","接收成功","8","11 A9 DE 84 58 10 21 1F"
"1373","11:12:21.748","标准帧","数据帧","CAN","0x201","发送成功","4","00 00 80 3F"
"1374","11:12:21.759","标准帧","数据帧","CAN","0x0","接收成功","8","11 A9 E1 84 38 10 21 1F"
"1375","11:12:21.759","标准帧","数据帧","CAN","0x201","发送成功","4","00 00 80 3F"
"1376","11:12:21.759","标准帧","数据帧","CAN","0x0","接收成功","8","11 A9 E2 84 38 10 21 1F"
"1377","11:12:21.759","标准帧","数据帧","CAN","0x201","发送成功","4","00 00 80 3F"
"1378","11:12:21.759","标准帧","数据帧","CAN","0x0","接收成功","8","11 A9 E6 84 48 10 21 1F"
"1379","11:12:21.759","标准帧","数据帧","CAN","0x201","发送成功","4","00 00 80 3F"
"1380","11:12:21.759","标准帧","数据帧","CAN","0x0","接收成功","8","11 A9 EB 84 48 0F 21 1F"
"1381","11:12:21.759","标准帧","数据帧","CAN","0x201","发送成功","4","00 00 80 3F"
"1382","11:12:21.759","标准帧","数据帧","CAN","0x0","接收成功","8","11 A9 EE 84 58 0F 21 1F"
"1383","11:12:21.759","标准帧","数据帧","CAN","0x201","发送成功","4","00 00 80 3F"
"1384","11:12:21.759","标准帧","数据帧","CAN","0x0","接收成功","8","11 A9 EF 84 58 0F 21 1F"
"1385","11:12:21.759","标准帧","数据帧","CAN","0x201","发送成功","4","00 00 80 3F"
"1386","11:12:21.759","标准帧","数据帧","CAN","0x0","接收成功","8","11 A9 F7 84 38 0E 21 1F"
"1387","11:12:21.759","标准帧","数据帧","CAN","0x201","发送成功","4","00 00 80 3F"
"1388","11:12:21.759","标准帧","数据帧","CAN","0x0","接收成功","8","11 A9 FB 84 38 0F 21 1F"
"1389","11:12:21.769","标准帧","数据帧","CAN","0x201","发送成功","4","00 00 80 3F"
"1390","11:12:21.769","标准帧","数据帧","CAN","0x0","接收成功","8","11 A9 FF 84 38 0F 21 1F"
"1391","11:12:21.769","标准帧","数据帧","CAN","0x201","发送成功","4","00 00 80 3F"
"1392","11:12:21.769","标准帧","数据帧","CAN","0x0","接收成功","8","11 AA 00 84 38 0F 21 1F"
"1393","11:12:21.769","标准帧","数据帧","CAN","0x201","发送成功","4","00 00 80 3F"
"1394","11:12:21.769","标准帧","数据帧","CAN","0x0","接收成功","8","11 AA 05 84 28 0F 21 1F"
"1395","11:12:21.769","标准帧","数据帧","CAN","0x201","发送成功","4","00 00 80 3F"
"1396","11:12:21.769","标准帧","数据帧","CAN","0x0","接收成功","8","11 AA 08 84 38 0F 21 1F"
"1397","11:12:21.769","标准帧","数据帧","CAN","0x201","发送成功","4","00 00 80 3F"
"1398","11:12:21.769","标准帧","数据帧","CAN","0x0","接收成功","8","11 AA 0A 84 38 0F 21 1F"
"1399","11:12:21.769","标准帧","数据帧","CAN","0x201","发送成功","4","00 00 80 3F"
"1400","11:12:21.769","标准帧","数据帧","CAN","0x0","接收成功","8","11 AA 0F 84 38 0F 21 1F"
"1401","11:12:21.769","标准帧","数据帧","CAN","0x201","发送成功","4","00 00 80 3F"
"1402","11:12:21.769","标准帧","数据帧","CAN","0x0","接收成功","8","11 AA 13 84 28 11 21 1F"
"1403","11:12:21.769","标准帧","数据帧","CAN","0x201","发送成功","4","00 00 80 3F"
"1404","11:12:21.769","标准帧","数据帧","CAN","0x0","接收成功","8","11 AA 14 84 28 11 21 1F"
"1405","11:12:21.780","标准帧","数据帧","CAN","0x201","发送成功","4","00 00 80 3F"
"1406","11:12:21.780","标准帧","数据帧","CAN","0x0","接收成功","8","11 AA 1C 84 38 11 21 1F"
"1407","11:12:21.780","标准帧","数据帧","CAN","0x201","发送成功","4","00 00 80 3F"
"1408","11:12:21.780","标准帧","数据帧","CAN","0x0","接收成功","8","11 AA 21 84 18 11 21 1F"
"1409","11:12:21.780","标准帧","数据帧","CAN","0x201","发送成功","4","00 00 80 3F"
"1410","11:12:21.780","标准帧","数据帧","CAN","0x0","接收成功","8","11 AA 23 84 28 12 21 1F"
"1411","11:12:21.780","标准帧","数据帧","CAN","0x201","发送成功","4","00 00 80 3F"
"1412","11:12:21.780","标准帧","数据帧","CAN","0x0","接收成功","8","11 AA 28 84 48 11 21 1F"
"1413","11:12:21.780","标准帧","数据帧","CAN","0x201","发送成功","4","00 00 80 3F"
"1414","11:12:21.780","标准帧","数据帧","CAN","0x0","接收成功","8","11 AA 2A 84 48 10 21 1F"
"1415","11:12:21.800","标准帧","数据帧","CAN","0x201","发送成功","4","00 00 80 3F"
"1416","11:12:21.800","标准帧","数据帧","CAN","0x0","接收成功","8","11 AA 3B 84 58 0E 21 1F"
"1417","11:12:21.800","标准帧","数据帧","CAN","0x201","发送成功","4","00 00 80 3F"
"1418","11:12:21.800","标准帧","数据帧","CAN","0x0","接收成功","8","11 AA 3D 84 58 0E 21 1F"
"1419","11:12:21.800","标准帧","数据帧","CAN","0x201","发送成功","4","00 00 80 3F"
"1420","11:12:21.800","标准帧","数据帧","CAN","0x0","接收成功","8","11 AA 44 84 48 0E 21 1F"
"1421","11:12:21.800","标准帧","数据帧","CAN","0x201","发送成功","4","00 00 80 3F"
"1422","11:12:21.800","标准帧","数据帧","CAN","0x0","接收成功","8","11 AA 46 84 38 0E 21 1F"
"1423","11:12:21.800","标准帧","数据帧","CAN","0x201","发送成功","4","00 00 80 3F"
"1424","11:12:21.800","标准帧","数据帧","CAN","0x0","接收成功","8","11 AA 67 84 18 12 21 1F"
"1425","11:12:21.800","标准帧","数据帧","CAN","0x201","发送成功","4","00 00 80 3F"
"1426","11:12:21.800","标准帧","数据帧","CAN","0x0","接收成功","8","11 AA 6A 84 38 12 21 1F"
"1427","11:12:21.810","标准帧","数据帧","CAN","0x201","发送成功","4","00 00 80 3F"
"1428","11:12:21.810","标准帧","数据帧","CAN","0x0","接收成功","8","11 AA 6F 84 48 10 21 1F"
"1429","11:12:21.810","标准帧","数据帧","CAN","0x201","发送成功","4","00 00 80 3F"
"1430","11:12:21.810","标准帧","数据帧","CAN","0x0","接收成功","8","11 AA 71 84 68 0F 21 1F"
"1431","11:12:21.810","标准帧","数据帧","CAN","0x201","发送成功","4","00 00 80 3F"
"1432","11:12:21.810","标准帧","数据帧","CAN","0x0","接收成功","8","11 AA 77 84 68 0E 21 1F"
"1433","11:12:21.810","标准帧","数据帧","CAN","0x201","发送成功","4","00 00 80 3F"
"1434","11:12:21.810","标准帧","数据帧","CAN","0x0","接收成功","8","11 AA 79 84 68 0E 21 1F"
"1435","11:12:21.810","标准帧","数据帧","CAN","0x201","发送成功","4","00 00 80 3F"
"1436","11:12:21.810","标准帧","数据帧","CAN","0x0","接收成功","8","11 AA 7E 84 78 0C 21 1F"
"1437","11:12:21.810","标准帧","数据帧","CAN","0x201","发送成功","4","00 00 80 3F"
"1438","11:12:21.810","标准帧","数据帧","CAN","0x0","接收成功","8","11 AA 7F 84 68 0C 21 1F"
"1439","11:12:21.810","标准帧","数据帧","CAN","0x201","发送成功","4","00 00 80 3F"
"1440","11:12:21.810","标准帧","数据帧","CAN","0x0","接收成功","8","11 AA 84 84 58 0C 21 1F"
"1441","11:12:21.821","标准帧","数据帧","CAN","0x201","发送成功","4","00 00 80 3F"
"1442","11:12:21.821","标准帧","数据帧","CAN","0x0","接收成功","8","11 AA 89 84 48 0C 21 1F"
"1443","11:12:21.821","标准帧","数据帧","CAN","0x201","发送成功","4","00 00 80 3F"
"1444","11:12:21.821","标准帧","数据帧","CAN","0x0","接收成功","8","11 AA 8E 84 48 0D 21 1F"
"1445","11:12:21.821","标准帧","数据帧","CAN","0x201","发送成功","4","00 00 80 3F"
"1446","11:12:21.821","标准帧","数据帧","CAN","0x0","接收成功","8","11 AA 93 84 18 0E 21 1F"
"1447","11:12:21.821","标准帧","数据帧","CAN","0x201","发送成功","4","00 00 80 3F"
"1448","11:12:21.821","标准帧","数据帧","CAN","0x0","接收成功","8","11 AA 94 84 18 0E 21 1F"
"1449","11:12:21.821","标准帧","数据帧","CAN","0x201","发送成功","4","00 00 80 3F"
"1450","11:12:21.821","标准帧","数据帧","CAN","0x0","接收成功","8","11 AA 97 84 08 10 21 1F"
"1451","11:12:21.821","标准帧","数据帧","CAN","0x201","发送成功","4","00 00 80 3F"
"1452","11:12:21.821","标准帧","数据帧","CAN","0x0","接收成功","8","11 AA 9C 84 08 13 21 1F"
"1453","11:12:21.832","标准帧","数据帧","CAN","0x201","发送成功","4","00 00 80 3F"
"1454","11:12:21.832","标准帧","数据帧","CAN","0x0","接收成功","8","11 AA A1 83 F8 13 21 1F"
"1455","11:12:21.832","标准帧","数据帧","CAN","0x201","发送成功","4","00 00 80 3F"
"1456","11:12:21.832","标准帧","数据帧","CAN","0x0","接收成功","8","11 AA A7 84 28 14 21 1F"
"1457","11:12:21.832","标准帧","数据帧","CAN","0x201","发送成功","4","00 00 80 3F"
"1458","11:12:21.832","标准帧","数据帧","CAN","0x0","接收成功","8","11 AA A8 84 38 13 21 1F"
"1459","11:12:21.832","标准帧","数据帧","CAN","0x201","发送成功","4","00 00 80 3F"
"1460","11:12:21.832","标准帧","数据帧","CAN","0x0","接收成功","8","11 AA AD 84 38 12 21 1F"
"1461","11:12:21.832","标准帧","数据帧","CAN","0x201","发送成功","4","00 00 80 3F"
"1462","11:12:21.832","标准帧","数据帧","CAN","0x0","接收成功","8","11 AA B3 84 58 11 21 1F"
"1463","11:12:21.832","标准帧","数据帧","CAN","0x201","发送成功","4","00 00 80 3F"
"1464","11:12:21.832","标准帧","数据帧","CAN","0x0","接收成功","8","11 AA B8 84 68 0F 21 1F"
"1465","11:12:21.842","标准帧","数据帧","CAN","0x201","发送成功","4","00 00 80 3F"
"1466","11:12:21.842","标准帧","数据帧","CAN","0x0","接收成功","8","11 AA BE 84 68 0F 21 1F"
"1467","11:12:21.842","标准帧","数据帧","CAN","0x201","发送成功","4","00 00 80 3F"
"1468","11:12:21.842","标准帧","数据帧","CAN","0x0","接收成功","8","11 AA C5 84 58 0D 21 1F"
"1469","11:12:21.842","标准帧","数据帧","CAN","0x201","发送成功","4","00 00 80 3F"
"1470","11:12:21.842","标准帧","数据帧","CAN","0x0","接收成功","8","11 AA C9 84 48 0E 21 1F"
"1471","11:12:21.842","标准帧","数据帧","CAN","0x201","发送成功","4","00 00 80 3F"
"1472","11:12:21.842","标准帧","数据帧","CAN","0x0","接收成功","8","11 AA CE 84 28 0F 21 1F"
"1473","11:12:21.842","标准帧","数据帧","CAN","0x201","发送成功","4","00 00 80 3F"
"1474","11:12:21.842","标准帧","数据帧","CAN","0x0","接收成功","8","11 AA CF 84 38 0F 21 1F"
"1475","11:12:21.842","标准帧","数据帧","CAN","0x201","发送成功","4","00 00 80 3F"
"1476","11:12:21.842","标准帧","数据帧","CAN","0x0","接收成功","8","11 AA D3 84 28 10 21 1F"
"1477","11:12:21.842","标准帧","数据帧","CAN","0x201","发送成功","4","00 00 80 3F"
"1478","11:12:21.842","标准帧","数据帧","CAN","0x0","接收成功","8","11 AA D6 84 18 12 21 1F"
"1479","11:12:21.842","标准帧","数据帧","CAN","0x201","发送成功","4","00 00 80 3F"
"1480","11:12:21.842","标准帧","数据帧","CAN","0x0","接收成功","8","11 AA D7 84 18 12 21 1F"
"1481","11:12:21.853","标准帧","数据帧","CAN","0x201","发送成功","4","00 00 80 3F"
"1482","11:12:21.853","标准帧","数据帧","CAN","0x0","接收成功","8","11 AA DE 84 18 14 21 1F"
"1483","11:12:21.853","标准帧","数据帧","CAN","0x201","发送成功","4","00 00 80 3F"
"1484","11:12:21.853","标准帧","数据帧","CAN","0x0","接收成功","8","11 AA E3 84 18 14 21 1F"
"1485","11:12:21.853","标准帧","数据帧","CAN","0x201","发送成功","4","00 00 80 3F"
"1486","11:12:21.853","标准帧","数据帧","CAN","0x0","接收成功","8","11 AA E5 84 18 14 21 1F"
"1487","11:12:21.853","标准帧","数据帧","CAN","0x201","发送成功","4","00 00 80 3F"
"1488","11:12:21.853","标准帧","数据帧","CAN","0x0","接收成功","8","11 AA EC 84 58 12 21 1F"
"1489","11:12:21.853","标准帧","数据帧","CAN","0x201","发送成功","4","00 00 80 3F"
"1490","11:12:21.853","标准帧","数据帧","CAN","0x0","接收成功","8","11 AA F0 84 48 10 21 1F"
"1491","11:12:21.864","标准帧","数据帧","CAN","0x201","发送成功","4","00 00 80 3F"
"1492","11:12:21.864","标准帧","数据帧","CAN","0x0","接收成功","8","11 AA F8 84 58 0F 21 1F"
"1493","11:12:21.864","标准帧","数据帧","CAN","0x201","发送成功","4","00 00 80 3F"
"1494","11:12:21.864","标准帧","数据帧","CAN","0x0","接收成功","8","11 AA FD 84 78 0D 21 1F"
"1495","11:12:21.864","标准帧","数据帧","CAN","0x201","发送成功","4","00 00 80 3F"
"1496","11:12:21.864","标准帧","数据帧","CAN","0x0","接收成功","8","11 AA FE 84 78 0D 21 1F"
"1497","11:12:21.864","标准帧","数据帧","CAN","0x201","发送成功","4","00 00 80 3F"
"1498","11:12:21.864","标准帧","数据帧","CAN","0x0","接收成功","8","11 AB 02 84 68 0C 21 1F"
"1499","11:12:21.864","标准帧","数据帧","CAN","0x201","发送成功","4","00 00 80 3F"
"1500","11:12:21.864","标准帧","数据帧","CAN","0x0","接收成功","8","11 AB 08 84 48 0C 21 1F"
"1501","11:12:21.864","标准帧","数据帧","CAN","0x201","发送成功","4","00 00 80 3F"
"1502","11:12:21.864","标准帧","数据帧","CAN","0x0","接收成功","8","11 AB 0E 84 28 0E 21 1F"
"1503","11:12:21.885","标准帧","数据帧","CAN","0x201","发送成功","4","00 00 80 3F"
"1504","11:12:21.885","标准帧","数据帧","CAN","0x0","接收成功","8","11 AB 14 84 18 0F 21 1F"
"1505","11:12:21.885","标准帧","数据帧","CAN","0x201","发送成功","4","00 00 80 3F"
"1506","11:12:21.885","标准帧","数据帧","CAN","0x0","接收成功","8","11 AB 16 84 18 11 21 1F"
"1507","11:12:21.885","标准帧","数据帧","CAN","0x201","发送成功","4","00 00 80 3F"
"1508","11:12:21.885","标准帧","数据帧","CAN","0x0","接收成功","8","11 AB 19 84 18 12 21 1F"
"1509","11:12:21.885","标准帧","数据帧","CAN","0x201","发送成功","4","00 00 80 3F"
"1510","11:12:21.885","标准帧","数据帧","CAN","0x0","接收成功","8","11 AB 1B 84 08 12 21 1F"
"1511","11:12:21.885","标准帧","数据帧","CAN","0x201","发送成功","4","00 00 80 3F"
"1512","11:12:21.885","标准帧","数据帧","CAN","0x0","接收成功","8","11 AB 1F 84 18 12 21 1F"
"1513","11:12:21.885","标准帧","数据帧","CAN","0x201","发送成功","4","00 00 80 3F"
"1514","11:12:21.885","标准帧","数据帧","CAN","0x0","接收成功","8","11 AB 20 84 18 13 21 1F"
"1515","11:12:21.885","标准帧","数据帧","CAN","0x201","发送成功","4","00 00 80 3F"
"1516","11:12:21.885","标准帧","数据帧","CAN","0x0","接收成功","8","11 AB 29 84 28 15 21 1F"
"1517","11:12:21.885","标准帧","数据帧","CAN","0x201","发送成功","4","00 00 80 3F"
"1518","11:12:21.885","标准帧","数据帧","CAN","0x0","接收成功","8","11 AB 2E 84 38 13 21 1F"
"1519","11:12:21.895","标准帧","数据帧","CAN","0x201","发送成功","4","00 00 80 3F"
"1520","11:12:21.895","标准帧","数据帧","CAN","0x0","接收成功","8","11 AB 30 84 48 13 21 1F"
"1521","11:12:21.895","标准帧","数据帧","CAN","0x201","发送成功","4","00 00 80 3F"
"1522","11:12:21.895","标准帧","数据帧","CAN","0x0","接收成功","8","11 AB 3D 84 68 10 21 1F"
"1523","11:12:21.905","标准帧","数据帧","CAN","0x201","发送成功","4","00 00 80 3F"
"1524","11:12:21.905","标准帧","数据帧","CAN","0x0","接收成功","8","11 AB 4A 84 58 0F 21 1F"
"1525","11:12:21.905","标准帧","数据帧","CAN","0x201","发送成功","4","00 00 80 3F"
"1526","11:12:21.905","标准帧","数据帧","CAN","0x0","接收成功","8","11 AB 51 84 38 0F 21 1F"
"1527","11:12:21.905","标准帧","数据帧","CAN","0x201","发送成功","4","00 00 80 3F"
"1528","11:12:21.927","标准帧","数据帧","CAN","0x0","接收成功","8","11 AB 5F 84 28 10 21 1F"
"1529","11:12:21.927","标准帧","数据帧","CAN","0x201","发送成功","4","00 00 80 3F"
"1530","11:12:21.927","标准帧","数据帧","CAN","0x0","接收成功","8","11 AB 60 84 38 11 21 1F"
"1531","11:12:21.927","标准帧","数据帧","CAN","0x201","发送成功","4","00 00 80 3F"
"1532","11:12:21.927","标准帧","数据帧","CAN","0x0","接收成功","8","11 AB 86 84 38 10 21 1F"
"1533","11:12:21.927","标准帧","数据帧","CAN","0x201","发送成功","4","00 00 80 3F"
"1534","11:12:21.927","标准帧","数据帧","CAN","0x0","接收成功","8","11 AB 8D 84 48 0E 21 1F"
"1535","11:12:21.927","标准帧","数据帧","CAN","0x201","发送成功","4","00 00 80 3F"
"1536","11:12:21.927","标准帧","数据帧","CAN","0x0","接收成功","8","11 AB 96 84 28 0F 21 1F"
"1537","11:12:21.927","标准帧","数据帧","CAN","0x201","发送成功","4","00 00 80 3F"
"1538","11:12:21.927","标准帧","数据帧","CAN","0x0","接收成功","8","11 AB 98 84 28 0F 21 1F"
"1539","11:12:21.927","标准帧","数据帧","CAN","0x201","发送成功","4","00 00 80 3F"
"1540","11:12:21.927","标准帧","数据帧","CAN","0x0","接收成功","8","11 AB 9C 84 38 10 21 1F"
"1541","11:12:21.938","标准帧","数据帧","CAN","0x201","发送成功","4","00 00 80 3F"
"1542","11:12:21.938","标准帧","数据帧","CAN","0x0","接收成功","8","11 AB 9D 84 38 10 21 1F"
"1543","11:12:21.938","标准帧","数据帧","CAN","0x201","发送成功","4","00 00 80 3F"
"1544","11:12:21.938","标准帧","数据帧","CAN","0x0","接收成功","8","11 AB A2 84 58 10 21 1F"
"1545","11:12:21.938","标准帧","数据帧","CAN","0x201","发送成功","4","00 00 80 3F"
"1546","11:12:21.938","标准帧","数据帧","CAN","0x0","接收成功","8","11 AB A3 84 38 0F 21 1F"
"1547","11:12:21.938","标准帧","数据帧","CAN","0x201","发送成功","4","00 00 80 3F"
"1548","11:12:21.938","标准帧","数据帧","CAN","0x0","接收成功","8","11 AB AE 84 18 11 21 1F"
"1549","11:12:21.938","标准帧","数据帧","CAN","0x201","发送成功","4","00 00 80 3F"
"1550","11:12:21.938","标准帧","数据帧","CAN","0x0","接收成功","8","11 AB B3 84 28 12 21 1F"
"1551","11:12:21.938","标准帧","数据帧","CAN","0x201","发送成功","4","00 00 80 3F"
"1552","11:12:21.938","标准帧","数据帧","CAN","0x0","接收成功","8","11 AB B4 84 28 12 21 1F"
"1553","11:12:21.938","标准帧","数据帧","CAN","0x201","发送成功","4","00 00 80 3F"
"1554","11:12:21.938","标准帧","数据帧","CAN","0x0","接收成功","8","11 AB B9 84 38 11 21 1F"
"1555","11:12:21.938","标准帧","数据帧","CAN","0x201","发送成功","4","00 00 80 3F"
"1556","11:12:21.938","标准帧","数据帧","CAN","0x0","接收成功","8","11 AB BE 84 18 12 21 1F"
"1557","11:12:21.938","标准帧","数据帧","CAN","0x201","发送成功","4","00 00 80 3F"
"1558","11:12:21.938","标准帧","数据帧","CAN","0x0","接收成功","8","11 AB C0 84 28 12 21 1F"
"1559","11:12:21.938","标准帧","数据帧","CAN","0x201","发送成功","4","00 00 80 3F"
"1560","11:12:21.938","标准帧","数据帧","CAN","0x0","接收成功","8","11 AB C8 84 38 10 21 1F"
"1561","11:12:21.938","标准帧","数据帧","CAN","0x201","发送成功","4","00 00 80 3F"
"1562","11:12:21.938","标准帧","数据帧","CAN","0x0","接收成功","8","11 AB CD 84 48 10 21 1F"
"1563","11:12:21.938","标准帧","数据帧","CAN","0x201","发送成功","4","00 00 80 3F"
"1564","11:12:21.938","标准帧","数据帧","CAN","0x0","接收成功","8","11 AB CE 84 48 10 21 1F"
"1565","11:12:21.949","标准帧","数据帧","CAN","0x201","发送成功","4","00 00 80 3F"
"1566","11:12:21.949","标准帧","数据帧","CAN","0x0","接收成功","8","11 AB D6 84 58 0E 21 1F"
"1567","11:12:21.949","标准帧","数据帧","CAN","0x201","发送成功","4","00 00 80 3F"
"1568","11:12:21.949","标准帧","数据帧","CAN","0x0","接收成功","8","11 AB DB 84 58 0E 21 1F"
"1569","11:12:21.949","标准帧","数据帧","CAN","0x201","发送成功","4","00 00 80 3F"
"1570","11:12:21.949","标准帧","数据帧","CAN","0x0","接收成功","8","11 AB DD 84 58 0E 21 1F"
"1571","11:12:21.949","标准帧","数据帧","CAN","0x201","发送成功","4","00 00 80 3F"
"1572","11:12:21.949","标准帧","数据帧","CAN","0x0","接收成功","8","11 AB E3 84 48 0E 21 1F"
"1573","11:12:21.949","标准帧","数据帧","CAN","0x201","发送成功","4","00 00 80 3F"
"1574","11:12:21.949","标准帧","数据帧","CAN","0x0","接收成功","8","11 AB E6 84 68 0E 21 1F"
"1575","11:12:21.949","标准帧","数据帧","CAN","0x201","发送成功","4","00 00 80 3F"
"1576","11:12:21.949","标准帧","数据帧","CAN","0x0","接收成功","8","11 AB EC 84 38 0F 21 1F"
"1577","11:12:21.949","标准帧","数据帧","CAN","0x201","发送成功","4","00 00 80 3F"
"1578","11:12:21.949","标准帧","数据帧","CAN","0x0","接收成功","8","11 AB EE 84 18 10 21 1F"
"1579","11:12:21.960","标准帧","数据帧","CAN","0x201","发送成功","4","00 00 80 3F"
"1580","11:12:21.960","标准帧","数据帧","CAN","0x0","接收成功","8","11 AB F2 84 18 11 21 1F"
"1581","11:12:21.960","标准帧","数据帧","CAN","0x201","发送成功","4","00 00 80 3F"
"1582","11:12:21.960","标准帧","数据帧","CAN","0x0","接收成功","8","11 AB F8 84 08 12 21 1F"
"1583","11:12:21.960","标准帧","数据帧","CAN","0x201","发送成功","4","00 00 80 3F"
"1584","11:12:21.960","标准帧","数据帧","CAN","0x0","接收成功","8","11 AC 02 84 38 11 21 1F"
"1585","11:12:21.960","标准帧","数据帧","CAN","0x201","发送成功","4","00 00 80 3F"
"1586","11:12:21.960","标准帧","数据帧","CAN","0x0","接收成功","8","11 AC 08 84 48 12 21 1F"
"1587","11:12:21.960","标准帧","数据帧","CAN","0x201","发送成功","4","00 00 80 3F"
"1588","11:12:21.960","标准帧","数据帧","CAN","0x0","接收成功","8","11 AC 0A 84 58 10 21 1F"
"1589","11:12:21.971","标准帧","数据帧","CAN","0x201","发送成功","4","00 00 80 3F"
"1590","11:12:21.971","标准帧","数据帧","CAN","0x0","接收成功","8","11 AC 0F 84 48 0F 21 1F"
"1591","11:12:21.971","标准帧","数据帧","CAN","0x201","发送成功","4","00 00 80 3F"
"1592","11:12:21.971","标准帧","数据帧","CAN","0x0","接收成功","8","11 AC 12 84 58 0F 21 1F"
"1593","11:12:21.971","标准帧","数据帧","CAN","0x201","发送成功","4","00 00 80 3F"
"1594","11:12:21.971","标准帧","数据帧","CAN","0x0","接收成功","8","11 AC 19 84 58 0D 21 1F"
"1595","11:12:21.971","标准帧","数据帧","CAN","0x201","发送成功","4","00 00 80 3F"
"1596","11:12:21.971","标准帧","数据帧","CAN","0x0","接收成功","8","11 AC 1C 84 68 0D 21 1F"
"1597","11:12:21.971","标准帧","数据帧","CAN","0x201","发送成功","4","00 00 80 3F"
"1598","11:12:21.971","标准帧","数据帧","CAN","0x0","接收成功","8","11 AC 22 84 28 0D 21 1F"
"1599","11:12:21.991","标准帧","数据帧","CAN","0x201","发送成功","4","00 00 80 3F"
"1600","11:12:21.991","标准帧","数据帧","CAN","0x0","接收成功","8","11 AC 2C 84 28 0E 21 1F"
"1601","11:12:21.991","标准帧","数据帧","CAN","0x201","发送成功","4","00 00 80 3F"
"1602","11:12:21.991","标准帧","数据帧","CAN","0x0","接收成功","8","11 AC 30 84 18 10 21 1F"
"1603","11:12:21.991","标准帧","数据帧","CAN","0x201","发送成功","4","00 00 80 3F"
"1604","11:12:21.991","标准帧","数据帧","CAN","0x0","接收成功","8","11 AC 36 84 08 12 21 1F"
"1605","11:12:22.002","标准帧","数据帧","CAN","0x201","发送成功","4","00 00 80 3F"
"1606","11:12:22.002","标准帧","数据帧","CAN","0x0","接收成功","8","11 AC 3D 84 08 15 21 1F"
"1607","11:12:22.002","标准帧","数据帧","CAN","0x201","发送成功","4","00 00 80 3F"
"1608","11:12:22.002","标准帧","数据帧","CAN","0x0","接收成功","8","11 AC 49 84 48 13 21 1F"
"1609","11:12:22.002","标准帧","数据帧","CAN","0x201","发送成功","4","00 00 80 3F"
"1610","11:12:22.002","标准帧","数据帧","CAN","0x0","接收成功","8","11 AC 4C 84 48 12 21 1F"
"1611","11:12:22.013","标准帧","数据帧","CAN","0x201","发送成功","4","00 00 80 3F"
"1612","11:12:22.013","标准帧","数据帧","CAN","0x0","接收成功","8","11 AC 74 84 08 10 21 1F"
"1613","11:12:22.013","标准帧","数据帧","CAN","0x201","发送成功","4","00 00 80 3F"
"1614","11:12:22.013","标准帧","数据帧","CAN","0x0","接收成功","8","11 AC 78 84 08 13 21 1F"
"1615","11:12:22.013","标准帧","数据帧","CAN","0x201","发送成功","4","00 00 80 3F"
"1616","11:12:22.013","标准帧","数据帧","CAN","0x0","接收成功","8","11 AC 85 84 18 14 21 1F"
"1617","11:12:22.013","标准帧","数据帧","CAN","0x201","发送成功","4","00 00 80 3F"
"1618","11:12:22.013","标准帧","数据帧","CAN","0x0","接收成功","8","11 AC 8D 84 58 12 21 1F"
"1619","11:12:22.013","标准帧","数据帧","CAN","0x201","发送成功","4","00 00 80 3F"
"1620","11:12:22.013","标准帧","数据帧","CAN","0x0","接收成功","8","11 AC 90 84 58 11 21 1F"
"1621","11:12:22.013","标准帧","数据帧","CAN","0x201","发送成功","4","00 00 80 3F"
"1622","11:12:22.013","标准帧","数据帧","CAN","0x0","接收成功","8","11 AC 98 84 68 0F 21 1F"
"1623","11:12:22.023","标准帧","数据帧","CAN","0x201","发送成功","4","00 00 80 3F"
"1624","11:12:22.023","标准帧","数据帧","CAN","0x0","接收成功","8","11 AC 9B 84 68 0E 21 1F"
"1625","11:12:22.023","标准帧","数据帧","CAN","0x201","发送成功","4","00 00 80 3F"
"1626","11:12:22.023","标准帧","数据帧","CAN","0x0","接收成功","8","11 AC A0 84 68 0D 21 1F"
"1627","11:12:22.023","标准帧","数据帧","CAN","0x201","发送成功","4","00 00 80 3F"
"1628","11:12:22.023","标准帧","数据帧","CAN","0x0","接收成功","8","11 AC A1 84 68 0D 21 1F"
"1629","11:12:22.023","标准帧","数据帧","CAN","0x201","发送成功","4","00 00 80 3F"
"1630","11:12:22.023","标准帧","数据帧","CAN","0x0","接收成功","8","11 AC AA 84 28 10 21 1F"
"1631","11:12:22.023","标准帧","数据帧","CAN","0x201","发送成功","4","00 00 80 3F"
"1632","11:12:22.023","标准帧","数据帧","CAN","0x0","接收成功","8","11 AC B2 84 18 11 21 1F"
"1633","11:12:22.023","标准帧","数据帧","CAN","0x201","发送成功","4","00 00 80 3F"
"1634","11:12:22.023","标准帧","数据帧","CAN","0x0","接收成功","8","11 AC B3 84 18 11 21 1F"
"1635","11:12:22.045","标准帧","数据帧","CAN","0x201","发送成功","4","00 00 80 3F"
"1636","11:12:22.045","标准帧","数据帧","CAN","0x0","接收成功","8","11 AC B7 84 18 12 21 1F"
"1637","11:12:22.045","标准帧","数据帧","CAN","0x201","发送成功","4","00 00 80 3F"
"1638","11:12:22.045","标准帧","数据帧","CAN","0x0","接收成功","8","11 AC B9 84 28 12 21 1F"
"1639","11:12:22.045","标准帧","数据帧","CAN","0x201","发送成功","4","00 00 80 3F"
"1640","11:12:22.045","标准帧","数据帧","CAN","0x0","接收成功","8","11 AC BA 84 28 12 21 1F"
"1641","11:12:22.045","标准帧","数据帧","CAN","0x201","发送成功","4","00 00 80 3F"
"1642","11:12:22.045","标准帧","数据帧","CAN","0x0","接收成功","8","11 AC BD 84 18 13 21 1F"
"1643","11:12:22.045","标准帧","数据帧","CAN","0x201","发送成功","4","00 00 80 3F"
"1644","11:12:22.045","标准帧","数据帧","CAN","0x0","接收成功","8","11 AC C3 84 38 14 21 1F"
"1645","11:12:22.045","标准帧","数据帧","CAN","0x201","发送成功","4","00 00 80 3F"
"1646","11:12:22.045","标准帧","数据帧","CAN","0x0","接收成功","8","11 AC C7 84 38 13 21 1F"
"1647","11:12:22.045","标准帧","数据帧","CAN","0x201","发送成功","4","00 00 80 3F"
"1648","11:12:22.045","标准帧","数据帧","CAN","0x0","接收成功","8","11 AC D2 84 58 10 21 1F"
"1649","11:12:22.045","标准帧","数据帧","CAN","0x201","发送成功","4","00 00 80 3F"
"1650","11:12:22.045","标准帧","数据帧","CAN","0x0","接收成功","8","11 AC DA 84 78 0E 21 1F"
"1651","11:12:22.045","标准帧","数据帧","CAN","0x201","发送成功","4","00 00 80 3F"
"1652","11:12:22.045","标准帧","数据帧","CAN","0x0","接收成功","8","11 AC E1 84 58 0D 21 1F"
"1653","11:12:22.066","标准帧","数据帧","CAN","0x201","发送成功","4","00 00 80 3F"
"1654","11:12:22.066","标准帧","数据帧","CAN","0x0","接收成功","8","11 AC EA 84 38 0E 21 1F"
"1655","11:12:22.066","标准帧","数据帧","CAN","0x201","发送成功","4","00 00 80 3F"
"1656","11:12:22.066","标准帧","数据帧","CAN","0x0","接收成功","8","11 AC F0 84 28 0F 21 1F"
"1657","11:12:22.066","标准帧","数据帧","CAN","0x201","发送成功","4","00 00 80 3F"
"1658","11:12:22.066","标准帧","数据帧","CAN","0x0","接收成功","8","11 AC F5 84 18 11 21 1F"
"1659","11:12:22.066","标准帧","数据帧","CAN","0x201","发送成功","4","00 00 80 3F"
"1660","11:12:22.066","标准帧","数据帧","CAN","0x0","接收成功","8","11 AC FC 84 38 12 21 1F"
"1661","11:12:22.066","标准帧","数据帧","CAN","0x201","发送成功","4","00 00 80 3F"
"1662","11:12:22.066","标准帧","数据帧","CAN","0x0","接收成功","8","11 AC FE 84 08 12 21 1F"
"1663","11:12:22.066","标准帧","数据帧","CAN","0x201","发送成功","4","00 00 80 3F"
"1664","11:12:22.066","标准帧","数据帧","CAN","0x0","接收成功","8","11 AD 05 84 18 14 21 1F"
"1665","11:12:22.066","标准帧","数据帧","CAN","0x201","发送成功","4","00 00 80 3F"
"1666","11:12:22.066","标准帧","数据帧","CAN","0x0","接收成功","8","11 AD 09 84 38 13 21 1F"
"1667","11:12:22.066","标准帧","数据帧","CAN","0x201","发送成功","4","00 00 80 3F"
"1668","11:12:22.066","标准帧","数据帧","CAN","0x0","接收成功","8","11 AD 0F 84 38 13 21 1F"
"1669","11:12:22.066","标准帧","数据帧","CAN","0x201","发送成功","4","00 00 80 3F"
"1670","11:12:22.066","标准帧","数据帧","CAN","0x0","接收成功","8","11 AD 11 84 28 13 21 1F"
"1671","11:12:22.066","标准帧","数据帧","CAN","0x201","发送成功","4","00 00 80 3F"
"1672","11:12:22.066","标准帧","数据帧","CAN","0x0","接收成功","8","11 AD 17 84 58 11 21 1F"
"1673","11:12:22.066","标准帧","数据帧","CAN","0x201","发送成功","4","00 00 80 3F"
"1674","11:12:22.066","标准帧","数据帧","CAN","0x0","接收成功","8","11 AD 1A 84 58 10 21 1F"
"1675","11:12:22.066","标准帧","数据帧","CAN","0x201","发送成功","4","00 00 80 3F"
"1676","11:12:22.066","标准帧","数据帧","CAN","0x0","接收成功","8","11 AD 20 84 58 10 21 1F"
"1677","11:12:22.088","标准帧","数据帧","CAN","0x201","发送成功","4","00 00 80 3F"
"1678","11:12:22.088","标准帧","数据帧","CAN","0x0","接收成功","8","11 AD 22 84 58 10 21 1F"
"1679","11:12:22.088","标准帧","数据帧","CAN","0x201","发送成功","4","00 00 80 3F"
"1680","11:12:22.088","标准帧","数据帧","CAN","0x0","接收成功","8","11 AD 28 84 68 0F 21 1F"
"1681","11:12:22.088","标准帧","数据帧","CAN","0x201","发送成功","4","00 00 80 3F"
"1682","11:12:22.088","标准帧","数据帧","CAN","0x0","接收成功","8","11 AD 30 84 48 0E 21 1F"
"1683","11:12:22.088","标准帧","数据帧","CAN","0x201","发送成功","4","00 00 80 3F"
"1684","11:12:22.088","标准帧","数据帧","CAN","0x0","接收成功","8","11 AD 34 84 48 0F 21 1F"
"1685","11:12:22.088","标准帧","数据帧","CAN","0x201","发送成功","4","00 00 80 3F"
"1686","11:12:22.088","标准帧","数据帧","CAN","0x0","接收成功","8","11 AD 3C 84 38 0F 21 1F"
"1687","11:12:22.088","标准帧","数据帧","CAN","0x201","发送成功","4","00 00 80 3F"
"1688","11:12:22.088","标准帧","数据帧","CAN","0x0","接收成功","8","11 AD 3F 84 28 0F 21 1F"
"1689","11:12:22.088","标准帧","数据帧","CAN","0x201","发送成功","4","00 00 80 3F"
"1690","11:12:22.088","标准帧","数据帧","CAN","0x0","接收成功","8","11 AD 4A 84 08 11 21 1F"
"1691","11:12:22.088","标准帧","数据帧","CAN","0x201","发送成功","4","00 00 80 3F"
"1692","11:12:22.088","标准帧","数据帧","CAN","0x0","接收成功","8","11 AD 55 84 38 11 21 1F"
"1693","11:12:22.110","标准帧","数据帧","CAN","0x201","发送成功","4","00 00 80 3F"
"1694","11:12:22.110","标准帧","数据帧","CAN","0x0","接收成功","8","11 AD 57 84 38 11 21 1F"
"1695","11:12:22.110","标准帧","数据帧","CAN","0x201","发送成功","4","00 00 80 3F"
"1696","11:12:22.110","标准帧","数据帧","CAN","0x0","接收成功","8","11 AD 61 84 38 10 21 1F"
"1697","11:12:22.110","标准帧","数据帧","CAN","0x201","发送成功","4","00 00 80 3F"
"1698","11:12:22.110","标准帧","数据帧","CAN","0x0","接收成功","8","11 AD 89 84 18 10 21 1F"
"1699","11:12:22.110","标准帧","数据帧","CAN","0x201","发送成功","4","00 00 80 3F"
"1700","11:12:22.110","标准帧","数据帧","CAN","0x0","接收成功","8","11 AD 8B 84 18 11 21 1F"
"1701","11:12:22.120","标准帧","数据帧","CAN","0x201","发送成功","4","00 00 80 3F"
"1702","11:12:22.120","标准帧","数据帧","CAN","0x0","接收成功","8","11 AD 91 84 08 12 21 1F"
"1703","11:12:22.120","标准帧","数据帧","CAN","0x201","发送成功","4","00 00 80 3F"
"1704","11:12:22.120","标准帧","数据帧","CAN","0x0","接收成功","8","11 AD 92 84 08 12 21 1F"
"1705","11:12:22.120","标准帧","数据帧","CAN","0x201","发送成功","4","00 00 80 3F"
"1706","11:12:22.120","标准帧","数据帧","CAN","0x0","接收成功","8","11 AD 96 84 18 13 21 1F"
"1707","11:12:22.120","标准帧","数据帧","CAN","0x201","发送成功","4","00 00 80 3F"
"1708","11:12:22.120","标准帧","数据帧","CAN","0x0","接收成功","8","11 AD 98 84 18 13 21 1F"
"1709","11:12:22.120","标准帧","数据帧","CAN","0x201","发送成功","4","00 00 80 3F"
"1710","11:12:22.120","标准帧","数据帧","CAN","0x0","接收成功","8","11 AD 9F 84 28 12 21 1F"
"1711","11:12:22.120","标准帧","数据帧","CAN","0x201","发送成功","4","00 00 80 3F"
"1712","11:12:22.120","标准帧","数据帧","CAN","0x0","接收成功","8","11 AD A0 84 38 12 21 1F"
"1713","11:12:22.120","标准帧","数据帧","CAN","0x201","发送成功","4","00 00 80 3F"
"1714","11:12:22.120","标准帧","数据帧","CAN","0x0","接收成功","8","11 AD A5 84 48 11 21 1F"
"1715","11:12:22.131","标准帧","数据帧","CAN","0x201","发送成功","4","00 00 80 3F"
"1716","11:12:22.131","标准帧","数据帧","CAN","0x201","发送成功","4","00 00 80 3F"
"1717","11:12:22.131","标准帧","数据帧","CAN","0x0","接收成功","8","11 AD AD 84 68 10 21 1F"
"1718","11:12:22.131","标准帧","数据帧","CAN","0x0","接收成功","8","11 AD AD 84 68 10 21 1F"
"1719","11:12:22.131","标准帧","数据帧","CAN","0x201","发送成功","4","00 00 80 3F"
"1720","11:12:22.131","标准帧","数据帧","CAN","0x0","接收成功","8","11 AD B3 84 68 0D 21 1F"
"1721","11:12:22.131","标准帧","数据帧","CAN","0x201","发送成功","4","00 00 80 3F"
"1722","11:12:22.131","标准帧","数据帧","CAN","0x0","接收成功","8","11 AD B9 84 68 0D 21 1F"
"1723","11:12:22.131","标准帧","数据帧","CAN","0x201","发送成功","4","00 00 80 3F"
"1724","11:12:22.131","标准帧","数据帧","CAN","0x0","接收成功","8","11 AD BA 84 68 0D 21 1F"
"1725","11:12:22.131","标准帧","数据帧","CAN","0x201","发送成功","4","00 00 80 3F"
"1726","11:12:22.131","标准帧","数据帧","CAN","0x0","接收成功","8","11 AD BF 84 48 0D 21 1F"
"1727","11:12:22.131","标准帧","数据帧","CAN","0x201","发送成功","4","00 00 80 3F"
"1728","11:12:22.131","标准帧","数据帧","CAN","0x0","接收成功","8","11 AD C5 84 38 0E 21 1F"
"1729","11:12:22.142","标准帧","数据帧","CAN","0x201","发送成功","4","00 00 80 3F"
"1730","11:12:22.142","标准帧","数据帧","CAN","0x0","接收成功","8","11 AD CB 84 18 10 21 1F"
"1731","11:12:22.142","标准帧","数据帧","CAN","0x201","发送成功","4","00 00 80 3F"
"1732","11:12:22.142","标准帧","数据帧","CAN","0x0","接收成功","8","11 AD D1 84 18 12 21 1F"
"1733","11:12:22.142","标准帧","数据帧","CAN","0x201","发送成功","4","00 00 80 3F"
"1734","11:12:22.142","标准帧","数据帧","CAN","0x0","接收成功","8","11 AD D3 84 08 12 21 1F"
"1735","11:12:22.142","标准帧","数据帧","CAN","0x201","发送成功","4","00 00 80 3F"
"1736","11:12:22.142","标准帧","数据帧","CAN","0x0","接收成功","8","11 AD D7 83 F8 14 21 1F"
"1737","11:12:22.142","标准帧","数据帧","CAN","0x201","发送成功","4","00 00 80 3F"
"1738","11:12:22.142","标准帧","数据帧","CAN","0x0","接收成功","8","11 AD D8 83 F8 14 21 1F"
"1739","11:12:22.142","标准帧","数据帧","CAN","0x201","发送成功","4","00 00 80 3F"
"1740","11:12:22.142","标准帧","数据帧","CAN","0x0","接收成功","8","11 AD E0 84 48 13 21 1F"
"1741","11:12:22.142","标准帧","数据帧","CAN","0x201","发送成功","4","00 00 80 3F"
"1742","11:12:22.142","标准帧","数据帧","CAN","0x0","接收成功","8","11 AD E1 84 38 12 21 1F"
"1743","11:12:22.153","标准帧","数据帧","CAN","0x201","发送成功","4","00 00 80 3F"
"1744","11:12:22.153","标准帧","数据帧","CAN","0x0","接收成功","8","11 AD E8 84 48 11 21 1F"
"1745","11:12:22.153","标准帧","数据帧","CAN","0x201","发送成功","4","00 00 80 3F"
"1746","11:12:22.153","标准帧","数据帧","CAN","0x0","接收成功","8","11 AD EE 84 68 0F 21 1F"
"1747","11:12:22.153","标准帧","数据帧","CAN","0x201","发送成功","4","00 00 80 3F"
"1748","11:12:22.153","标准帧","数据帧","CAN","0x0","接收成功","8","11 AD F3 84 78 0E 21 1F"
"1749","11:12:22.153","标准帧","数据帧","CAN","0x201","发送成功","4","00 00 80 3F"
"1750","11:12:22.153","标准帧","数据帧","CAN","0x0","接收成功","8","11 AD F4 84 78 0E 21 1F"
"1751","11:12:22.153","标准帧","数据帧","CAN","0x201","发送成功","4","00 00 80 3F"
"1752","11:12:22.153","标准帧","数据帧","CAN","0x0","接收成功","8","11 AD FD 84 68 0C 21 1F"
"1753","11:12:22.163","标准帧","数据帧","CAN","0x201","发送成功","4","00 00 80 3F"
"1754","11:12:22.163","标准帧","数据帧","CAN","0x0","接收成功","8","11 AE 04 84 28 0E 21 1F"
"1755","11:12:22.163","标准帧","数据帧","CAN","0x201","发送成功","4","00 00 80 3F"
"1756","11:12:22.163","标准帧","数据帧","CAN","0x0","接收成功","8","11 AE 08 84 18 0F 21 1F"
"1757","11:12:22.163","标准帧","数据帧","CAN","0x201","发送成功","4","00 00 80 3F"
"1758","11:12:22.163","标准帧","数据帧","CAN","0x0","接收成功","8","11 AE 0B 84 08 10 21 1F"
"1759","11:12:22.163","标准帧","数据帧","CAN","0x201","发送成功","4","00 00 80 3F"
"1760","11:12:22.163","标准帧","数据帧","CAN","0x0","接收成功","8","11 AE 12 84 08 12 21 1F"
"1761","11:12:22.163","标准帧","数据帧","CAN","0x201","发送成功","4","00 00 80 3F"
"1762","11:12:22.163","标准帧","数据帧","CAN","0x0","接收成功","8","11 AE 14 84 18 13 21 1F"
"1763","11:12:22.163","标准帧","数据帧","CAN","0x201","发送成功","4","00 00 80 3F"
"1764","11:12:22.163","标准帧","数据帧","CAN","0x0","接收成功","8","11 AE 1C 84 28 14 21 1F"
"1765","11:12:22.174","标准帧","数据帧","CAN","0x201","发送成功","4","00 00 80 3F"
"1766","11:12:22.174","标准帧","数据帧","CAN","0x0","接收成功","8","11 AE 1E 84 18 13 21 1F"
"1767","11:12:22.174","标准帧","数据帧","CAN","0x201","发送成功","4","00 00 80 3F"
"1768","11:12:22.174","标准帧","数据帧","CAN","0x0","接收成功","8","11 AE 27 84 48 11 21 1F"
"1769","11:12:22.174","标准帧","数据帧","CAN","0x201","发送成功","4","00 00 80 3F"
"1770","11:12:22.174","标准帧","数据帧","CAN","0x0","接收成功","8","11 AE 2A 84 58 10 21 1F"
"1771","11:12:22.174","标准帧","数据帧","CAN","0x201","发送成功","4","00 00 80 3F"
"1772","11:12:22.174","标准帧","数据帧","CAN","0x0","接收成功","8","11 AE 2F 84 68 0F 21 1F"
"1773","11:12:22.174","标准帧","数据帧","CAN","0x201","发送成功","4","00 00 80 3F"
"1774","11:12:22.174","标准帧","数据帧","CAN","0x0","接收成功","8","11 AE 32 84 68 0E 21 1F"
"1775","11:12:22.184","标准帧","数据帧","CAN","0x201","发送成功","4","00 00 80 3F"
"1776","11:12:22.184","标准帧","数据帧","CAN","0x0","接收成功","8","11 AE 3B 84 68 0C 21 1F"
"1777","11:12:22.184","标准帧","数据帧","CAN","0x201","发送成功","4","00 00 80 3F"
"1778","11:12:22.184","标准帧","数据帧","CAN","0x0","接收成功","8","11 AE 3C 84 78 0C 21 1F"
"1779","11:12:22.184","标准帧","数据帧","CAN","0x201","发送成功","4","00 00 80 3F"
"1780","11:12:22.184","标准帧","数据帧","CAN","0x0","接收成功","8","11 AE 41 84 48 0C 21 1F"
"1781","11:12:22.205","标准帧","数据帧","CAN","0x201","发送成功","4","00 00 80 3F"
"1782","11:12:22.205","标准帧","数据帧","CAN","0x0","接收成功","8","11 AE 4E 84 08 10 21 1F"
"1783","11:12:22.205","标准帧","数据帧","CAN","0x201","发送成功","4","00 00 80 3F"
"1784","11:12:22.205","标准帧","数据帧","CAN","0x0","接收成功","8","11 AE 59 84 18 14 21 1F"
"1785","11:12:22.205","标准帧","数据帧","CAN","0x201","发送成功","4","00 00 80 3F"
"1786","11:12:22.205","标准帧","数据帧","CAN","0x0","接收成功","8","11 AE 66 84 38 13 21 1F"
"1787","11:12:22.216","标准帧","数据帧","CAN","0x201","发送成功","4","00 00 80 3F"
"1788","11:12:22.216","标准帧","数据帧","CAN","0x0","接收成功","8","11 AE 69 84 38 13 21 1F"
"1789","11:12:22.216","标准帧","数据帧","CAN","0x201","发送成功","4","00 00 80 3F"
"1790","11:12:22.216","标准帧","数据帧","CAN","0x0","接收成功","8","11 AE 8F 84 38 0F 21 1F"
"1791","11:12:22.216","标准帧","数据帧","CAN","0x201","发送成功","4","00 00 80 3F"
"1792","11:12:22.216","标准帧","数据帧","CAN","0x0","接收成功","8","11 AE 92 84 28 0F 21 1F"
"1793","11:12:22.216","标准帧","数据帧","CAN","0x201","发送成功","4","00 00 80 3F"
"1794","11:12:22.216","标准帧","数据帧","CAN","0x0","接收成功","8","11 AE 96 84 38 10 21 1F"
"1795","11:12:22.216","标准帧","数据帧","CAN","0x201","发送成功","4","00 00 80 3F"
"1796","11:12:22.216","标准帧","数据帧","CAN","0x0","接收成功","8","11 AE 97 84 38 11 21 1F"
"1797","11:12:22.216","标准帧","数据帧","CAN","0x201","发送成功","4","00 00 80 3F"
"1798","11:12:22.216","标准帧","数据帧","CAN","0x0","接收成功","8","11 AE 9A 84 28 10 21 1F"
"1799","11:12:22.216","标准帧","数据帧","CAN","0x201","发送成功","4","00 00 80 3F"
"1800","11:12:22.216","标准帧","数据帧","CAN","0x0","接收成功","8","11 AE A0 84 18 11 21 1F"
"1801","11:12:22.216","标准帧","数据帧","CAN","0x201","发送成功","4","00 00 80 3F"
"1802","11:12:22.216","标准帧","数据帧","CAN","0x0","接收成功","8","11 AE A5 84 28 11 21 1F"
"1803","11:12:22.227","标准帧","数据帧","CAN","0x201","发送成功","4","00 00 80 3F"
"1804","11:12:22.227","标准帧","数据帧","CAN","0x0","接收成功","8","11 AE A8 84 28 11 21 1F"
"1805","11:12:22.227","标准帧","数据帧","CAN","0x201","发送成功","4","00 00 80 3F"
"1806","11:12:22.227","标准帧","数据帧","CAN","0x0","接收成功","8","11 AE A9 84 38 11 21 1F"
"1807","11:12:22.227","标准帧","数据帧","CAN","0x201","发送成功","4","00 00 80 3F"
"1808","11:12:22.227","标准帧","数据帧","CAN","0x0","接收成功","8","11 AE AD 84 48 11 21 1F"
"1809","11:12:22.227","标准帧","数据帧","CAN","0x201","发送成功","4","00 00 80 3F"
"1810","11:12:22.227","标准帧","数据帧","CAN","0x0","接收成功","8","11 AE B0 84 48 10 21 1F"
"1811","11:12:22.227","标准帧","数据帧","CAN","0x201","发送成功","4","00 00 80 3F"
"1812","11:12:22.227","标准帧","数据帧","CAN","0x0","接收成功","8","11 AE B0 84 48 10 21 1F"
"1813","11:12:22.227","标准帧","数据帧","CAN","0x201","发送成功","4","00 00 80 3F"
"1814","11:12:22.227","标准帧","数据帧","CAN","0x0","接收成功","8","11 AE B4 84 48 0F 21 1F"
"1815","11:12:22.227","标准帧","数据帧","CAN","0x201","发送成功","4","00 00 80 3F"
"1816","11:12:22.227","标准帧","数据帧","CAN","0x0","接收成功","8","11 AE B8 84 58 0F 21 1F"
"1817","11:12:22.227","标准帧","数据帧","CAN","0x201","发送成功","4","00 00 80 3F"
"1818","11:12:22.227","标准帧","数据帧","CAN","0x0","接收成功","8","11 AE BF 84 48 0E 21 1F"
"1819","11:12:22.227","标准帧","数据帧","CAN","0x201","发送成功","4","00 00 80 3F"
"1820","11:12:22.227","标准帧","数据帧","CAN","0x0","接收成功","8","11 AE C0 84 48 0E 21 1F"
"1821","11:12:22.237","标准帧","数据帧","CAN","0x201","发送成功","4","00 00 80 3F"
"1822","11:12:22.237","标准帧","数据帧","CAN","0x0","接收成功","8","11 AE C5 84 48 0F 21 1F"
"1823","11:12:22.237","标准帧","数据帧","CAN","0x201","发送成功","4","00 00 80 3F"
"1824","11:12:22.237","标准帧","数据帧","CAN","0x0","接收成功","8","11 AE C9 84 38 0F 21 1F"
"1825","11:12:22.237","标准帧","数据帧","CAN","0x201","发送成功","4","00 00 80 3F"
"1826","11:12:22.237","标准帧","数据帧","CAN","0x0","接收成功","8","11 AE CC 84 38 0F 21 1F"
"1827","11:12:22.237","标准帧","数据帧","CAN","0x201","发送成功","4","00 00 80 3F"
"1828","11:12:22.237","标准帧","数据帧","CAN","0x0","接收成功","8","11 AE CC 84 38 0F 21 1F"
"1829","11:12:22.237","标准帧","数据帧","CAN","0x201","发送成功","4","00 00 80 3F"
"1830","11:12:22.237","标准帧","数据帧","CAN","0x0","接收成功","8","11 AE D1 84 28 10 21 1F"
"1831","11:12:22.237","标准帧","数据帧","CAN","0x201","发送成功","4","00 00 80 3F"
"1832","11:12:22.237","标准帧","数据帧","CAN","0x0","接收成功","8","11 AE D6 84 28 10 21 1F"
"1833","11:12:22.237","标准帧","数据帧","CAN","0x201","发送成功","4","00 00 80 3F"
"1834","11:12:22.237","标准帧","数据帧","CAN","0x0","接收成功","8","11 AE D8 84 28 10 21 1F"
"1835","11:12:22.237","标准帧","数据帧","CAN","0x201","发送成功","4","00 00 80 3F"
"1836","11:12:22.237","标准帧","数据帧","CAN","0x0","接收成功","8","11 AE DC 84 48 10 21 1F"
"1837","11:12:22.259","标准帧","数据帧","CAN","0x201","发送成功","4","00 00 80 3F"
"1838","11:12:22.259","标准帧","数据帧","CAN","0x0","接收成功","8","11 AE DF 84 38 10 21 1F"
"1839","11:12:22.259","标准帧","数据帧","CAN","0x201","发送成功","4","00 00 80 3F"
"1840","11:12:22.259","标准帧","数据帧","CAN","0x0","接收成功","8","11 AE E3 84 38 12 21 1F"
"1841","11:12:22.259","标准帧","数据帧","CAN","0x201","发送成功","4","00 00 80 3F"
"1842","11:12:22.259","标准帧","数据帧","CAN","0x0","接收成功","8","11 AE E8 84 28 12 21 1F"
"1843","11:12:22.259","标准帧","数据帧","CAN","0x201","发送成功","4","00 00 80 3F"
"1844","11:12:22.259","标准帧","数据帧","CAN","0x0","接收成功","8","11 AE EC 84 28 12 21 1F"
"1845","11:12:22.259","标准帧","数据帧","CAN","0x201","发送成功","4","00 00 80 3F"
"1846","11:12:22.259","标准帧","数据帧","CAN","0x0","接收成功","8","11 AE F1 84 28 12 21 1F"
"1847","11:12:22.270","标准帧","数据帧","CAN","0x201","发送成功","4","00 00 80 3F"
"1848","11:12:22.270","标准帧","数据帧","CAN","0x201","发送成功","4","00 00 80 3F"
"1849","11:12:22.270","标准帧","数据帧","CAN","0x0","接收成功","8","11 AE F4 84 28 12 21 1F"
"1850","11:12:22.270","标准帧","数据帧","CAN","0x0","接收成功","8","11 AE F4 84 18 12 21 1F"
"1851","11:12:22.270","标准帧","数据帧","CAN","0x201","发送成功","4","00 00 80 3F"
"1852","11:12:22.270","标准帧","数据帧","CAN","0x0","接收成功","8","11 AF 1C 84 58 0E 21 1F"
"1853","11:12:22.270","标准帧","数据帧","CAN","0x201","发送成功","4","00 00 80 3F"
"1854","11:12:22.270","标准帧","数据帧","CAN","0x0","接收成功","8","11 AF 23 84 38 0E 21 1F"
"1855","11:12:22.270","标准帧","数据帧","CAN","0x201","发送成功","4","00 00 80 3F"
"1856","11:12:22.270","标准帧","数据帧","CAN","0x0","接收成功","8","11 AF 28 84 38 10 21 1F"
"1857","11:12:22.280","标准帧","数据帧","CAN","0x201","发送成功","4","00 00 80 3F"
"1858","11:12:22.280","标准帧","数据帧","CAN","0x0","接收成功","8","11 AF 30 84 18 12 21 1F"
"1859","11:12:22.280","标准帧","数据帧","CAN","0x201","发送成功","4","00 00 80 3F"
"1860","11:12:22.280","标准帧","数据帧","CAN","0x0","接收成功","8","11 AF 34 84 28 13 21 1F"
"1861","11:12:22.280","标准帧","数据帧","CAN","0x201","发送成功","4","00 00 80 3F"
"1862","11:12:22.280","标准帧","数据帧","CAN","0x0","接收成功","8","11 AF 35 84 28 13 21 1F"
"1863","11:12:22.280","标准帧","数据帧","CAN","0x201","发送成功","4","00 00 80 3F"
"1864","11:12:22.280","标准帧","数据帧","CAN","0x0","接收成功","8","11 AF 3C 84 38 12 21 1F"
"1865","11:12:22.280","标准帧","数据帧","CAN","0x201","发送成功","4","00 00 80 3F"
"1866","11:12:22.280","标准帧","数据帧","CAN","0x0","接收成功","8","11 AF 41 84 38 12 21 1F"
"1867","11:12:22.280","标准帧","数据帧","CAN","0x201","发送成功","4","00 00 80 3F"
"1868","11:12:22.280","标准帧","数据帧","CAN","0x0","接收成功","8","11 AF 42 84 48 11 21 1F"
"1869","11:12:22.280","标准帧","数据帧","CAN","0x201","发送成功","4","00 00 80 3F"
"1870","11:12:22.280","标准帧","数据帧","CAN","0x0","接收成功","8","11 AF 4A 84 58 0F 21 1F"
"1871","11:12:22.280","标准帧","数据帧","CAN","0x201","发送成功","4","00 00 80 3F"
"1872","11:12:22.280","标准帧","数据帧","CAN","0x0","接收成功","8","11 AF 4C 84 78 0E 21 1F"
"1873","11:12:22.302","标准帧","数据帧","CAN","0x201","发送成功","4","00 00 80 3F"
"1874","11:12:22.302","标准帧","数据帧","CAN","0x0","接收成功","8","11 AF 50 84 68 0E 21 1F"
"1875","11:12:22.302","标准帧","数据帧","CAN","0x201","发送成功","4","00 00 80 3F"
"1876","11:12:22.302","标准帧","数据帧","CAN","0x0","接收成功","8","11 AF 56 84 58 0E 21 1F"
"1877","11:12:22.302","标准帧","数据帧","CAN","0x201","发送成功","4","00 00 80 3F"
"1878","11:12:22.302","标准帧","数据帧","CAN","0x0","接收成功","8","11 AF 60 84 28 0E 21 1F"
"1879","11:12:22.302","标准帧","数据帧","CAN","0x201","发送成功","4","00 00 80 3F"
"1880","11:12:22.302","标准帧","数据帧","CAN","0x0","接收成功","8","11 AF 62 84 38 0F 21 1F"
"1881","11:12:22.313","标准帧","数据帧","CAN","0x201","发送成功","4","00 00 80 3F"
"1882","11:12:22.313","标准帧","数据帧","CAN","0x0","接收成功","8","11 AF 69 84 18 11 21 1F"
"1883","11:12:22.313","标准帧","数据帧","CAN","0x201","发送成功","4","00 00 80 3F"
"1884","11:12:22.313","标准帧","数据帧","CAN","0x0","接收成功","8","11 AF 8B 84 68 0F 21 1F"
"1885","11:12:22.313","标准帧","数据帧","CAN","0x201","发送成功","4","00 00 80 3F"
"1886","11:12:22.313","标准帧","数据帧","CAN","0x0","接收成功","8","11 AF 8E 84 88 0E 21 1F"
"1887","11:12:22.313","标准帧","数据帧","CAN","0x201","发送成功","4","00 00 80 3F"
"1888","11:12:22.313","标准帧","数据帧","CAN","0x0","接收成功","8","11 AF 93 84 68 0D 21 1F"
"1889","11:12:22.313","标准帧","数据帧","CAN","0x201","发送成功","4","00 00 80 3F"
"1890","11:12:22.313","标准帧","数据帧","CAN","0x0","接收成功","8","11 AF 95 84 68 0D 21 1F"
"1891","11:12:22.313","标准帧","数据帧","CAN","0x201","发送成功","4","00 00 80 3F"
"1892","11:12:22.313","标准帧","数据帧","CAN","0x0","接收成功","8","11 AF 9C 84 68 0D 21 1F"
"1893","11:12:22.313","标准帧","数据帧","CAN","0x201","发送成功","4","00 00 80 3F"
"1894","11:12:22.323","标准帧","数据帧","CAN","0x0","接收成功","8","11 AF A1 84 48 0E 21 1F"
"1895","11:12:22.323","标准帧","数据帧","CAN","0x201","发送成功","4","00 00 80 3F"
"1896","11:12:22.323","标准帧","数据帧","CAN","0x0","接收成功","8","11 AF A1 84 48 0E 21 1F"
"1897","11:12:22.323","标准帧","数据帧","CAN","0x201","发送成功","4","00 00 80 3F"
"1898","11:12:22.323","标准帧","数据帧","CAN","0x0","接收成功","8","11 AF A7 84 28 11 21 1F"
"1899","11:12:22.323","标准帧","数据帧","CAN","0x201","发送成功","4","00 00 80 3F"
"1900","11:12:22.323","标准帧","数据帧","CAN","0x0","接收成功","8","11 AF AB 84 18 11 21 1F"
"1901","11:12:22.323","标准帧","数据帧","CAN","0x201","发送成功","4","00 00 80 3F"
"1902","11:12:22.323","标准帧","数据帧","CAN","0x0","接收成功","8","11 AF AC 84 18 11 21 1F"
"1903","11:12:22.323","标准帧","数据帧","CAN","0x201","发送成功","4","00 00 80 3F"
"1904","11:12:22.323","标准帧","数据帧","CAN","0x0","接收成功","8","11 AF B2 84 08 13 21 1F"
"1905","11:12:22.323","标准帧","数据帧","CAN","0x201","发送成功","4","00 00 80 3F"
"1906","11:12:22.323","标准帧","数据帧","CAN","0x0","接收成功","8","11 AF B4 84 18 14 21 1F"
"1907","11:12:22.323","标准帧","数据帧","CAN","0x201","发送成功","4","00 00 80 3F"
"1908","11:12:22.323","标准帧","数据帧","CAN","0x0","接收成功","8","11 AF B9 84 18 13 21 1F"
"1909","11:12:22.335","标准帧","数据帧","CAN","0x201","发送成功","4","00 00 80 3F"
"1910","11:12:22.335","标准帧","数据帧","CAN","0x0","接收成功","8","11 AF C2 84 48 12 21 1F"
"1911","11:12:22.335","标准帧","数据帧","CAN","0x201","发送成功","4","00 00 80 3F"
"1912","11:12:22.335","标准帧","数据帧","CAN","0x0","接收成功","8","11 AF C6 84 58 11 21 1F"
"1913","11:12:22.335","标准帧","数据帧","CAN","0x201","发送成功","4","00 00 80 3F"
"1914","11:12:22.335","标准帧","数据帧","CAN","0x0","接收成功","8","11 AF C6 84 58 11 21 1F"
"1915","11:12:22.335","标准帧","数据帧","CAN","0x201","发送成功","4","00 00 80 3F"
"1916","11:12:22.335","标准帧","数据帧","CAN","0x0","接收成功","8","11 AF CC 84 58 0F 21 1F"
"1917","11:12:22.335","标准帧","数据帧","CAN","0x201","发送成功","4","00 00 80 3F"
"1918","11:12:22.335","标准帧","数据帧","CAN","0x0","接收成功","8","11 AF CE 84 58 0F 21 1F"
"1919","11:12:22.335","标准帧","数据帧","CAN","0x201","发送成功","4","00 00 80 3F"
"1920","11:12:22.335","标准帧","数据帧","CAN","0x0","接收成功","8","11 AF D3 84 68 0E 21 1F"
"1921","11:12:22.335","标准帧","数据帧","CAN","0x201","发送成功","4","00 00 80 3F"
"1922","11:12:22.335","标准帧","数据帧","CAN","0x0","接收成功","8","11 AF DB 84 68 0D 21 1F"
"1923","11:12:22.335","标准帧","数据帧","CAN","0x201","发送成功","4","00 00 80 3F"
"1924","11:12:22.345","标准帧","数据帧","CAN","0x0","接收成功","8","11 AF DE 84 28 0E 21 1F"
"1925","11:12:22.345","标准帧","数据帧","CAN","0x201","发送成功","4","00 00 80 3F"
"1926","11:12:22.345","标准帧","数据帧","CAN","0x0","接收成功","8","11 AF DF 84 28 0E 21 1F"
"1927","11:12:22.345","标准帧","数据帧","CAN","0x201","发送成功","4","00 00 80 3F"
"1928","11:12:22.345","标准帧","数据帧","CAN","0x0","接收成功","8","11 AF E6 84 28 10 21 1F"
"1929","11:12:22.345","标准帧","数据帧","CAN","0x201","发送成功","4","00 00 80 3F"
"1930","11:12:22.345","标准帧","数据帧","CAN","0x0","接收成功","8","11 AF EA 84 38 10 21 1F"
"1931","11:12:22.345","标准帧","数据帧","CAN","0x201","发送成功","4","00 00 80 3F"
"1932","11:12:22.345","标准帧","数据帧","CAN","0x0","接收成功","8","11 AF EB 84 28 11 21 1F"
"1933","11:12:22.345","标准帧","数据帧","CAN","0x201","发送成功","4","00 00 80 3F"
"1934","11:12:22.345","标准帧","数据帧","CAN","0x0","接收成功","8","11 AF F3 84 18 13 21 1F"
"1935","11:12:22.345","标准帧","数据帧","CAN","0x201","发送成功","4","00 00 80 3F"
"1936","11:12:22.345","标准帧","数据帧","CAN","0x0","接收成功","8","11 AF F4 84 18 13 21 1F"
"1937","11:12:22.345","标准帧","数据帧","CAN","0x201","发送成功","4","00 00 80 3F"
"1938","11:12:22.356","标准帧","数据帧","CAN","0x0","接收成功","8","11 AF F8 84 18 13 21 1F"
"1939","11:12:22.356","标准帧","数据帧","CAN","0x201","发送成功","4","00 00 80 3F"
"1940","11:12:22.356","标准帧","数据帧","CAN","0x0","接收成功","8","11 AF FC 84 28 13 21 1F"
"1941","11:12:22.356","标准帧","数据帧","CAN","0x201","发送成功","4","00 00 80 3F"
"1942","11:12:22.356","标准帧","数据帧","CAN","0x0","接收成功","8","11 B0 01 84 48 12 21 1F"
"1943","11:12:22.356","标准帧","数据帧","CAN","0x201","发送成功","4","00 00 80 3F"
"1944","11:12:22.356","标准帧","数据帧","CAN","0x0","接收成功","8","11 B0 06 84 38 10 21 1F"
"1945","11:12:22.356","标准帧","数据帧","CAN","0x201","发送成功","4","00 00 80 3F"
"1946","11:12:22.356","标准帧","数据帧","CAN","0x0","接收成功","8","11 B0 0B 84 48 10 21 1F"
"1947","11:12:22.356","标准帧","数据帧","CAN","0x201","发送成功","4","00 00 80 3F"
"1948","11:12:22.356","标准帧","数据帧","CAN","0x0","接收成功","8","11 B0 10 84 58 0F 21 1F"
"1949","11:12:22.367","标准帧","数据帧","CAN","0x201","发送成功","4","00 00 80 3F"
"1950","11:12:22.367","标准帧","数据帧","CAN","0x0","接收成功","8","11 B0 15 84 68 0F 21 1F"
"1951","11:12:22.367","标准帧","数据帧","CAN","0x201","发送成功","4","00 00 80 3F"
"1952","11:12:22.367","标准帧","数据帧","CAN","0x0","接收成功","8","11 B0 19 84 68 0D 21 1F"
"1953","11:12:22.367","标准帧","数据帧","CAN","0x201","发送成功","4","00 00 80 3F"
"1954","11:12:22.367","标准帧","数据帧","CAN","0x0","接收成功","8","11 B0 1E 84 48 0E 21 1F"
"1955","11:12:22.367","标准帧","数据帧","CAN","0x201","发送成功","4","00 00 80 3F"
"1956","11:12:22.367","标准帧","数据帧","CAN","0x0","接收成功","8","11 B0 21 84 38 0E 21 1F"
"1957","11:12:22.367","标准帧","数据帧","CAN","0x201","发送成功","4","00 00 80 3F"
"1958","11:12:22.367","标准帧","数据帧","CAN","0x0","接收成功","8","11 B0 25 84 48 0F 21 1F"
"1959","11:12:22.367","标准帧","数据帧","CAN","0x201","发送成功","4","00 00 80 3F"
"1960","11:12:22.367","标准帧","数据帧","CAN","0x0","接收成功","8","11 B0 29 84 38 0F 21 1F"
"1961","11:12:22.367","标准帧","数据帧","CAN","0x201","发送成功","4","00 00 80 3F"
"1962","11:12:22.378","标准帧","数据帧","CAN","0x0","接收成功","8","11 B0 2E 84 28 10 21 1F"
"1963","11:12:22.378","标准帧","数据帧","CAN","0x201","发送成功","4","00 00 80 3F"
"1964","11:12:22.378","标准帧","数据帧","CAN","0x0","接收成功","8","11 B0 32 84 48 10 21 1F"
"1965","11:12:22.378","标准帧","数据帧","CAN","0x201","发送成功","4","00 00 80 3F"
"1966","11:12:22.378","标准帧","数据帧","CAN","0x0","接收成功","8","11 B0 35 84 48 10 21 1F"
"1967","11:12:22.378","标准帧","数据帧","CAN","0x201","发送成功","4","00 00 80 3F"
"1968","11:12:22.378","标准帧","数据帧","CAN","0x0","接收成功","8","11 B0 36 84 48 10 21 1F"
"1969","11:12:22.378","标准帧","数据帧","CAN","0x201","发送成功","4","00 00 80 3F"
"1970","11:12:22.378","标准帧","数据帧","CAN","0x0","接收成功","8","11 B0 3A 84 28 11 21 1F"
"1971","11:12:22.378","标准帧","数据帧","CAN","0x201","发送成功","4","00 00 80 3F"
"1972","11:12:22.378","标准帧","数据帧","CAN","0x0","接收成功","8","11 B0 3D 84 28 12 21 1F"
"1973","11:12:22.378","标准帧","数据帧","CAN","0x201","发送成功","4","00 00 80 3F"
"1974","11:12:22.378","标准帧","数据帧","CAN","0x0","接收成功","8","11 B0 42 84 38 11 21 1F"
"1975","11:12:22.378","标准帧","数据帧","CAN","0x201","发送成功","4","00 00 80 3F"
"1976","11:12:22.378","标准帧","数据帧","CAN","0x0","接收成功","8","11 B0 47 84 38 11 21 1F"
"1977","11:12:22.388","标准帧","数据帧","CAN","0x201","发送成功","4","00 00 80 3F"
"1978","11:12:22.388","标准帧","数据帧","CAN","0x0","接收成功","8","11 B0 4B 84 48 10 21 1F"
"1979","11:12:22.388","标准帧","数据帧","CAN","0x201","发送成功","4","00 00 80 3F"
"1980","11:12:22.388","标准帧","数据帧","CAN","0x0","接收成功","8","11 B0 4E 84 48 10 21 1F"
"1981","11:12:22.388","标准帧","数据帧","CAN","0x201","发送成功","4","00 00 80 3F"
"1982","11:12:22.388","标准帧","数据帧","CAN","0x0","接收成功","8","11 B0 51 84 48 10 21 1F"
"1983","11:12:22.388","标准帧","数据帧","CAN","0x201","发送成功","4","00 00 80 3F"
"1984","11:12:22.388","标准帧","数据帧","CAN","0x0","接收成功","8","11 B0 55 84 58 10 21 1F"
"1985","11:12:22.388","标准帧","数据帧","CAN","0x201","发送成功","4","00 00 80 3F"
"1986","11:12:22.388","标准帧","数据帧","CAN","0x0","接收成功","8","11 B0 5A 84 48 0F 21 1F"
"1987","11:12:22.388","标准帧","数据帧","CAN","0x201","发送成功","4","00 00 80 3F"
"1988","11:12:22.388","标准帧","数据帧","CAN","0x0","接收成功","8","11 B0 63 84 48 0F 21 1F"
"1989","11:12:22.399","标准帧","数据帧","CAN","0x201","发送成功","4","00 00 80 3F"
"1990","11:12:22.399","标准帧","数据帧","CAN","0x0","接收成功","8","11 B0 64 84 38 0F 21 1F"
"1991","11:12:22.399","标准帧","数据帧","CAN","0x201","发送成功","4","00 00 80 3F"
"1992","11:12:22.409","标准帧","数据帧","CAN","0x0","接收成功","8","11 B0 69 84 28 10 21 1F"
"1993","11:12:22.409","标准帧","数据帧","CAN","0x201","发送成功","4","00 00 80 3F"
"1994","11:12:22.409","标准帧","数据帧","CAN","0x0","接收成功","8","11 B0 6A 84 28 10 21 1F"
"1995","11:12:22.409","标准帧","数据帧","CAN","0x201","发送成功","4","00 00 80 3F"
"1996","11:12:22.409","标准帧","数据帧","CAN","0x0","接收成功","8","11 B0 88 84 28 11 21 1F"
"1997","11:12:22.409","标准帧","数据帧","CAN","0x201","发送成功","4","00 00 80 3F"
"1998","11:12:22.409","标准帧","数据帧","CAN","0x0","接收成功","8","11 B0 8F 84 18 11 21 1F"
"1999","11:12:22.409","标准帧","数据帧","CAN","0x201","发送成功","4","00 00 80 3F"
"2000","11:12:22.409","标准帧","数据帧","CAN","0x0","接收成功","8","11 B0 93 84 28 11 21 1F"
"2001","11:12:22.409","标准帧","数据帧","CAN","0x201","发送成功","4","00 00 80 3F"
"2002","11:12:22.409","标准帧","数据帧","CAN","0x0","接收成功","8","11 B0 98 84 48 11 21 1F"
"2003","11:12:22.420","标准帧","数据帧","CAN","0x201","发送成功","4","00 00 80 3F"
"2004","11:12:22.420","标准帧","数据帧","CAN","0x201","发送成功","4","00 00 80 3F"
"2005","11:12:22.420","标准帧","数据帧","CAN","0x0","接收成功","8","11 B0 9D 84 48 0F 21 1F"
"2006","11:12:22.420","标准帧","数据帧","CAN","0x0","接收成功","8","11 B0 9E 84 48 0F 21 1F"
"2007","11:12:22.420","标准帧","数据帧","CAN","0x201","发送成功","4","00 00 80 3F"
"2008","11:12:22.420","标准帧","数据帧","CAN","0x0","接收成功","8","11 B0 A1 84 38 0F 21 1F"
"2009","11:12:22.420","标准帧","数据帧","CAN","0x201","发送成功","4","00 00 80 3F"
"2010","11:12:22.420","标准帧","数据帧","CAN","0x0","接收成功","8","11 B0 A4 84 48 0F 21 1F"
"2011","11:12:22.420","标准帧","数据帧","CAN","0x201","发送成功","4","00 00 80 3F"
"2012","11:12:22.420","标准帧","数据帧","CAN","0x0","接收成功","8","11 B0 A7 84 48 0F 21 1F"
"2013","11:12:22.420","标准帧","数据帧","CAN","0x201","发送成功","4","00 00 80 3F"
"2014","11:12:22.420","标准帧","数据帧","CAN","0x0","接收成功","8","11 B0 A8 84 48 0F 21 1F"
"2015","11:12:22.420","标准帧","数据帧","CAN","0x201","发送成功","4","00 00 80 3F"
"2016","11:12:22.420","标准帧","数据帧","CAN","0x0","接收成功","8","11 B0 AC 84 58 0E 21 1F"
"2017","11:12:22.420","标准帧","数据帧","CAN","0x201","发送成功","4","00 00 80 3F"
"2018","11:12:22.420","标准帧","数据帧","CAN","0x0","接收成功","8","11 B0 B1 84 58 0F 21 1F"
"2019","11:12:22.420","标准帧","数据帧","CAN","0x201","发送成功","4","00 00 80 3F"
"2020","11:12:22.420","标准帧","数据帧","CAN","0x0","接收成功","8","11 B0 B6 84 38 0F 21 1F"
"2021","11:12:22.420","标准帧","数据帧","CAN","0x201","发送成功","4","00 00 80 3F"
"2022","11:12:22.420","标准帧","数据帧","CAN","0x0","接收成功","8","11 B0 B6 84 38 0F 21 1F"
"2023","11:12:22.431","标准帧","数据帧","CAN","0x201","发送成功","4","00 00 80 3F"
"2024","11:12:22.431","标准帧","数据帧","CAN","0x0","接收成功","8","11 B0 BA 84 48 0F 21 1F"
"2025","11:12:22.431","标准帧","数据帧","CAN","0x201","发送成功","4","00 00 80 3F"
"2026","11:12:22.431","标准帧","数据帧","CAN","0x0","接收成功","8","11 B0 BD 84 38 0F 21 1F"
"2027","11:12:22.431","标准帧","数据帧","CAN","0x201","发送成功","4","00 00 80 3F"
"2028","11:12:22.431","标准帧","数据帧","CAN","0x0","接收成功","8","11 B0 BF 84 28 10 21 1F"
"2029","11:12:22.431","标准帧","数据帧","CAN","0x201","发送成功","4","00 00 80 3F"
"2030","11:12:22.431","标准帧","数据帧","CAN","0x0","接收成功","8","11 B0 C0 84 28 10 21 1F"
"2031","11:12:22.431","标准帧","数据帧","CAN","0x201","发送成功","4","00 00 80 3F"
"2032","11:12:22.431","标准帧","数据帧","CAN","0x0","接收成功","8","11 B0 C3 84 28 11 21 1F"
"2033","11:12:22.431","标准帧","数据帧","CAN","0x201","发送成功","4","00 00 80 3F"
"2034","11:12:22.431","标准帧","数据帧","CAN","0x0","接收成功","8","11 B0 C8 84 08 12 21 1F"
"2035","11:12:22.431","标准帧","数据帧","CAN","0x201","发送成功","4","00 00 80 3F"
"2036","11:12:22.431","标准帧","数据帧","CAN","0x0","接收成功","8","11 B0 CB 84 18 12 21 1F"
"2037","11:12:22.431","标准帧","数据帧","CAN","0x201","发送成功","4","00 00 80 3F"
"2038","11:12:22.431","标准帧","数据帧","CAN","0x0","接收成功","8","11 B0 CC 84 18 13 21 1F"
"2039","11:12:22.431","标准帧","数据帧","CAN","0x201","发送成功","4","00 00 80 3F"
"2040","11:12:22.431","标准帧","数据帧","CAN","0x0","接收成功","8","11 B0 D1 84 18 13 21 1F"
"2041","11:12:22.441","标准帧","数据帧","CAN","0x201","发送成功","4","00 00 80 3F"
"2042","11:12:22.441","标准帧","数据帧","CAN","0x0","接收成功","8","11 B0 D4 84 18 13 21 1F"
"2043","11:12:22.441","标准帧","数据帧","CAN","0x201","发送成功","4","00 00 80 3F"
"2044","11:12:22.441","标准帧","数据帧","CAN","0x0","接收成功","8","11 B0 D7 84 38 13 21 1F"
"2045","11:12:22.441","标准帧","数据帧","CAN","0x201","发送成功","4","00 00 80 3F"
"2046","11:12:22.441","标准帧","数据帧","CAN","0x0","接收成功","8","11 B0 DC 84 48 12 21 1F"
"2047","11:12:22.441","标准帧","数据帧","CAN","0x201","发送成功","4","00 00 80 3F"
"2048","11:12:22.441","标准帧","数据帧","CAN","0x0","接收成功","8","11 B0 E0 84 48 11 21 1F"
"2049","11:12:22.441","标准帧","数据帧","CAN","0x201","发送成功","4","00 00 80 3F"
"2050","11:12:22.441","标准帧","数据帧","CAN","0x0","接收成功","8","11 B0 E1 84 48 11 21 1F"
"2051","11:12:22.441","标准帧","数据帧","CAN","0x201","发送成功","4","00 00 80 3F"
"2052","11:12:22.441","标准帧","数据帧","CAN","0x0","接收成功","8","11 B0 E5 84 58 10 21 1F"
"2053","11:12:22.441","标准帧","数据帧","CAN","0x201","发送成功","4","00 00 80 3F"
"2054","11:12:22.441","标准帧","数据帧","CAN","0x0","接收成功","8","11 B0 E9 84 78 0F 21 1F"
"2055","11:12:22.441","标准帧","数据帧","CAN","0x201","发送成功","4","00 00 80 3F"
"2056","11:12:22.441","标准帧","数据帧","CAN","0x0","接收成功","8","11 B0 ED 84 68 0D 21 1F"
"2057","11:12:22.441","标准帧","数据帧","CAN","0x201","发送成功","4","00 00 80 3F"
"2058","11:12:22.441","标准帧","数据帧","CAN","0x0","接收成功","8","11 B0 EE 84 68 0D 21 1F"
"2059","11:12:22.452","标准帧","数据帧","CAN","0x201","发送成功","4","00 00 80 3F"
"2060","11:12:22.452","标准帧","数据帧","CAN","0x0","接收成功","8","11 B0 F4 84 58 0D 21 1F"
"2061","11:12:22.452","标准帧","数据帧","CAN","0x201","发送成功","4","00 00 80 3F"
"2062","11:12:22.452","标准帧","数据帧","CAN","0x0","接收成功","8","11 B0 F6 84 58 0D 21 1F"
"2063","11:12:22.452","标准帧","数据帧","CAN","0x201","发送成功","4","00 00 80 3F"
"2064","11:12:22.452","标准帧","数据帧","CAN","0x0","接收成功","8","11 B0 F7 84 48 0D 21 1F"
"2065","11:12:22.452","标准帧","数据帧","CAN","0x201","发送成功","4","00 00 80 3F"
"2066","11:12:22.452","标准帧","数据帧","CAN","0x0","接收成功","8","11 B0 FA 84 48 0E 21 1F"
"2067","11:12:22.452","标准帧","数据帧","CAN","0x201","发送成功","4","00 00 80 3F"
"2068","11:12:22.452","标准帧","数据帧","CAN","0x0","接收成功","8","11 B0 FF 84 38 0E 21 1F"
"2069","11:12:22.452","标准帧","数据帧","CAN","0x201","发送成功","4","00 00 80 3F"
"2070","11:12:22.452","标准帧","数据帧","CAN","0x0","接收成功","8","11 B1 02 84 28 0F 21 1F"
"2071","11:12:22.452","标准帧","数据帧","CAN","0x201","发送成功","4","00 00 80 3F"
"2072","11:12:22.452","标准帧","数据帧","CAN","0x0","接收成功","8","11 B1 07 84 18 11 21 1F"
"2073","11:12:22.463","标准帧","数据帧","CAN","0x201","发送成功","4","00 00 80 3F"
"2074","11:12:22.463","标准帧","数据帧","CAN","0x0","接收成功","8","11 B1 0B 84 08 13 21 1F"
"2075","11:12:22.463","标准帧","数据帧","CAN","0x201","发送成功","4","00 00 80 3F"
"2076","11:12:22.463","标准帧","数据帧","CAN","0x0","接收成功","8","11 B1 0E 84 08 13 21 1F"
"2077","11:12:22.463","标准帧","数据帧","CAN","0x201","发送成功","4","00 00 80 3F"
"2078","11:12:22.463","标准帧","数据帧","CAN","0x0","接收成功","8","11 B1 12 84 18 14 21 1F"
"2079","11:12:22.463","标准帧","数据帧","CAN","0x201","发送成功","4","00 00 80 3F"
"2080","11:12:22.463","标准帧","数据帧","CAN","0x0","接收成功","8","11 B1 16 84 38 13 21 1F"
"2081","11:12:22.463","标准帧","数据帧","CAN","0x201","发送成功","4","00 00 80 3F"
"2082","11:12:22.463","标准帧","数据帧","CAN","0x0","接收成功","8","11 B1 16 84 38 13 21 1F"
"2083","11:12:22.463","标准帧","数据帧","CAN","0x201","发送成功","4","00 00 80 3F"
"2084","11:12:22.463","标准帧","数据帧","CAN","0x0","接收成功","8","11 B1 1B 84 38 12 21 1F"
"2085","11:12:22.463","标准帧","数据帧","CAN","0x201","发送成功","4","00 00 80 3F"
"2086","11:12:22.463","标准帧","数据帧","CAN","0x0","接收成功","8","11 B1 1F 84 48 12 21 1F"
"2087","11:12:22.463","标准帧","数据帧","CAN","0x201","发送成功","4","00 00 80 3F"
"2088","11:12:22.463","标准帧","数据帧","CAN","0x0","接收成功","8","11 B1 20 84 48 12 21 1F"
"2089","11:12:22.463","标准帧","数据帧","CAN","0x201","发送成功","4","00 00 80 3F"
"2090","11:12:22.474","标准帧","数据帧","CAN","0x0","接收成功","8","11 B1 23 84 68 10 21 1F"
"2091","11:12:22.474","标准帧","数据帧","CAN","0x201","发送成功","4","00 00 80 3F"
"2092","11:12:22.474","标准帧","数据帧","CAN","0x0","接收成功","8","11 B1 24 84 68 10 21 1F"
"2093","11:12:22.474","标准帧","数据帧","CAN","0x201","发送成功","4","00 00 80 3F"
"2094","11:12:22.474","标准帧","数据帧","CAN","0x0","接收成功","8","11 B1 29 84 68 0E 21 1F"
"2095","11:12:22.474","标准帧","数据帧","CAN","0x201","发送成功","4","00 00 80 3F"
"2096","11:12:22.474","标准帧","数据帧","CAN","0x0","接收成功","8","11 B1 2C 84 78 0E 21 1F"
"2097","11:12:22.474","标准帧","数据帧","CAN","0x201","发送成功","4","00 00 80 3F"
"2098","11:12:22.474","标准帧","数据帧","CAN","0x0","接收成功","8","11 B1 30 84 68 0D 21 1F"
"2099","11:12:22.474","标准帧","数据帧","CAN","0x201","发送成功","4","00 00 80 3F"
"2100","11:12:22.474","标准帧","数据帧","CAN","0x0","接收成功","8","11 B1 35 84 68 0D 21 1F"
"2101","11:12:22.474","标准帧","数据帧","CAN","0x201","发送成功","4","00 00 80 3F"
"2102","11:12:22.474","标准帧","数据帧","CAN","0x0","接收成功","8","11 B1 37 84 48 0D 21 1F"
"2103","11:12:22.474","标准帧","数据帧","CAN","0x201","发送成功","4","00 00 80 3F"
"2104","11:12:22.474","标准帧","数据帧","CAN","0x0","接收成功","8","11 B1 38 84 48 0D 21 1F"
"2105","11:12:22.474","标准帧","数据帧","CAN","0x201","发送成功","4","00 00 80 3F"
"2106","11:12:22.474","标准帧","数据帧","CAN","0x0","接收成功","8","11 B1 3B 84 28 0F 21 1F"
"2107","11:12:22.474","标准帧","数据帧","CAN","0x201","发送成功","4","00 00 80 3F"
"2108","11:12:22.474","标准帧","数据帧","CAN","0x0","接收成功","8","11 B1 3F 84 28 10 21 1F"
"2109","11:12:22.485","标准帧","数据帧","CAN","0x201","发送成功","4","00 00 80 3F"
"2110","11:12:22.485","标准帧","数据帧","CAN","0x0","接收成功","8","11 B1 43 84 18 11 21 1F"
"2111","11:12:22.485","标准帧","数据帧","CAN","0x201","发送成功","4","00 00 80 3F"
"2112","11:12:22.485","标准帧","数据帧","CAN","0x0","接收成功","8","11 B1 48 84 08 13 21 1F"
"2113","11:12:22.485","标准帧","数据帧","CAN","0x201","发送成功","4","00 00 80 3F"
"2114","11:12:22.485","标准帧","数据帧","CAN","0x0","接收成功","8","11 B1 4C 84 08 15 21 1F"
"2115","11:12:22.485","标准帧","数据帧","CAN","0x201","发送成功","4","00 00 80 3F"
"2116","11:12:22.485","标准帧","数据帧","CAN","0x0","接收成功","8","11 B1 50 84 18 15 21 1F"
"2117","11:12:22.485","标准帧","数据帧","CAN","0x201","发送成功","4","00 00 80 3F"
"2118","11:12:22.485","标准帧","数据帧","CAN","0x0","接收成功","8","11 B1 53 84 18 15 21 1F"
"2119","11:12:22.485","标准帧","数据帧","CAN","0x201","发送成功","4","00 00 80 3F"
"2120","11:12:22.485","标准帧","数据帧","CAN","0x0","接收成功","8","11 B1 54 84 28 15 21 1F"
"2121","11:12:22.485","标准帧","数据帧","CAN","0x201","发送成功","4","00 00 80 3F"
"2122","11:12:22.485","标准帧","数据帧","CAN","0x0","接收成功","8","11 B1 58 84 28 15 21 1F"
"2123","11:12:22.506","标准帧","数据帧","CAN","0x201","发送成功","4","00 00 80 3F"
"2124","11:12:22.506","标准帧","数据帧","CAN","0x0","接收成功","8","11 B1 5E 84 48 13 21 1F"
"2125","11:12:22.506","标准帧","数据帧","CAN","0x201","发送成功","4","00 00 80 3F"
"2126","11:12:22.506","标准帧","数据帧","CAN","0x0","接收成功","8","11 B1 62 84 68 11 21 1F"
"2127","11:12:22.506","标准帧","数据帧","CAN","0x201","发送成功","4","00 00 80 3F"
"2128","11:12:22.506","标准帧","数据帧","CAN","0x0","接收成功","8","11 B1 70 84 68 0C 21 1F"
"2129","11:12:22.506","标准帧","数据帧","CAN","0x201","发送成功","4","00 00 80 3F"
"2130","11:12:22.506","标准帧","数据帧","CAN","0x0","接收成功","8","11 B1 71 84 68 0C 21 1F"
"2131","11:12:22.506","标准帧","数据帧","CAN","0x201","发送成功","4","00 00 80 3F"
"2132","11:12:22.506","标准帧","数据帧","CAN","0x0","接收成功","8","11 B1 74 84 68 0C 21 1F"
"2133","11:12:22.506","标准帧","数据帧","CAN","0x201","发送成功","4","00 00 80 3F"
"2134","11:12:22.506","标准帧","数据帧","CAN","0x0","接收成功","8","11 B1 93 84 18 13 21 1F"
"2135","11:12:22.517","标准帧","数据帧","CAN","0x201","发送成功","4","00 00 80 3F"
"2136","11:12:22.517","标准帧","数据帧","CAN","0x0","接收成功","8","11 B1 98 84 18 13 21 1F"
"2137","11:12:22.517","标准帧","数据帧","CAN","0x201","发送成功","4","00 00 80 3F"
"2138","11:12:22.517","标准帧","数据帧","CAN","0x0","接收成功","8","11 B1 9C 84 48 13 21 1F"
"2139","11:12:22.517","标准帧","数据帧","CAN","0x201","发送成功","4","00 00 80 3F"
"2140","11:12:22.517","标准帧","数据帧","CAN","0x0","接收成功","8","11 B1 A2 84 58 12 21 1F"
"2141","11:12:22.517","标准帧","数据帧","CAN","0x201","发送成功","4","00 00 80 3F"
"2142","11:12:22.517","标准帧","数据帧","CAN","0x0","接收成功","8","11 B1 A6 84 38 11 21 1F"
"2143","11:12:22.517","标准帧","数据帧","CAN","0x201","发送成功","4","00 00 80 3F"
"2144","11:12:22.517","标准帧","数据帧","CAN","0x0","接收成功","8","11 B1 A9 84 58 11 21 1F"
"2145","11:12:22.517","标准帧","数据帧","CAN","0x201","发送成功","4","00 00 80 3F"
"2146","11:12:22.517","标准帧","数据帧","CAN","0x0","接收成功","8","11 B1 AD 84 48 10 21 1F"
"2147","11:12:22.517","标准帧","数据帧","CAN","0x201","发送成功","4","00 00 80 3F"
"2148","11:12:22.528","标准帧","数据帧","CAN","0x0","接收成功","8","11 B1 B1 84 58 0F 21 1F"
"2149","11:12:22.528","标准帧","数据帧","CAN","0x201","发送成功","4","00 00 80 3F"
"2150","11:12:22.528","标准帧","数据帧","CAN","0x0","接收成功","8","11 B1 B2 84 58 0F 21 1F"
"2151","11:12:22.528","标准帧","数据帧","CAN","0x201","发送成功","4","00 00 80 3F"
"2152","11:12:22.528","标准帧","数据帧","CAN","0x0","接收成功","8","11 B1 B8 84 48 0F 21 1F"
"2153","11:12:22.528","标准帧","数据帧","CAN","0x201","发送成功","4","00 00 80 3F"
"2154","11:12:22.528","标准帧","数据帧","CAN","0x0","接收成功","8","11 B1 BB 84 58 0F 21 1F"
"2155","11:12:22.528","标准帧","数据帧","CAN","0x201","发送成功","4","00 00 80 3F"
"2156","11:12:22.528","标准帧","数据帧","CAN","0x0","接收成功","8","11 B1 BF 84 48 0F 21 1F"
"2157","11:12:22.528","标准帧","数据帧","CAN","0x201","发送成功","4","00 00 80 3F"
"2158","11:12:22.528","标准帧","数据帧","CAN","0x0","接收成功","8","11 B1 C2 84 58 0F 21 1F"
"2159","11:12:22.528","标准帧","数据帧","CAN","0x201","发送成功","4","00 00 80 3F"
"2160","11:12:22.528","标准帧","数据帧","CAN","0x0","接收成功","8","11 B1 C2 84 58 0F 21 1F"
"2161","11:12:22.528","标准帧","数据帧","CAN","0x201","发送成功","4","00 00 80 3F"
"2162","11:12:22.528","标准帧","数据帧","CAN","0x0","接收成功","8","11 B1 C6 84 38 0F 21 1F"
"2163","11:12:22.528","标准帧","数据帧","CAN","0x201","发送成功","4","00 00 80 3F"
"2164","11:12:22.528","标准帧","数据帧","CAN","0x0","接收成功","8","11 B1 CA 84 58 10 21 1F"
"2165","11:12:22.539","标准帧","数据帧","CAN","0x201","发送成功","4","00 00 80 3F"
"2166","11:12:22.539","标准帧","数据帧","CAN","0x0","接收成功","8","11 B1 CF 84 28 10 21 1F"
"2167","11:12:22.539","标准帧","数据帧","CAN","0x201","发送成功","4","00 00 80 3F"
"2168","11:12:22.539","标准帧","数据帧","CAN","0x0","接收成功","8","11 B1 D3 84 38 11 21 1F"
"2169","11:12:22.539","标准帧","数据帧","CAN","0x201","发送成功","4","00 00 80 3F"
"2170","11:12:22.539","标准帧","数据帧","CAN","0x0","接收成功","8","11 B1 D7 84 38 11 21 1F"
"2171","11:12:22.539","标准帧","数据帧","CAN","0x201","发送成功","4","00 00 80 3F"
"2172","11:12:22.539","标准帧","数据帧","CAN","0x0","接收成功","8","11 B1 DA 84 28 11 21 1F"
"2173","11:12:22.539","标准帧","数据帧","CAN","0x201","发送成功","4","00 00 80 3F"
"2174","11:12:22.539","标准帧","数据帧","CAN","0x0","接收成功","8","11 B1 DD 84 28 12 21 1F"
"2175","11:12:22.539","标准帧","数据帧","CAN","0x201","发送成功","4","00 00 80 3F"
"2176","11:12:22.539","标准帧","数据帧","CAN","0x0","接收成功","8","11 B1 E3 84 48 10 21 1F"
"2177","11:12:22.539","标准帧","数据帧","CAN","0x201","发送成功","4","00 00 80 3F"
"2178","11:12:22.539","标准帧","数据帧","CAN","0x0","接收成功","8","11 B1 E6 84 28 10 21 1F"
"2179","11:12:22.539","标准帧","数据帧","CAN","0x201","发送成功","4","00 00 80 3F"
"2180","11:12:22.539","标准帧","数据帧","CAN","0x0","接收成功","8","11 B1 EA 84 48 10 21 1F"
"2181","11:12:22.550","标准帧","数据帧","CAN","0x201","发送成功","4","00 00 80 3F"
"2182","11:12:22.550","标准帧","数据帧","CAN","0x0","接收成功","8","11 B1 EE 84 48 10 21 1F"
"2183","11:12:22.550","标准帧","数据帧","CAN","0x201","发送成功","4","00 00 80 3F"
"2184","11:12:22.550","标准帧","数据帧","CAN","0x0","接收成功","8","11 B1 EF 84 48 10 21 1F"
"2185","11:12:22.550","标准帧","数据帧","CAN","0x201","发送成功","4","00 00 80 3F"
"2186","11:12:22.550","标准帧","数据帧","CAN","0x0","接收成功","8","11 B1 F2 84 48 0F 21 1F"
"2187","11:12:22.550","标准帧","数据帧","CAN","0x201","发送成功","4","00 00 80 3F"
"2188","11:12:22.550","标准帧","数据帧","CAN","0x0","接收成功","8","11 B1 F8 84 58 0E 21 1F"
"2189","11:12:22.550","标准帧","数据帧","CAN","0x201","发送成功","4","00 00 80 3F"
"2190","11:12:22.550","标准帧","数据帧","CAN","0x0","接收成功","8","11 B1 FC 84 58 0E 21 1F"
"2191","11:12:22.550","标准帧","数据帧","CAN","0x201","发送成功","4","00 00 80 3F"
"2192","11:12:22.550","标准帧","数据帧","CAN","0x0","接收成功","8","11 B2 00 84 48 0E 21 1F"
"2193","11:12:22.550","标准帧","数据帧","CAN","0x201","发送成功","4","00 00 80 3F"
"2194","11:12:22.550","标准帧","数据帧","CAN","0x0","接收成功","8","11 B2 03 84 28 0F 21 1F"
"2195","11:12:22.550","标准帧","数据帧","CAN","0x201","发送成功","4","00 00 80 3F"
"2196","11:12:22.550","标准帧","数据帧","CAN","0x0","接收成功","8","11 B2 07 84 18 10 21 1F"
"2197","11:12:22.561","标准帧","数据帧","CAN","0x201","发送成功","4","00 00 80 3F"
"2198","11:12:22.561","标准帧","数据帧","CAN","0x0","接收成功","8","11 B2 0C 84 28 11 21 1F"
"2199","11:12:22.561","标准帧","数据帧","CAN","0x201","发送成功","4","00 00 80 3F"
"2200","11:12:22.561","标准帧","数据帧","CAN","0x0","接收成功","8","11 B2 12 84 38 10 21 1F"
"2201","11:12:22.561","标准帧","数据帧","CAN","0x201","发送成功","4","00 00 80 3F"
"2202","11:12:22.561","标准帧","数据帧","CAN","0x0","接收成功","8","11 B2 16 84 58 11 21 1F"
"2203","11:12:22.561","标准帧","数据帧","CAN","0x201","发送成功","4","00 00 80 3F"
"2204","11:12:22.561","标准帧","数据帧","CAN","0x0","接收成功","8","11 B2 17 84 38 11 21 1F"
"2205","11:12:22.561","标准帧","数据帧","CAN","0x201","发送成功","4","00 00 80 3F"
"2206","11:12:22.561","标准帧","数据帧","CAN","0x0","接收成功","8","11 B2 1A 84 28 11 21 1F"
"2207","11:12:22.561","标准帧","数据帧","CAN","0x201","发送成功","4","00 00 80 3F"
"2208","11:12:22.561","标准帧","数据帧","CAN","0x0","接收成功","8","11 B2 20 84 28 13 21 1F"
"2209","11:12:22.572","标准帧","数据帧","CAN","0x201","发送成功","4","00 00 80 3F"
"2210","11:12:22.572","标准帧","数据帧","CAN","0x0","接收成功","8","11 B2 23 84 28 12 21 1F"
"2211","11:12:22.572","标准帧","数据帧","CAN","0x201","发送成功","4","00 00 80 3F"
"2212","11:12:22.572","标准帧","数据帧","CAN","0x0","接收成功","8","11 B2 29 84 38 14 21 1F"
"2213","11:12:22.572","标准帧","数据帧","CAN","0x201","发送成功","4","00 00 80 3F"
"2214","11:12:22.572","标准帧","数据帧","CAN","0x0","接收成功","8","11 B2 2A 84 38 14 21 1F"
"2215","11:12:22.572","标准帧","数据帧","CAN","0x201","发送成功","4","00 00 80 3F"
"2216","11:12:22.572","标准帧","数据帧","CAN","0x0","接收成功","8","11 B2 2F 84 38 12 21 1F"
"2217","11:12:22.572","标准帧","数据帧","CAN","0x201","发送成功","4","00 00 80 3F"
"2218","11:12:22.572","标准帧","数据帧","CAN","0x0","接收成功","8","11 B2 34 84 48 13 21 1F"
"2219","11:12:22.572","标准帧","数据帧","CAN","0x201","发送成功","4","00 00 80 3F"
"2220","11:12:22.572","标准帧","数据帧","CAN","0x0","接收成功","8","11 B2 3B 84 48 11 21 1F"
"2221","11:12:22.572","标准帧","数据帧","CAN","0x201","发送成功","4","00 00 80 3F"
"2222","11:12:22.572","标准帧","数据帧","CAN","0x0","接收成功","8","11 B2 3E 84 58 11 21 1F"
"2223","11:12:22.572","标准帧","数据帧","CAN","0x201","发送成功","4","00 00 80 3F"
"2224","11:12:22.572","标准帧","数据帧","CAN","0x0","接收成功","8","11 B2 3F 84 58 11 21 1F"
"2225","11:12:22.583","标准帧","数据帧","CAN","0x201","发送成功","4","00 00 80 3F"
"2226","11:12:22.583","标准帧","数据帧","CAN","0x0","接收成功","8","11 B2 44 84 58 0F 21 1F"
"2227","11:12:22.583","标准帧","数据帧","CAN","0x201","发送成功","4","00 00 80 3F"
"2228","11:12:22.583","标准帧","数据帧","CAN","0x0","接收成功","8","11 B2 50 84 68 0F 21 1F"
"2229","11:12:22.583","标准帧","数据帧","CAN","0x201","发送成功","4","00 00 80 3F"
"2230","11:12:22.583","标准帧","数据帧","CAN","0x0","接收成功","8","11 B2 56 84 48 0F 21 1F"
"2231","11:12:22.583","标准帧","数据帧","CAN","0x201","发送成功","4","00 00 80 3F"
"2232","11:12:22.583","标准帧","数据帧","CAN","0x0","接收成功","8","11 B2 5B 84 28 0F 21 1F"
"2233","11:12:22.594","标准帧","数据帧","CAN","0x201","发送成功","4","00 00 80 3F"
"2234","11:12:22.594","标准帧","数据帧","CAN","0x0","接收成功","8","11 B2 61 84 18 11 21 1F"
"2235","11:12:22.594","标准帧","数据帧","CAN","0x201","发送成功","4","00 00 80 3F"
"2236","11:12:22.594","标准帧","数据帧","CAN","0x0","接收成功","8","11 B2 67 84 08 12 21 1F"
"2237","11:12:22.594","标准帧","数据帧","CAN","0x201","发送成功","4","00 00 80 3F"
"2238","11:12:22.594","标准帧","数据帧","CAN","0x0","接收成功","8","11 B2 6D 84 28 13 21 1F"
"2239","11:12:22.594","标准帧","数据帧","CAN","0x201","发送成功","4","00 00 80 3F"
"2240","11:12:22.594","标准帧","数据帧","CAN","0x0","接收成功","8","11 B2 7A 84 48 12 21 1F"
"2241","11:12:22.605","标准帧","数据帧","CAN","0x201","发送成功","4","00 00 80 3F"
"2242","11:12:22.605","标准帧","数据帧","CAN","0x0","接收成功","8","11 B2 7C 84 68 11 21 1F"
"2243","11:12:22.616","标准帧","数据帧","CAN","0x201","发送成功","4","00 00 80 3F"
"2244","11:12:22.616","标准帧","数据帧","CAN","0x0","接收成功","8","11 B2 84 84 68 0F 21 1F"
"2245","11:12:22.616","标准帧","数据帧","CAN","0x201","发送成功","4","00 00 80 3F"
"2246","11:12:22.616","标准帧","数据帧","CAN","0x0","接收成功","8","11 B2 A3 84 08 14 21 1F"
"2247","11:12:22.616","标准帧","数据帧","CAN","0x201","发送成功","4","00 00 80 3F"
"2248","11:12:22.616","标准帧","数据帧","CAN","0x0","接收成功","8","11 B2 A7 83 F8 15 21 1F"
"2249","11:12:22.616","标准帧","数据帧","CAN","0x201","发送成功","4","00 00 80 3F"
"2250","11:12:22.616","标准帧","数据帧","CAN","0x0","接收成功","8","11 B2 AC 84 18 16 21 1F"
"2251","11:12:22.616","标准帧","数据帧","CAN","0x201","发送成功","4","00 00 80 3F"
"2252","11:12:22.616","标准帧","数据帧","CAN","0x0","接收成功","8","11 B2 AC 84 18 16 21 1F"
"2253","11:12:22.626","标准帧","数据帧","CAN","0x201","发送成功","4","00 00 80 3F"
"2254","11:12:22.626","标准帧","数据帧","CAN","0x0","接收成功","8","11 B2 B0 84 08 16 21 1F"
"2255","11:12:22.626","标准帧","数据帧","CAN","0x201","发送成功","4","00 00 80 3F"
"2256","11:12:22.626","标准帧","数据帧","CAN","0x0","接收成功","8","11 B2 B7 84 48 13 21 1F"
"2257","11:12:22.626","标准帧","数据帧","CAN","0x201","发送成功","4","00 00 80 3F"
"2258","11:12:22.626","标准帧","数据帧","CAN","0x0","接收成功","8","11 B2 BC 84 68 11 21 1F"
"2259","11:12:22.626","标准帧","数据帧","CAN","0x201","发送成功","4","00 00 80 3F"
"2260","11:12:22.626","标准帧","数据帧","CAN","0x0","接收成功","8","11 B2 C0 84 78 0F 21 1F"
"2261","11:12:22.626","标准帧","数据帧","CAN","0x201","发送成功","4","00 00 80 3F"
"2262","11:12:22.626","标准帧","数据帧","CAN","0x0","接收成功","8","11 B2 C0 84 78 0F 21 1F"
"2263","11:12:22.626","标准帧","数据帧","CAN","0x201","发送成功","4","00 00 80 3F"
"2264","11:12:22.626","标准帧","数据帧","CAN","0x0","接收成功","8","11 B2 C4 84 78 0E 21 1F"
"2265","11:12:22.626","标准帧","数据帧","CAN","0x201","发送成功","4","00 00 80 3F"
"2266","11:12:22.626","标准帧","数据帧","CAN","0x0","接收成功","8","11 B2 C7 84 68 0D 21 1F"
"2267","11:12:22.626","标准帧","数据帧","CAN","0x201","发送成功","4","00 00 80 3F"
"2268","11:12:22.626","标准帧","数据帧","CAN","0x0","接收成功","8","11 B2 C8 84 68 0D 21 1F"
"2269","11:12:22.626","标准帧","数据帧","CAN","0x201","发送成功","4","00 00 80 3F"
"2270","11:12:22.626","标准帧","数据帧","CAN","0x0","接收成功","8","11 B2 CC 84 78 0D 21 1F"
"2271","11:12:22.637","标准帧","数据帧","CAN","0x201","发送成功","4","00 00 80 3F"
"2272","11:12:22.637","标准帧","数据帧","CAN","0x0","接收成功","8","11 B2 D0 84 58 0C 21 1F"
"2273","11:12:22.637","标准帧","数据帧","CAN","0x201","发送成功","4","00 00 80 3F"
"2274","11:12:22.637","标准帧","数据帧","CAN","0x0","接收成功","8","11 B2 D6 84 48 0D 21 1F"
"2275","11:12:22.637","标准帧","数据帧","CAN","0x201","发送成功","4","00 00 80 3F"
"2276","11:12:22.637","标准帧","数据帧","CAN","0x0","接收成功","8","11 B2 D9 84 28 0E 21 1F"
"2277","11:12:22.637","标准帧","数据帧","CAN","0x201","发送成功","4","00 00 80 3F"
"2278","11:12:22.637","标准帧","数据帧","CAN","0x0","接收成功","8","11 B2 DD 84 28 0F 21 1F"
"2279","11:12:22.637","标准帧","数据帧","CAN","0x201","发送成功","4","00 00 80 3F"
"2280","11:12:22.637","标准帧","数据帧","CAN","0x0","接收成功","8","11 B2 E0 84 38 10 21 1F"
"2281","11:12:22.637","标准帧","数据帧","CAN","0x201","发送成功","4","00 00 80 3F"
"2282","11:12:22.637","标准帧","数据帧","CAN","0x0","接收成功","8","11 B2 E3 84 18 11 21 1F"
"2283","11:12:22.637","标准帧","数据帧","CAN","0x201","发送成功","4","00 00 80 3F"
"2284","11:12:22.637","标准帧","数据帧","CAN","0x0","接收成功","8","11 B2 E8 84 08 12 21 1F"
"2285","11:12:22.637","标准帧","数据帧","CAN","0x201","发送成功","4","00 00 80 3F"
"2286","11:12:22.637","标准帧","数据帧","CAN","0x0","接收成功","8","11 B2 EC 84 08 13 21 1F"
"2287","11:12:22.647","标准帧","数据帧","CAN","0x201","发送成功","4","00 00 80 3F"
"2288","11:12:22.647","标准帧","数据帧","CAN","0x0","接收成功","8","11 B2 ED 83 F8 13 21 1F"
"2289","11:12:22.647","标准帧","数据帧","CAN","0x201","发送成功","4","00 00 80 3F"
"2290","11:12:22.647","标准帧","数据帧","CAN","0x0","接收成功","8","11 B2 F1 84 08 14 21 1F"
"2291","11:12:22.647","标准帧","数据帧","CAN","0x201","发送成功","4","00 00 80 3F"
"2292","11:12:22.647","标准帧","数据帧","CAN","0x0","接收成功","8","11 B2 F4 84 18 15 21 1F"
"2293","11:12:22.647","标准帧","数据帧","CAN","0x201","发送成功","4","00 00 80 3F"
"2294","11:12:22.647","标准帧","数据帧","CAN","0x0","接收成功","8","11 B2 F5 84 18 14 21 1F"
"2295","11:12:22.647","标准帧","数据帧","CAN","0x201","发送成功","4","00 00 80 3F"
"2296","11:12:22.647","标准帧","数据帧","CAN","0x0","接收成功","8","11 B2 FA 84 38 13 21 1F"
"2297","11:12:22.647","标准帧","数据帧","CAN","0x201","发送成功","4","00 00 80 3F"
"2298","11:12:22.647","标准帧","数据帧","CAN","0x0","接收成功","8","11 B2 FF 84 58 12 21 1F"
"2299","11:12:22.647","标准帧","数据帧","CAN","0x201","发送成功","4","00 00 80 3F"
"2300","11:12:22.647","标准帧","数据帧","CAN","0x0","接收成功","8","11 B3 00 84 58 11 21 1F"
"2301","11:12:22.647","标准帧","数据帧","CAN","0x201","发送成功","4","00 00 80 3F"
"2302","11:12:22.647","标准帧","数据帧","CAN","0x0","接收成功","8","11 B3 03 84 68 10 21 1F"
"2303","11:12:22.647","标准帧","数据帧","CAN","0x201","发送成功","4","00 00 80 3F"
"2304","11:12:22.647","标准帧","数据帧","CAN","0x0","接收成功","8","11 B3 04 84 68 10 21 1F"
"2305","11:12:22.658","标准帧","数据帧","CAN","0x201","发送成功","4","00 00 80 3F"
"2306","11:12:22.658","标准帧","数据帧","CAN","0x0","接收成功","8","11 B3 09 84 68 0E 21 1F"
"2307","11:12:22.658","标准帧","数据帧","CAN","0x201","发送成功","4","00 00 80 3F"
"2308","11:12:22.658","标准帧","数据帧","CAN","0x0","接收成功","8","11 B3 0D 84 68 0D 21 1F"
"2309","11:12:22.658","标准帧","数据帧","CAN","0x201","发送成功","4","00 00 80 3F"
"2310","11:12:22.658","标准帧","数据帧","CAN","0x0","接收成功","8","11 B3 10 84 68 0D 21 1F"
"2311","11:12:22.658","标准帧","数据帧","CAN","0x201","发送成功","4","00 00 80 3F"
"2312","11:12:22.658","标准帧","数据帧","CAN","0x0","接收成功","8","11 B3 14 84 58 0D 21 1F"
"2313","11:12:22.658","标准帧","数据帧","CAN","0x201","发送成功","4","00 00 80 3F"
"2314","11:12:22.658","标准帧","数据帧","CAN","0x0","接收成功","8","11 B3 18 84 38 10 21 1F"
"2315","11:12:22.658","标准帧","数据帧","CAN","0x201","发送成功","4","00 00 80 3F"
"2316","11:12:22.658","标准帧","数据帧","CAN","0x0","接收成功","8","11 B3 18 84 38 10 21 1F"
"2317","11:12:22.658","标准帧","数据帧","CAN","0x201","发送成功","4","00 00 80 3F"
"2318","11:12:22.658","标准帧","数据帧","CAN","0x0","接收成功","8","11 B3 1C 84 38 11 21 1F"
"2319","11:12:22.658","标准帧","数据帧","CAN","0x201","发送成功","4","00 00 80 3F"
"2320","11:12:22.658","标准帧","数据帧","CAN","0x0","接收成功","8","11 B3 1E 84 28 11 21 1F"
"2321","11:12:22.658","标准帧","数据帧","CAN","0x201","发送成功","4","00 00 80 3F"
"2322","11:12:22.658","标准帧","数据帧","CAN","0x0","接收成功","8","11 B3 1F 84 08 11 21 1F"
"2323","11:12:22.669","标准帧","数据帧","CAN","0x201","发送成功","4","00 00 80 3F"
"2324","11:12:22.669","标准帧","数据帧","CAN","0x0","接收成功","8","11 B3 24 84 18 12 21 1F"
"2325","11:12:22.669","标准帧","数据帧","CAN","0x201","发送成功","4","00 00 80 3F"
"2326","11:12:22.669","标准帧","数据帧","CAN","0x0","接收成功","8","11 B3 27 84 08 12 21 1F"
"2327","11:12:22.669","标准帧","数据帧","CAN","0x201","发送成功","4","00 00 80 3F"
"2328","11:12:22.669","标准帧","数据帧","CAN","0x0","接收成功","8","11 B3 29 84 28 13 21 1F"
"2329","11:12:22.669","标准帧","数据帧","CAN","0x201","发送成功","4","00 00 80 3F"
"2330","11:12:22.669","标准帧","数据帧","CAN","0x0","接收成功","8","11 B3 2D 84 18 14 21 1F"
"2331","11:12:22.669","标准帧","数据帧","CAN","0x201","发送成功","4","00 00 80 3F"
"2332","11:12:22.669","标准帧","数据帧","CAN","0x0","接收成功","8","11 B3 31 84 18 14 21 1F"
"2333","11:12:22.669","标准帧","数据帧","CAN","0x201","发送成功","4","00 00 80 3F"
"2334","11:12:22.669","标准帧","数据帧","CAN","0x0","接收成功","8","11 B3 34 84 28 14 21 1F"
"2335","11:12:22.669","标准帧","数据帧","CAN","0x201","发送成功","4","00 00 80 3F"
"2336","11:12:22.669","标准帧","数据帧","CAN","0x0","接收成功","8","11 B3 39 84 48 12 21 1F"
"2337","11:12:22.669","标准帧","数据帧","CAN","0x201","发送成功","4","00 00 80 3F"
"2338","11:12:22.669","标准帧","数据帧","CAN","0x0","接收成功","8","11 B3 3A 84 48 12 21 1F"
"2339","11:12:22.680","标准帧","数据帧","CAN","0x201","发送成功","4","00 00 80 3F"
"2340","11:12:22.680","标准帧","数据帧","CAN","0x0","接收成功","8","11 B3 40 84 58 11 21 1F"
"2341","11:12:22.680","标准帧","数据帧","CAN","0x201","发送成功","4","00 00 80 3F"
"2342","11:12:22.680","标准帧","数据帧","CAN","0x0","接收成功","8","11 B3 45 84 68 0F 21 1F"
"2343","11:12:22.680","标准帧","数据帧","CAN","0x201","发送成功","4","00 00 80 3F"
"2344","11:12:22.680","标准帧","数据帧","CAN","0x0","接收成功","8","11 B3 48 84 68 0E 21 1F"
"2345","11:12:22.680","标准帧","数据帧","CAN","0x201","发送成功","4","00 00 80 3F"
"2346","11:12:22.680","标准帧","数据帧","CAN","0x0","接收成功","8","11 B3 4C 84 58 0D 21 1F"
"2347","11:12:22.680","标准帧","数据帧","CAN","0x201","发送成功","4","00 00 80 3F"
"2348","11:12:22.680","标准帧","数据帧","CAN","0x0","接收成功","8","11 B3 4F 84 68 0E 21 1F"
"2349","11:12:22.680","标准帧","数据帧","CAN","0x201","发送成功","4","00 00 80 3F"
"2350","11:12:22.680","标准帧","数据帧","CAN","0x0","接收成功","8","11 B3 53 84 68 0D 21 1F"
"2351","11:12:22.690","标准帧","数据帧","CAN","0x201","发送成功","4","00 00 80 3F"
"2352","11:12:22.690","标准帧","数据帧","CAN","0x0","接收成功","8","11 B3 58 84 48 0E 21 1F"
"2353","11:12:22.690","标准帧","数据帧","CAN","0x201","发送成功","4","00 00 80 3F"
"2354","11:12:22.690","标准帧","数据帧","CAN","0x0","接收成功","8","11 B3 5C 84 48 0E 21 1F"
"2355","11:12:22.690","标准帧","数据帧","CAN","0x201","发送成功","4","00 00 80 3F"
"2356","11:12:22.690","标准帧","数据帧","CAN","0x0","接收成功","8","11 B3 5D 84 48 0E 21 1F"
"2357","11:12:22.690","标准帧","数据帧","CAN","0x201","发送成功","4","00 00 80 3F"
"2358","11:12:22.690","标准帧","数据帧","CAN","0x0","接收成功","8","11 B3 60 84 38 0E 21 1F"
"2359","11:12:22.690","标准帧","数据帧","CAN","0x201","发送成功","4","00 00 80 3F"
"2360","11:12:22.690","标准帧","数据帧","CAN","0x0","接收成功","8","11 B3 67 84 28 11 21 1F"
"2361","11:12:22.690","标准帧","数据帧","CAN","0x201","发送成功","4","00 00 80 3F"
"2362","11:12:22.690","标准帧","数据帧","CAN","0x0","接收成功","8","11 B3 6B 84 28 11 21 1F"
"2363","11:12:22.701","标准帧","数据帧","CAN","0x201","发送成功","4","00 00 80 3F"
"2364","11:12:22.701","标准帧","数据帧","CAN","0x0","接收成功","8","11 B3 70 84 18 13 21 1F"
"2365","11:12:22.701","标准帧","数据帧","CAN","0x201","发送成功","4","00 00 80 3F"
"2366","11:12:22.701","标准帧","数据帧","CAN","0x0","接收成功","8","11 B3 7B 84 38 12 21 1F"
"2367","11:12:22.701","标准帧","数据帧","CAN","0x201","发送成功","4","00 00 80 3F"
"2368","11:12:22.701","标准帧","数据帧","CAN","0x0","接收成功","8","11 B3 7C 84 38 12 21 1F"
"2369","11:12:22.712","标准帧","数据帧","CAN","0x201","发送成功","4","00 00 80 3F"
"2370","11:12:22.712","标准帧","数据帧","CAN","0x0","接收成功","8","11 B3 83 84 38 12 21 1F"
"2371","11:12:22.712","标准帧","数据帧","CAN","0x201","发送成功","4","00 00 80 3F"
"2372","11:12:22.712","标准帧","数据帧","CAN","0x0","接收成功","8","11 B3 A1 84 38 10 21 1F"
"2373","11:12:22.712","标准帧","数据帧","CAN","0x201","发送成功","4","00 00 80 3F"
"2374","11:12:22.712","标准帧","数据帧","CAN","0x0","接收成功","8","11 B3 A4 84 48 11 21 1F"
"2375","11:12:22.712","标准帧","数据帧","CAN","0x201","发送成功","4","00 00 80 3F"
"2376","11:12:22.712","标准帧","数据帧","CAN","0x0","接收成功","8","11 B3 AB 84 28 10 21 1F"
"2377","11:12:22.723","标准帧","数据帧","CAN","0x201","发送成功","4","00 00 80 3F"
"2378","11:12:22.723","标准帧","数据帧","CAN","0x0","接收成功","8","11 B3 AD 84 38 10 21 1F"
"2379","11:12:22.723","标准帧","数据帧","CAN","0x201","发送成功","4","00 00 80 3F"
"2380","11:12:22.723","标准帧","数据帧","CAN","0x0","接收成功","8","11 B3 B2 84 38 10 21 1F"
"2381","11:12:22.723","标准帧","数据帧","CAN","0x201","发送成功","4","00 00 80 3F"
"2382","11:12:22.723","标准帧","数据帧","CAN","0x0","接收成功","8","11 B3 B5 84 48 10 21 1F"
"2383","11:12:22.723","标准帧","数据帧","CAN","0x201","发送成功","4","00 00 80 3F"
"2384","11:12:22.723","标准帧","数据帧","CAN","0x0","接收成功","8","11 B3 BB 84 28 11 21 1F"
"2385","11:12:22.723","标准帧","数据帧","CAN","0x201","发送成功","4","00 00 80 3F"
"2386","11:12:22.723","标准帧","数据帧","CAN","0x0","接收成功","8","11 B3 BE 84 28 11 21 1F"
"2387","11:12:22.723","标准帧","数据帧","CAN","0x201","发送成功","4","00 00 80 3F"
"2388","11:12:22.723","标准帧","数据帧","CAN","0x0","接收成功","8","11 B3 C2 84 38 11 21 1F"
"2389","11:12:22.723","标准帧","数据帧","CAN","0x201","发送成功","4","00 00 80 3F"
"2390","11:12:22.723","标准帧","数据帧","CAN","0x0","接收成功","8","11 B3 C3 84 38 11 21 1F"
"2391","11:12:22.723","标准帧","数据帧","CAN","0x201","发送成功","4","00 00 80 3F"
"2392","11:12:22.723","标准帧","数据帧","CAN","0x0","接收成功","8","11 B3 C7 84 48 11 21 1F"
"2393","11:12:22.733","标准帧","数据帧","CAN","0x201","发送成功","4","00 00 80 3F"
"2394","11:12:22.733","标准帧","数据帧","CAN","0x0","接收成功","8","11 B3 CA 84 38 11 21 1F"
"2395","11:12:22.733","标准帧","数据帧","CAN","0x201","发送成功","4","00 00 80 3F"
"2396","11:12:22.733","标准帧","数据帧","CAN","0x0","接收成功","8","11 B3 CD 84 38 12 21 1F"
"2397","11:12:22.733","标准帧","数据帧","CAN","0x201","发送成功","4","00 00 80 3F"
"2398","11:12:22.733","标准帧","数据帧","CAN","0x0","接收成功","8","11 B3 CE 84 38 12 21 1F"
"2399","11:12:22.733","标准帧","数据帧","CAN","0x201","发送成功","4","00 00 80 3F"
"2400","11:12:22.733","标准帧","数据帧","CAN","0x0","接收成功","8","11 B3 D5 84 38 10 21 1F"
"2401","11:12:22.733","标准帧","数据帧","CAN","0x201","发送成功","4","00 00 80 3F"
"2402","11:12:22.733","标准帧","数据帧","CAN","0x0","接收成功","8","11 B3 D9 84 48 11 21 1F"
"2403","11:12:22.733","标准帧","数据帧","CAN","0x201","发送成功","4","00 00 80 3F"
"2404","11:12:22.733","标准帧","数据帧","CAN","0x0","接收成功","8","11 B3 DA 84 58 10 21 1F"
"2405","11:12:22.733","标准帧","数据帧","CAN","0x201","发送成功","4","00 00 80 3F"
"2406","11:12:22.733","标准帧","数据帧","CAN","0x0","接收成功","8","11 B3 DF 84 48 0F 21 1F"
"2407","11:12:22.733","标准帧","数据帧","CAN","0x201","发送成功","4","00 00 80 3F"
"2408","11:12:22.733","标准帧","数据帧","CAN","0x0","接收成功","8","11 B3 E2 84 58 10 21 1F"
"2409","11:12:22.733","标准帧","数据帧","CAN","0x201","发送成功","4","00 00 80 3F"
"2410","11:12:22.733","标准帧","数据帧","CAN","0x0","接收成功","8","11 B3 E3 84 58 10 21 1F"
"2411","11:12:22.744","标准帧","数据帧","CAN","0x201","发送成功","4","00 00 80 3F"
"2412","11:12:22.744","标准帧","数据帧","CAN","0x0","接收成功","8","11 B3 E7 84 48 0F 21 1F"
"2413","11:12:22.744","标准帧","数据帧","CAN","0x201","发送成功","4","00 00 80 3F"
"2414","11:12:22.744","标准帧","数据帧","CAN","0x0","接收成功","8","11 B3 ED 84 38 0F 21 1F"
"2415","11:12:22.744","标准帧","数据帧","CAN","0x201","发送成功","4","00 00 80 3F"
"2416","11:12:22.744","标准帧","数据帧","CAN","0x0","接收成功","8","11 B3 EF 84 28 10 21 1F"
"2417","11:12:22.744","标准帧","数据帧","CAN","0x201","发送成功","4","00 00 80 3F"
"2418","11:12:22.744","标准帧","数据帧","CAN","0x0","接收成功","8","11 B3 F3 84 28 11 21 1F"
"2419","11:12:22.744","标准帧","数据帧","CAN","0x201","发送成功","4","00 00 80 3F"
"2420","11:12:22.744","标准帧","数据帧","CAN","0x0","接收成功","8","11 B3 F6 84 38 11 21 1F"
"2421","11:12:22.744","标准帧","数据帧","CAN","0x201","发送成功","4","00 00 80 3F"
"2422","11:12:22.744","标准帧","数据帧","CAN","0x0","接收成功","8","11 B3 F9 84 28 12 21 1F"
"2423","11:12:22.744","标准帧","数据帧","CAN","0x201","发送成功","4","00 00 80 3F"
"2424","11:12:22.744","标准帧","数据帧","CAN","0x0","接收成功","8","11 B3 FE 84 18 14 21 1F"
"2425","11:12:22.754","标准帧","数据帧","CAN","0x201","发送成功","4","00 00 80 3F"
"2426","11:12:22.754","标准帧","数据帧","CAN","0x0","接收成功","8","11 B3 FF 84 18 14 21 1F"
"2427","11:12:22.754","标准帧","数据帧","CAN","0x201","发送成功","4","00 00 80 3F"
"2428","11:12:22.754","标准帧","数据帧","CAN","0x0","接收成功","8","11 B4 08 84 28 15 21 1F"
"2429","11:12:22.754","标准帧","数据帧","CAN","0x201","发送成功","4","00 00 80 3F"
"2430","11:12:22.754","标准帧","数据帧","CAN","0x0","接收成功","8","11 B4 09 84 28 15 21 1F"
"2431","11:12:22.754","标准帧","数据帧","CAN","0x201","发送成功","4","00 00 80 3F"
"2432","11:12:22.754","标准帧","数据帧","CAN","0x0","接收成功","8","11 B4 0F 84 48 13 21 1F"
"2433","11:12:22.754","标准帧","数据帧","CAN","0x201","发送成功","4","00 00 80 3F"
"2434","11:12:22.754","标准帧","数据帧","CAN","0x0","接收成功","8","11 B4 10 84 48 13 21 1F"
"2435","11:12:22.754","标准帧","数据帧","CAN","0x201","发送成功","4","00 00 80 3F"
"2436","11:12:22.754","标准帧","数据帧","CAN","0x0","接收成功","8","11 B4 13 84 48 12 21 1F"
"2437","11:12:22.754","标准帧","数据帧","CAN","0x201","发送成功","4","00 00 80 3F"
"2438","11:12:22.754","标准帧","数据帧","CAN","0x0","接收成功","8","11 B4 14 84 48 12 21 1F"
"2439","11:12:22.765","标准帧","数据帧","CAN","0x201","发送成功","4","00 00 80 3F"
"2440","11:12:22.765","标准帧","数据帧","CAN","0x0","接收成功","8","11 B4 1A 84 58 11 21 1F"
"2441","11:12:22.765","标准帧","数据帧","CAN","0x201","发送成功","4","00 00 80 3F"
"2442","11:12:22.765","标准帧","数据帧","CAN","0x0","接收成功","8","11 B4 22 84 88 0E 21 1F"
"2443","11:12:22.765","标准帧","数据帧","CAN","0x201","发送成功","4","00 00 80 3F"
"2444","11:12:22.765","标准帧","数据帧","CAN","0x0","接收成功","8","11 B4 24 84 68 0D 21 1F"
"2445","11:12:22.765","标准帧","数据帧","CAN","0x201","发送成功","4","00 00 80 3F"
"2446","11:12:22.765","标准帧","数据帧","CAN","0x0","接收成功","8","11 B4 29 84 58 0D 21 1F"
"2447","11:12:22.765","标准帧","数据帧","CAN","0x201","发送成功","4","00 00 80 3F"
"2448","11:12:22.765","标准帧","数据帧","CAN","0x0","接收成功","8","11 B4 30 84 48 0E 21 1F"
"2449","11:12:22.765","标准帧","数据帧","CAN","0x201","发送成功","4","00 00 80 3F"
"2450","11:12:22.765","标准帧","数据帧","CAN","0x0","接收成功","8","11 B4 34 84 38 0F 21 1F"
"2451","11:12:22.765","标准帧","数据帧","CAN","0x201","发送成功","4","00 00 80 3F"
"2452","11:12:22.765","标准帧","数据帧","CAN","0x0","接收成功","8","11 B4 35 84 38 0F 21 1F"
"2453","11:12:22.775","标准帧","数据帧","CAN","0x201","发送成功","4","00 00 80 3F"
"2454","11:12:22.775","标准帧","数据帧","CAN","0x0","接收成功","8","11 B4 3B 84 28 11 21 1F"
"2455","11:12:22.775","标准帧","数据帧","CAN","0x201","发送成功","4","00 00 80 3F"
"2456","11:12:22.775","标准帧","数据帧","CAN","0x0","接收成功","8","11 B4 40 84 08 13 21 1F"
"2457","11:12:22.775","标准帧","数据帧","CAN","0x201","发送成功","4","00 00 80 3F"
"2458","11:12:22.775","标准帧","数据帧","CAN","0x0","接收成功","8","11 B4 41 84 08 13 21 1F"
"2459","11:12:22.775","标准帧","数据帧","CAN","0x201","发送成功","4","00 00 80 3F"
"2460","11:12:22.775","标准帧","数据帧","CAN","0x0","接收成功","8","11 B4 45 84 08 14 21 1F"
"2461","11:12:22.775","标准帧","数据帧","CAN","0x201","发送成功","4","00 00 80 3F"
"2462","11:12:22.775","标准帧","数据帧","CAN","0x0","接收成功","8","11 B4 4A 84 18 14 21 1F"
"2463","11:12:22.775","标准帧","数据帧","CAN","0x201","发送成功","4","00 00 80 3F"
"2464","11:12:22.775","标准帧","数据帧","CAN","0x0","接收成功","8","11 B4 4C 84 18 14 21 1F"
"2465","11:12:22.775","标准帧","数据帧","CAN","0x201","发送成功","4","00 00 80 3F"
"2466","11:12:22.775","标准帧","数据帧","CAN","0x0","接收成功","8","11 B4 50 84 38 12 21 1F"
"2467","11:12:22.775","标准帧","数据帧","CAN","0x201","发送成功","4","00 00 80 3F"
"2468","11:12:22.775","标准帧","数据帧","CAN","0x0","接收成功","8","11 B4 51 84 38 12 21 1F"
"2469","11:12:22.775","标准帧","数据帧","CAN","0x201","发送成功","4","00 00 80 3F"
"2470","11:12:22.786","标准帧","数据帧","CAN","0x0","接收成功","8","11 B4 54 84 48 12 21 1F"
"2471","11:12:22.786","标准帧","数据帧","CAN","0x201","发送成功","4","00 00 80 3F"
"2472","11:12:22.786","标准帧","数据帧","CAN","0x0","接收成功","8","11 B4 55 84 48 12 21 1F"
"2473","11:12:22.786","标准帧","数据帧","CAN","0x201","发送成功","4","00 00 80 3F"
"2474","11:12:22.786","标准帧","数据帧","CAN","0x0","接收成功","8","11 B4 5C 84 58 10 21 1F"
"2475","11:12:22.786","标准帧","数据帧","CAN","0x201","发送成功","4","00 00 80 3F"
"2476","11:12:22.786","标准帧","数据帧","CAN","0x0","接收成功","8","11 B4 63 84 68 0E 21 1F"
"2477","11:12:22.786","标准帧","数据帧","CAN","0x201","发送成功","4","00 00 80 3F"
"2478","11:12:22.786","标准帧","数据帧","CAN","0x0","接收成功","8","11 B4 68 84 58 0F 21 1F"
"2479","11:12:22.786","标准帧","数据帧","CAN","0x201","发送成功","4","00 00 80 3F"
"2480","11:12:22.786","标准帧","数据帧","CAN","0x0","接收成功","8","11 B4 6D 84 58 0F 21 1F"
"2481","11:12:22.786","标准帧","数据帧","CAN","0x201","发送成功","4","00 00 80 3F"
"2482","11:12:22.786","标准帧","数据帧","CAN","0x0","接收成功","8","11 B4 70 84 38 0E 21 1F"
"2483","11:12:22.796","标准帧","数据帧","CAN","0x201","发送成功","4","00 00 80 3F"
"2484","11:12:22.796","标准帧","数据帧","CAN","0x0","接收成功","8","11 B4 71 84 38 0E 21 1F"
"2485","11:12:22.796","标准帧","数据帧","CAN","0x201","发送成功","4","00 00 80 3F"
"2486","11:12:22.796","标准帧","数据帧","CAN","0x0","接收成功","8","11 B4 7D 84 28 11 21 1F"
"2487","11:12:22.796","标准帧","数据帧","CAN","0x201","发送成功","4","00 00 80 3F"
"2488","11:12:22.796","标准帧","数据帧","CAN","0x0","接收成功","8","11 B4 89 84 18 13 21 1F"
"2489","11:12:22.806","标准帧","数据帧","CAN","0x201","发送成功","4","00 00 80 3F"
"2490","11:12:22.806","标准帧","数据帧","CAN","0x0","接收成功","8","11 B4 8B 84 18 13 21 1F"
"2491","11:12:22.817","标准帧","数据帧","CAN","0x201","发送成功","4","00 00 80 3F"
"2492","11:12:22.817","标准帧","数据帧","CAN","0x0","接收成功","8","11 B4 90 84 28 14 21 1F"
"2493","11:12:22.817","标准帧","数据帧","CAN","0x201","发送成功","4","00 00 80 3F"
"2494","11:12:22.817","标准帧","数据帧","CAN","0x0","接收成功","8","11 B4 B2 84 48 0E 21 1F"
"2495","11:12:22.817","标准帧","数据帧","CAN","0x201","发送成功","4","00 00 80 3F"
"2496","11:12:22.817","标准帧","数据帧","CAN","0x0","接收成功","8","11 B4 B7 84 38 0F 21 1F"
"2497","11:12:22.817","标准帧","数据帧","CAN","0x201","发送成功","4","00 00 80 3F"
"2498","11:12:22.817","标准帧","数据帧","CAN","0x0","接收成功","8","11 B4 BB 84 18 11 21 1F"
"2499","11:12:22.817","标准帧","数据帧","CAN","0x201","发送成功","4","00 00 80 3F"
"2500","11:12:22.817","标准帧","数据帧","CAN","0x0","接收成功","8","11 B4 BC 84 18 11 21 1F"
"2501","11:12:22.817","标准帧","数据帧","CAN","0x201","发送成功","4","00 00 80 3F"
"2502","11:12:22.817","标准帧","数据帧","CAN","0x0","接收成功","8","11 B4 BF 84 28 11 21 1F"
"2503","11:12:22.828","标准帧","数据帧","CAN","0x201","发送成功","4","00 00 80 3F"
"2504","11:12:22.828","标准帧","数据帧","CAN","0x0","接收成功","8","11 B4 C2 84 28 11 21 1F"
"2505","11:12:22.828","标准帧","数据帧","CAN","0x201","发送成功","4","00 00 80 3F"
"2506","11:12:22.828","标准帧","数据帧","CAN","0x0","接收成功","8","11 B4 C7 84 18 13 21 1F"
"2507","11:12:22.828","标准帧","数据帧","CAN","0x201","发送成功","4","00 00 80 3F"
"2508","11:12:22.828","标准帧","数据帧","CAN","0x0","接收成功","8","11 B4 CB 84 28 14 21 1F"
"2509","11:12:22.828","标准帧","数据帧","CAN","0x201","发送成功","4","00 00 80 3F"
"2510","11:12:22.828","标准帧","数据帧","CAN","0x0","接收成功","8","11 B4 CC 84 28 14 21 1F"
"2511","11:12:22.828","标准帧","数据帧","CAN","0x201","发送成功","4","00 00 80 3F"
"2512","11:12:22.828","标准帧","数据帧","CAN","0x0","接收成功","8","11 B4 CF 84 18 13 21 1F"
"2513","11:12:22.828","标准帧","数据帧","CAN","0x201","发送成功","4","00 00 80 3F"
"2514","11:12:22.828","标准帧","数据帧","CAN","0x0","接收成功","8","11 B4 D5 84 28 14 21 1F"
"2515","11:12:22.839","标准帧","数据帧","CAN","0x201","发送成功","4","00 00 80 3F"
"2516","11:12:22.839","标准帧","数据帧","CAN","0x0","接收成功","8","11 B4 DB 84 58 12 21 1F"
"2517","11:12:22.839","标准帧","数据帧","CAN","0x201","发送成功","4","00 00 80 3F"
"2518","11:12:22.839","标准帧","数据帧","CAN","0x0","接收成功","8","11 B4 E0 84 48 11 21 1F"
"2519","11:12:22.839","标准帧","数据帧","CAN","0x201","发送成功","4","00 00 80 3F"
"2520","11:12:22.839","标准帧","数据帧","CAN","0x0","接收成功","8","11 B4 E4 84 58 10 21 1F"
"2521","11:12:22.839","标准帧","数据帧","CAN","0x201","发送成功","4","00 00 80 3F"
"2522","11:12:22.839","标准帧","数据帧","CAN","0x0","接收成功","8","11 B4 E5 84 58 10 21 1F"
"2523","11:12:22.839","标准帧","数据帧","CAN","0x201","发送成功","4","00 00 80 3F"
"2524","11:12:22.839","标准帧","数据帧","CAN","0x0","接收成功","8","11 B4 E9 84 58 10 21 1F"
"2525","11:12:22.839","标准帧","数据帧","CAN","0x201","发送成功","4","00 00 80 3F"
"2526","11:12:22.839","标准帧","数据帧","CAN","0x0","接收成功","8","11 B4 ED 84 58 10 21 1F"
"2527","11:12:22.839","标准帧","数据帧","CAN","0x201","发送成功","4","00 00 80 3F"
"2528","11:12:22.839","标准帧","数据帧","CAN","0x0","接收成功","8","11 B4 F0 84 58 0F 21 1F"
"2529","11:12:22.839","标准帧","数据帧","CAN","0x201","发送成功","4","00 00 80 3F"
"2530","11:12:22.839","标准帧","数据帧","CAN","0x0","接收成功","8","11 B4 F4 84 48 10 21 1F"
"2531","11:12:22.849","标准帧","数据帧","CAN","0x201","发送成功","4","00 00 80 3F"
"2532","11:12:22.849","标准帧","数据帧","CAN","0x0","接收成功","8","11 B4 F8 84 38 10 21 1F"
"2533","11:12:22.849","标准帧","数据帧","CAN","0x201","发送成功","4","00 00 80 3F"
"2534","11:12:22.849","标准帧","数据帧","CAN","0x0","接收成功","8","11 B4 FC 84 28 10 21 1F"
"2535","11:12:22.849","标准帧","数据帧","CAN","0x201","发送成功","4","00 00 80 3F"
"2536","11:12:22.849","标准帧","数据帧","CAN","0x0","接收成功","8","11 B5 00 84 38 12 21 1F"
"2537","11:12:22.849","标准帧","数据帧","CAN","0x201","发送成功","4","00 00 80 3F"
"2538","11:12:22.849","标准帧","数据帧","CAN","0x0","接收成功","8","11 B5 04 84 28 11 21 1F"
"2539","11:12:22.849","标准帧","数据帧","CAN","0x201","发送成功","4","00 00 80 3F"
"2540","11:12:22.849","标准帧","数据帧","CAN","0x0","接收成功","8","11 B5 07 84 48 12 21 1F"
"2541","11:12:22.849","标准帧","数据帧","CAN","0x201","发送成功","4","00 00 80 3F"
"2542","11:12:22.849","标准帧","数据帧","CAN","0x0","接收成功","8","11 B5 0B 84 38 12 21 1F"
"2543","11:12:22.849","标准帧","数据帧","CAN","0x201","发送成功","4","00 00 80 3F"
"2544","11:12:22.849","标准帧","数据帧","CAN","0x0","接收成功","8","11 B5 0C 84 38 12 21 1F"
"2545","11:12:22.849","标准帧","数据帧","CAN","0x201","发送成功","4","00 00 80 3F"
"2546","11:12:22.849","标准帧","数据帧","CAN","0x0","接收成功","8","11 B5 0F 84 28 12 21 1F"
"2547","11:12:22.849","标准帧","数据帧","CAN","0x201","发送成功","4","00 00 80 3F"
"2548","11:12:22.849","标准帧","数据帧","CAN","0x0","接收成功","8","11 B5 12 84 38 12 21 1F"
"2549","11:12:22.860","标准帧","数据帧","CAN","0x201","发送成功","4","00 00 80 3F"
"2550","11:12:22.860","标准帧","数据帧","CAN","0x0","接收成功","8","11 B5 13 84 38 12 21 1F"
"2551","11:12:22.860","标准帧","数据帧","CAN","0x201","发送成功","4","00 00 80 3F"
"2552","11:12:22.860","标准帧","数据帧","CAN","0x0","接收成功","8","11 B5 18 84 58 12 21 1F"
"2553","11:12:22.860","标准帧","数据帧","CAN","0x201","发送成功","4","00 00 80 3F"
"2554","11:12:22.860","标准帧","数据帧","CAN","0x0","接收成功","8","11 B5 1D 84 48 11 21 1F"
"2555","11:12:22.860","标准帧","数据帧","CAN","0x201","发送成功","4","00 00 80 3F"
"2556","11:12:22.860","标准帧","数据帧","CAN","0x0","接收成功","8","11 B5 1F 84 48 11 21 1F"
"2557","11:12:22.860","标准帧","数据帧","CAN","0x201","发送成功","4","00 00 80 3F"
"2558","11:12:22.860","标准帧","数据帧","CAN","0x0","接收成功","8","11 B5 24 84 58 10 21 1F"
"2559","11:12:22.860","标准帧","数据帧","CAN","0x201","发送成功","4","00 00 80 3F"
"2560","11:12:22.860","标准帧","数据帧","CAN","0x0","接收成功","8","11 B5 28 84 48 0F 21 1F"
"2561","11:12:22.860","标准帧","数据帧","CAN","0x201","发送成功","4","00 00 80 3F"
"2562","11:12:22.860","标准帧","数据帧","CAN","0x0","接收成功","8","11 B5 2B 84 48 0F 21 1F"
"2563","11:12:22.860","标准帧","数据帧","CAN","0x201","发送成功","4","00 00 80 3F"
"2564","11:12:22.860","标准帧","数据帧","CAN","0x0","接收成功","8","11 B5 2E 84 38 10 21 1F"
"2565","11:12:22.871","标准帧","数据帧","CAN","0x201","发送成功","4","00 00 80 3F"
"2566","11:12:22.871","标准帧","数据帧","CAN","0x0","接收成功","8","11 B5 2F 84 48 10 21 1F"
"2567","11:12:22.871","标准帧","数据帧","CAN","0x201","发送成功","4","00 00 80 3F"
"2568","11:12:22.871","标准帧","数据帧","CAN","0x0","接收成功","8","11 B5 32 84 48 0F 21 1F"
"2569","11:12:22.871","标准帧","数据帧","CAN","0x201","发送成功","4","00 00 80 3F"
"2570","11:12:22.871","标准帧","数据帧","CAN","0x0","接收成功","8","11 B5 33 84 48 0F 21 1F"
"2571","11:12:22.871","标准帧","数据帧","CAN","0x201","发送成功","4","00 00 80 3F"
"2572","11:12:22.871","标准帧","数据帧","CAN","0x0","接收成功","8","11 B5 3A 84 38 0F 21 1F"
"2573","11:12:22.871","标准帧","数据帧","CAN","0x201","发送成功","4","00 00 80 3F"
"2574","11:12:22.871","标准帧","数据帧","CAN","0x0","接收成功","8","11 B5 3D 84 48 10 21 1F"
"2575","11:12:22.871","标准帧","数据帧","CAN","0x201","发送成功","4","00 00 80 3F"
"2576","11:12:22.871","标准帧","数据帧","CAN","0x0","接收成功","8","11 B5 3E 84 48 10 21 1F"
"2577","11:12:22.871","标准帧","数据帧","CAN","0x201","发送成功","4","00 00 80 3F"
"2578","11:12:22.871","标准帧","数据帧","CAN","0x0","接收成功","8","11 B5 41 84 48 10 21 1F"
"2579","11:12:22.871","标准帧","数据帧","CAN","0x201","发送成功","4","00 00 80 3F"
"2580","11:12:22.871","标准帧","数据帧","CAN","0x0","接收成功","8","11 B5 44 84 38 10 21 1F"
"2581","11:12:22.871","标准帧","数据帧","CAN","0x201","发送成功","4","00 00 80 3F"
"2582","11:12:22.871","标准帧","数据帧","CAN","0x0","接收成功","8","11 B5 48 84 28 10 21 1F"
"2583","11:12:22.882","标准帧","数据帧","CAN","0x201","发送成功","4","00 00 80 3F"
"2584","11:12:22.882","标准帧","数据帧","CAN","0x0","接收成功","8","11 B5 4E 84 38 11 21 1F"
"2585","11:12:22.882","标准帧","数据帧","CAN","0x201","发送成功","4","00 00 80 3F"
"2586","11:12:22.882","标准帧","数据帧","CAN","0x0","接收成功","8","11 B5 54 84 28 13 21 1F"
"2587","11:12:22.882","标准帧","数据帧","CAN","0x201","发送成功","4","00 00 80 3F"
"2588","11:12:22.882","标准帧","数据帧","CAN","0x0","接收成功","8","11 B5 55 84 28 13 21 1F"
"2589","11:12:22.882","标准帧","数据帧","CAN","0x201","发送成功","4","00 00 80 3F"
"2590","11:12:22.882","标准帧","数据帧","CAN","0x0","接收成功","8","11 B5 58 84 28 13 21 1F"
"2591","11:12:22.882","标准帧","数据帧","CAN","0x201","发送成功","4","00 00 80 3F"
"2592","11:12:22.882","标准帧","数据帧","CAN","0x0","接收成功","8","11 B5 5C 84 28 13 21 1F"
"2593","11:12:22.882","标准帧","数据帧","CAN","0x201","发送成功","4","00 00 80 3F"
"2594","11:12:22.882","标准帧","数据帧","CAN","0x0","接收成功","8","11 B5 61 84 28 13 21 1F"
"2595","11:12:22.882","标准帧","数据帧","CAN","0x201","发送成功","4","00 00 80 3F"
"2596","11:12:22.882","标准帧","数据帧","CAN","0x0","接收成功","8","11 B5 65 84 28 14 21 1F"
"2597","11:12:22.893","标准帧","数据帧","CAN","0x201","发送成功","4","00 00 80 3F"
"2598","11:12:22.893","标准帧","数据帧","CAN","0x0","接收成功","8","11 B5 69 84 38 14 21 1F"
"2599","11:12:22.893","标准帧","数据帧","CAN","0x201","发送成功","4","00 00 80 3F"
"2600","11:12:22.893","标准帧","数据帧","CAN","0x0","接收成功","8","11 B5 6D 84 38 13 21 1F"
"2601","11:12:22.893","标准帧","数据帧","CAN","0x201","发送成功","4","00 00 80 3F"
"2602","11:12:22.893","标准帧","数据帧","CAN","0x0","接收成功","8","11 B5 71 84 58 12 21 1F"
"2603","11:12:22.893","标准帧","数据帧","CAN","0x201","发送成功","4","00 00 80 3F"
"2604","11:12:22.893","标准帧","数据帧","CAN","0x0","接收成功","8","11 B5 76 84 48 11 21 1F"
"2605","11:12:22.904","标准帧","数据帧","CAN","0x201","发送成功","4","00 00 80 3F"
"2606","11:12:22.904","标准帧","数据帧","CAN","0x0","接收成功","8","11 B5 81 84 58 10 21 1F"
"2607","11:12:22.904","标准帧","数据帧","CAN","0x201","发送成功","4","00 00 80 3F"
"2608","11:12:22.904","标准帧","数据帧","CAN","0x0","接收成功","8","11 B5 8C 84 48 0F 21 1F"
"2609","11:12:22.904","标准帧","数据帧","CAN","0x201","发送成功","4","00 00 80 3F"
"2610","11:12:22.904","标准帧","数据帧","CAN","0x0","接收成功","8","11 B5 8D 84 48 0F 21 1F"
"2611","11:12:22.914","标准帧","数据帧","CAN","0x201","发送成功","4","00 00 80 3F"
"2612","11:12:22.914","标准帧","数据帧","CAN","0x0","接收成功","8","11 B5 93 84 38 10 21 1F"
"2613","11:12:22.914","标准帧","数据帧","CAN","0x201","发送成功","4","00 00 80 3F"
"2614","11:12:22.914","标准帧","数据帧","CAN","0x0","接收成功","8","11 B5 B5 84 58 10 21 1F"
"2615","11:12:22.925","标准帧","数据帧","CAN","0x201","发送成功","4","00 00 80 3F"
"2616","11:12:22.925","标准帧","数据帧","CAN","0x0","接收成功","8","11 B5 BC 84 58 0F 21 1F"
"2617","11:12:22.925","标准帧","数据帧","CAN","0x201","发送成功","4","00 00 80 3F"
"2618","11:12:22.925","标准帧","数据帧","CAN","0x0","接收成功","8","11 B5 C0 84 58 0F 21 1F"
"2619","11:12:22.925","标准帧","数据帧","CAN","0x201","发送成功","4","00 00 80 3F"
"2620","11:12:22.925","标准帧","数据帧","CAN","0x0","接收成功","8","11 B5 C0 84 58 0F 21 1F"
"2621","11:12:22.925","标准帧","数据帧","CAN","0x201","发送成功","4","00 00 80 3F"
"2622","11:12:22.925","标准帧","数据帧","CAN","0x0","接收成功","8","11 B5 C5 84 48 0E 21 1F"
"2623","11:12:22.925","标准帧","数据帧","CAN","0x201","发送成功","4","00 00 80 3F"
"2624","11:12:22.925","标准帧","数据帧","CAN","0x0","接收成功","8","11 B5 C9 84 38 0F 21 1F"
"2625","11:12:22.925","标准帧","数据帧","CAN","0x201","发送成功","4","00 00 80 3F"
"2626","11:12:22.925","标准帧","数据帧","CAN","0x0","接收成功","8","11 B5 CA 84 38 0F 21 1F"
"2627","11:12:22.925","标准帧","数据帧","CAN","0x201","发送成功","4","00 00 80 3F"
"2628","11:12:22.925","标准帧","数据帧","CAN","0x0","接收成功","8","11 B5 D0 84 48 10 21 1F"
"2629","11:12:22.925","标准帧","数据帧","CAN","0x201","发送成功","4","00 00 80 3F"
"2630","11:12:22.925","标准帧","数据帧","CAN","0x0","接收成功","8","11 B5 D3 84 28 10 21 1F"
"2631","11:12:22.925","标准帧","数据帧","CAN","0x201","发送成功","4","00 00 80 3F"
"2632","11:12:22.925","标准帧","数据帧","CAN","0x0","接收成功","8","11 B5 D4 84 28 10 21 1F"
"2633","11:12:22.925","标准帧","数据帧","CAN","0x201","发送成功","4","00 00 80 3F"
"2634","11:12:22.925","标准帧","数据帧","CAN","0x0","接收成功","8","11 B5 D7 84 18 12 21 1F"
"2635","11:12:22.925","标准帧","数据帧","CAN","0x201","发送成功","4","00 00 80 3F"
"2636","11:12:22.925","标准帧","数据帧","CAN","0x0","接收成功","8","11 B5 DC 84 18 14 21 1F"
"2637","11:12:22.925","标准帧","数据帧","CAN","0x201","发送成功","4","00 00 80 3F"
"2638","11:12:22.925","标准帧","数据帧","CAN","0x0","接收成功","8","11 B5 E1 83 F8 15 21 1F"
"2639","11:12:22.925","标准帧","数据帧","CAN","0x201","发送成功","4","00 00 80 3F"
"2640","11:12:22.925","标准帧","数据帧","CAN","0x0","接收成功","8","11 B5 E7 84 18 15 21 1F"
"2641","11:12:22.925","标准帧","数据帧","CAN","0x201","发送成功","4","00 00 80 3F"
"2642","11:12:22.925","标准帧","数据帧","CAN","0x0","接收成功","8","11 B5 EC 84 38 14 21 1F"
"2643","11:12:22.936","标准帧","数据帧","CAN","0x201","发送成功","4","00 00 80 3F"
"2644","11:12:22.936","标准帧","数据帧","CAN","0x0","接收成功","8","11 B5 F0 84 48 13 21 1F"
"2645","11:12:22.936","标准帧","数据帧","CAN","0x201","发送成功","4","00 00 80 3F"
"2646","11:12:22.936","标准帧","数据帧","CAN","0x0","接收成功","8","11 B5 F0 84 48 13 21 1F"
"2647","11:12:22.936","标准帧","数据帧","CAN","0x201","发送成功","4","00 00 80 3F"
"2648","11:12:22.936","标准帧","数据帧","CAN","0x0","接收成功","8","11 B5 F6 84 68 12 21 1F"
"2649","11:12:22.936","标准帧","数据帧","CAN","0x201","发送成功","4","00 00 80 3F"
"2650","11:12:22.936","标准帧","数据帧","CAN","0x0","接收成功","8","11 B6 04 84 68 0D 21 1F"
"2651","11:12:22.936","标准帧","数据帧","CAN","0x201","发送成功","4","00 00 80 3F"
"2652","11:12:22.936","标准帧","数据帧","CAN","0x0","接收成功","8","11 B6 07 84 58 0D 21 1F"
"2653","11:12:22.936","标准帧","数据帧","CAN","0x201","发送成功","4","00 00 80 3F"
"2654","11:12:22.936","标准帧","数据帧","CAN","0x0","接收成功","8","11 B6 0B 84 48 0D 21 1F"
"2655","11:12:22.947","标准帧","数据帧","CAN","0x201","发送成功","4","00 00 80 3F"
"2656","11:12:22.947","标准帧","数据帧","CAN","0x0","接收成功","8","11 B6 10 84 28 0F 21 1F"
"2657","11:12:22.947","标准帧","数据帧","CAN","0x201","发送成功","4","00 00 80 3F"
"2658","11:12:22.947","标准帧","数据帧","CAN","0x0","接收成功","8","11 B6 15 84 18 10 21 1F"
"2659","11:12:22.947","标准帧","数据帧","CAN","0x201","发送成功","4","00 00 80 3F"
"2660","11:12:22.947","标准帧","数据帧","CAN","0x0","接收成功","8","11 B6 1A 84 18 11 21 1F"
"2661","11:12:22.947","标准帧","数据帧","CAN","0x201","发送成功","4","00 00 80 3F"
"2662","11:12:22.947","标准帧","数据帧","CAN","0x0","接收成功","8","11 B6 1C 84 18 11 21 1F"
"2663","11:12:22.947","标准帧","数据帧","CAN","0x201","发送成功","4","00 00 80 3F"
"2664","11:12:22.947","标准帧","数据帧","CAN","0x0","接收成功","8","11 B6 20 84 08 13 21 1F"
"2665","11:12:22.947","标准帧","数据帧","CAN","0x201","发送成功","4","00 00 80 3F"
"2666","11:12:22.947","标准帧","数据帧","CAN","0x0","接收成功","8","11 B6 24 84 18 14 21 1F"
"2667","11:12:22.947","标准帧","数据帧","CAN","0x201","发送成功","4","00 00 80 3F"
"2668","11:12:22.947","标准帧","数据帧","CAN","0x0","接收成功","8","11 B6 25 84 08 13 21 1F"
"2669","11:12:22.947","标准帧","数据帧","CAN","0x201","发送成功","4","00 00 80 3F"
"2670","11:12:22.968","标准帧","数据帧","CAN","0x0","接收成功","8","11 B6 29 84 18 14 21 1F"
"2671","11:12:22.968","标准帧","数据帧","CAN","0x201","发送成功","4","00 00 80 3F"
"2672","11:12:22.968","标准帧","数据帧","CAN","0x0","接收成功","8","11 B6 2A 84 28 14 21 1F"
"2673","11:12:22.968","标准帧","数据帧","CAN","0x201","发送成功","4","00 00 80 3F"
"2674","11:12:22.968","标准帧","数据帧","CAN","0x0","接收成功","8","11 B6 2E 84 28 13 21 1F"
"2675","11:12:22.968","标准帧","数据帧","CAN","0x201","发送成功","4","00 00 80 3F"
"2676","11:12:22.968","标准帧","数据帧","CAN","0x0","接收成功","8","11 B6 36 84 58 11 21 1F"
"2677","11:12:22.968","标准帧","数据帧","CAN","0x201","发送成功","4","00 00 80 3F"
"2678","11:12:22.968","标准帧","数据帧","CAN","0x0","接收成功","8","11 B6 40 84 58 0E 21 1F"
"2679","11:12:22.968","标准帧","数据帧","CAN","0x201","发送成功","4","00 00 80 3F"
"2680","11:12:22.968","标准帧","数据帧","CAN","0x0","接收成功","8","11 B6 46 84 68 0E 21 1F"
"2681","11:12:22.979","标准帧","数据帧","CAN","0x201","发送成功","4","00 00 80 3F"
"2682","11:12:22.979","标准帧","数据帧","CAN","0x0","接收成功","8","11 B6 49 84 58 0E 21 1F"
"2683","11:12:22.979","标准帧","数据帧","CAN","0x201","发送成功","4","00 00 80 3F"
"2684","11:12:22.979","标准帧","数据帧","CAN","0x0","接收成功","8","11 B6 4C 84 38 0E 21 1F"
"2685","11:12:22.979","标准帧","数据帧","CAN","0x201","发送成功","4","00 00 80 3F"
"2686","11:12:22.979","标准帧","数据帧","CAN","0x0","接收成功","8","11 B6 4D 84 28 0F 21 1F"
"2687","11:12:22.979","标准帧","数据帧","CAN","0x201","发送成功","4","00 00 80 3F"
"2688","11:12:22.979","标准帧","数据帧","CAN","0x0","接收成功","8","11 B6 51 84 28 11 21 1F"
"2689","11:12:22.979","标准帧","数据帧","CAN","0x201","发送成功","4","00 00 80 3F"
"2690","11:12:22.979","标准帧","数据帧","CAN","0x0","接收成功","8","11 B6 56 84 08 11 21 1F"
"2691","11:12:22.979","标准帧","数据帧","CAN","0x201","发送成功","4","00 00 80 3F"
"2692","11:12:22.979","标准帧","数据帧","CAN","0x0","接收成功","8","11 B6 58 84 38 12 21 1F"
"2693","11:12:22.979","标准帧","数据帧","CAN","0x201","发送成功","4","00 00 80 3F"
"2694","11:12:22.979","标准帧","数据帧","CAN","0x0","接收成功","8","11 B6 5B 84 28 12 21 1F"
"2695","11:12:22.979","标准帧","数据帧","CAN","0x201","发送成功","4","00 00 80 3F"
"2696","11:12:22.979","标准帧","数据帧","CAN","0x0","接收成功","8","11 B6 60 84 18 12 21 1F"
"2697","11:12:22.990","标准帧","数据帧","CAN","0x201","发送成功","4","00 00 80 3F"
"2698","11:12:22.990","标准帧","数据帧","CAN","0x0","接收成功","8","11 B6 63 84 18 13 21 1F"
"2699","11:12:22.990","标准帧","数据帧","CAN","0x201","发送成功","4","00 00 80 3F"
"2700","11:12:22.990","标准帧","数据帧","CAN","0x0","接收成功","8","11 B6 63 84 18 13 21 1F"
"2701","11:12:22.990","标准帧","数据帧","CAN","0x201","发送成功","4","00 00 80 3F"
"2702","11:12:22.990","标准帧","数据帧","CAN","0x0","接收成功","8","11 B6 6B 84 28 14 21 1F"
"2703","11:12:22.990","标准帧","数据帧","CAN","0x201","发送成功","4","00 00 80 3F"
"2704","11:12:22.990","标准帧","数据帧","CAN","0x0","接收成功","8","11 B6 72 84 48 12 21 1F"
"2705","11:12:22.990","标准帧","数据帧","CAN","0x201","发送成功","4","00 00 80 3F"
"2706","11:12:22.990","标准帧","数据帧","CAN","0x0","接收成功","8","11 B6 76 84 48 11 21 1F"
"2707","11:12:22.990","标准帧","数据帧","CAN","0x201","发送成功","4","00 00 80 3F"
"2708","11:12:22.990","标准帧","数据帧","CAN","0x0","接收成功","8","11 B6 77 84 58 11 21 1F"
"2709","11:12:22.990","标准帧","数据帧","CAN","0x201","发送成功","4","00 00 80 3F"
"2710","11:12:22.990","标准帧","数据帧","CAN","0x0","接收成功","8","11 B6 7B 84 58 10 21 1F"
"2711","11:12:22.990","标准帧","数据帧","CAN","0x201","发送成功","4","00 00 80 3F"
"2712","11:12:22.990","标准帧","数据帧","CAN","0x0","接收成功","8","11 B6 7C 84 58 10 21 1F"
"2713","11:12:23.001","标准帧","数据帧","CAN","0x201","发送成功","4","00 00 80 3F"
"2714","11:12:23.001","标准帧","数据帧","CAN","0x0","接收成功","8","11 B6 82 84 68 0E 21 1F"
"2715","11:12:23.001","标准帧","数据帧","CAN","0x201","发送成功","4","00 00 80 3F"
"2716","11:12:23.001","标准帧","数据帧","CAN","0x0","接收成功","8","11 B6 8D 84 58 0D 21 1F"
"2717","11:12:23.001","标准帧","数据帧","CAN","0x201","发送成功","4","00 00 80 3F"
"2718","11:12:23.001","标准帧","数据帧","CAN","0x0","接收成功","8","11 B6 99 84 28 10 21 1F"
"2719","11:12:23.011","标准帧","数据帧","CAN","0x201","发送成功","4","00 00 80 3F"
"2720","11:12:23.011","标准帧","数据帧","CAN","0x0","接收成功","8","11 B6 9D 84 18 10 21 1F"
"2721","11:12:23.011","标准帧","数据帧","CAN","0x201","发送成功","4","00 00 80 3F"
"2722","11:12:23.011","标准帧","数据帧","CAN","0x0","接收成功","8","11 B6 A1 84 38 12 21 1F"
"2723","11:12:23.022","标准帧","数据帧","CAN","0x201","发送成功","4","00 00 80 3F"
"2724","11:12:23.022","标准帧","数据帧","CAN","0x0","接收成功","8","11 B6 A3 84 38 12 21 1F"
"2725","11:12:23.022","标准帧","数据帧","CAN","0x201","发送成功","4","00 00 80 3F"
"2726","11:12:23.022","标准帧","数据帧","CAN","0x0","接收成功","8","11 B6 CB 84 58 11 21 1F"
"2727","11:12:23.022","标准帧","数据帧","CAN","0x201","发送成功","4","00 00 80 3F"
"2728","11:12:23.022","标准帧","数据帧","CAN","0x0","接收成功","8","11 B6 D0 84 48 0F 21 1F"
"2729","11:12:23.022","标准帧","数据帧","CAN","0x201","发送成功","4","00 00 80 3F"
"2730","11:12:23.022","标准帧","数据帧","CAN","0x0","接收成功","8","11 B6 D1 84 58 10 21 1F"
"2731","11:12:23.022","标准帧","数据帧","CAN","0x201","发送成功","4","00 00 80 3F"
"2732","11:12:23.022","标准帧","数据帧","CAN","0x0","接收成功","8","11 B6 D7 84 38 11 21 1F"
"2733","11:12:23.022","标准帧","数据帧","CAN","0x201","发送成功","4","00 00 80 3F"
"2734","11:12:23.022","标准帧","数据帧","CAN","0x0","接收成功","8","11 B6 DC 84 28 11 21 1F"
"2735","11:12:23.022","标准帧","数据帧","CAN","0x201","发送成功","4","00 00 80 3F"
"2736","11:12:23.022","标准帧","数据帧","CAN","0x0","接收成功","8","11 B6 E1 84 38 12 21 1F"
"2737","11:12:23.022","标准帧","数据帧","CAN","0x201","发送成功","4","00 00 80 3F"
"2738","11:12:23.022","标准帧","数据帧","CAN","0x0","接收成功","8","11 B6 E6 84 38 10 21 1F"
"2739","11:12:23.022","标准帧","数据帧","CAN","0x201","发送成功","4","00 00 80 3F"
"2740","11:12:23.022","标准帧","数据帧","CAN","0x0","接收成功","8","11 B6 E9 84 28 11 21 1F"
"2741","11:12:23.022","标准帧","数据帧","CAN","0x201","发送成功","4","00 00 80 3F"
"2742","11:12:23.022","标准帧","数据帧","CAN","0x0","接收成功","8","11 B6 EA 84 28 12 21 1F"
"2743","11:12:23.043","标准帧","数据帧","CAN","0x201","发送成功","4","00 00 80 3F"
"2744","11:12:23.043","标准帧","数据帧","CAN","0x0","接收成功","8","11 B6 F2 84 28 12 21 1F"
"2745","11:12:23.043","标准帧","数据帧","CAN","0x201","发送成功","4","00 00 80 3F"
"2746","11:12:23.043","标准帧","数据帧","CAN","0x0","接收成功","8","11 B6 F6 84 28 12 21 1F"
"2747","11:12:23.043","标准帧","数据帧","CAN","0x201","发送成功","4","00 00 80 3F"
"2748","11:12:23.043","标准帧","数据帧","CAN","0x0","接收成功","8","11 B6 FC 84 38 11 21 1F"
"2749","11:12:23.043","标准帧","数据帧","CAN","0x201","发送成功","4","00 00 80 3F"
"2750","11:12:23.043","标准帧","数据帧","CAN","0x0","接收成功","8","11 B6 FE 84 38 11 21 1F"
"2751","11:12:23.043","标准帧","数据帧","CAN","0x201","发送成功","4","00 00 80 3F"
"2752","11:12:23.043","标准帧","数据帧","CAN","0x0","接收成功","8","11 B7 02 84 28 11 21 1F"
"2753","11:12:23.043","标准帧","数据帧","CAN","0x201","发送成功","4","00 00 80 3F"
"2754","11:12:23.043","标准帧","数据帧","CAN","0x0","接收成功","8","11 B7 06 84 38 11 21 1F"
"2755","11:12:23.043","标准帧","数据帧","CAN","0x201","发送成功","4","00 00 80 3F"
"2756","11:12:23.043","标准帧","数据帧","CAN","0x0","接收成功","8","11 B7 0B 84 48 10 21 1F"
"2757","11:12:23.054","标准帧","数据帧","CAN","0x201","发送成功","4","00 00 80 3F"
"2758","11:12:23.054","标准帧","数据帧","CAN","0x0","接收成功","8","11 B7 0F 84 58 10 21 1F"
"2759","11:12:23.054","标准帧","数据帧","CAN","0x201","发送成功","4","00 00 80 3F"
"2760","11:12:23.054","标准帧","数据帧","CAN","0x0","接收成功","8","11 B7 13 84 58 0F 21 1F"
"2761","11:12:23.054","标准帧","数据帧","CAN","0x201","发送成功","4","00 00 80 3F"
"2762","11:12:23.054","标准帧","数据帧","CAN","0x0","接收成功","8","11 B7 1A 84 58 0F 21 1F"
"2763","11:12:23.054","标准帧","数据帧","CAN","0x201","发送成功","4","00 00 80 3F"
"2764","11:12:23.054","标准帧","数据帧","CAN","0x0","接收成功","8","11 B7 1D 84 38 0F 21 1F"
"2765","11:12:23.054","标准帧","数据帧","CAN","0x201","发送成功","4","00 00 80 3F"
"2766","11:12:23.054","标准帧","数据帧","CAN","0x0","接收成功","8","11 B7 1E 84 38 0F 21 1F"
"2767","11:12:23.054","标准帧","数据帧","CAN","0x201","发送成功","4","00 00 80 3F"
"2768","11:12:23.054","标准帧","数据帧","CAN","0x0","接收成功","8","11 B7 22 84 38 10 21 1F"
"2769","11:12:23.054","标准帧","数据帧","CAN","0x201","发送成功","4","00 00 80 3F"
"2770","11:12:23.054","标准帧","数据帧","CAN","0x0","接收成功","8","11 B7 27 84 48 11 21 1F"
"2771","11:12:23.054","标准帧","数据帧","CAN","0x201","发送成功","4","00 00 80 3F"
"2772","11:12:23.054","标准帧","数据帧","CAN","0x0","接收成功","8","11 B7 2A 84 48 11 21 1F"
"2773","11:12:23.054","标准帧","数据帧","CAN","0x201","发送成功","4","00 00 80 3F"
"2774","11:12:23.054","标准帧","数据帧","CAN","0x0","接收成功","8","11 B7 2F 84 28 11 21 1F"
"2775","11:12:23.054","标准帧","数据帧","CAN","0x201","发送成功","4","00 00 80 3F"
"2776","11:12:23.054","标准帧","数据帧","CAN","0x0","接收成功","8","11 B7 34 84 28 13 21 1F"
"2777","11:12:23.054","标准帧","数据帧","CAN","0x201","发送成功","4","00 00 80 3F"
"2778","11:12:23.054","标准帧","数据帧","CAN","0x0","接收成功","8","11 B7 38 84 18 14 21 1F"
"2779","11:12:23.054","标准帧","数据帧","CAN","0x201","发送成功","4","00 00 80 3F"
"2780","11:12:23.054","标准帧","数据帧","CAN","0x0","接收成功","8","11 B7 3D 84 18 15 21 1F"
"2781","11:12:23.065","标准帧","数据帧","CAN","0x201","发送成功","4","00 00 80 3F"
"2782","11:12:23.065","标准帧","数据帧","CAN","0x0","接收成功","8","11 B7 42 84 18 15 21 1F"
"2783","11:12:23.065","标准帧","数据帧","CAN","0x201","发送成功","4","00 00 80 3F"
"2784","11:12:23.065","标准帧","数据帧","CAN","0x0","接收成功","8","11 B7 47 84 38 14 21 1F"
"2785","11:12:23.065","标准帧","数据帧","CAN","0x201","发送成功","4","00 00 80 3F"
"2786","11:12:23.065","标准帧","数据帧","CAN","0x0","接收成功","8","11 B7 48 84 38 14 21 1F"
"2787","11:12:23.065","标准帧","数据帧","CAN","0x201","发送成功","4","00 00 80 3F"
"2788","11:12:23.065","标准帧","数据帧","CAN","0x0","接收成功","8","11 B7 4D 84 38 13 21 1F"
"2789","11:12:23.065","标准帧","数据帧","CAN","0x201","发送成功","4","00 00 80 3F"
"2790","11:12:23.065","标准帧","数据帧","CAN","0x0","接收成功","8","11 B7 52 84 68 11 21 1F"
"2791","11:12:23.065","标准帧","数据帧","CAN","0x201","发送成功","4","00 00 80 3F"
"2792","11:12:23.065","标准帧","数据帧","CAN","0x0","接收成功","8","11 B7 56 84 68 0F 21 1F"
"2793","11:12:23.065","标准帧","数据帧","CAN","0x201","发送成功","4","00 00 80 3F"
"2794","11:12:23.065","标准帧","数据帧","CAN","0x0","接收成功","8","11 B7 5B 84 78 0F 21 1F"
"2795","11:12:23.065","标准帧","数据帧","CAN","0x201","发送成功","4","00 00 80 3F"
"2796","11:12:23.065","标准帧","数据帧","CAN","0x0","接收成功","8","11 B7 61 84 68 0D 21 1F"
"2797","11:12:23.065","标准帧","数据帧","CAN","0x201","发送成功","4","00 00 80 3F"
"2798","11:12:23.065","标准帧","数据帧","CAN","0x0","接收成功","8","11 B7 61 84 68 0D 21 1F"
"2799","11:12:23.076","标准帧","数据帧","CAN","0x201","发送成功","4","00 00 80 3F"
"2800","11:12:23.076","标准帧","数据帧","CAN","0x0","接收成功","8","11 B7 65 84 58 0D 21 1F"
"2801","11:12:23.076","标准帧","数据帧","CAN","0x201","发送成功","4","00 00 80 3F"
"2802","11:12:23.076","标准帧","数据帧","CAN","0x0","接收成功","8","11 B7 6A 84 38 0E 21 1F"
"2803","11:12:23.076","标准帧","数据帧","CAN","0x201","发送成功","4","00 00 80 3F"
"2804","11:12:23.076","标准帧","数据帧","CAN","0x0","接收成功","8","11 B7 6C 84 38 0E 21 1F"
"2805","11:12:23.076","标准帧","数据帧","CAN","0x201","发送成功","4","00 00 80 3F"
"2806","11:12:23.076","标准帧","数据帧","CAN","0x0","接收成功","8","11 B7 73 84 18 11 21 1F"
"2807","11:12:23.076","标准帧","数据帧","CAN","0x201","发送成功","4","00 00 80 3F"
"2808","11:12:23.076","标准帧","数据帧","CAN","0x0","接收成功","8","11 B7 77 83 F8 13 21 1F"
"2809","11:12:23.087","标准帧","数据帧","CAN","0x201","发送成功","4","00 00 80 3F"
"2810","11:12:23.087","标准帧","数据帧","CAN","0x0","接收成功","8","11 B7 7C 84 18 14 21 1F"
"2811","11:12:23.087","标准帧","数据帧","CAN","0x201","发送成功","4","00 00 80 3F"
"2812","11:12:23.087","标准帧","数据帧","CAN","0x0","接收成功","8","11 B7 7F 84 08 13 21 1F"
"2813","11:12:23.087","标准帧","数据帧","CAN","0x201","发送成功","4","00 00 80 3F"
"2814","11:12:23.087","标准帧","数据帧","CAN","0x0","接收成功","8","11 B7 7F 84 08 13 21 1F"
"2815","11:12:23.087","标准帧","数据帧","CAN","0x201","发送成功","4","00 00 80 3F"
"2816","11:12:23.087","标准帧","数据帧","CAN","0x0","接收成功","8","11 B7 86 84 18 14 21 1F"
"2817","11:12:23.087","标准帧","数据帧","CAN","0x201","发送成功","4","00 00 80 3F"
"2818","11:12:23.087","标准帧","数据帧","CAN","0x0","接收成功","8","11 B7 8B 84 48 12 21 1F"
"2819","11:12:23.108","标准帧","数据帧","CAN","0x201","发送成功","4","00 00 80 3F"
"2820","11:12:23.108","标准帧","数据帧","CAN","0x0","接收成功","8","11 B7 91 84 58 11 21 1F"
"2821","11:12:23.108","标准帧","数据帧","CAN","0x201","发送成功","4","00 00 80 3F"
"2822","11:12:23.108","标准帧","数据帧","CAN","0x0","接收成功","8","11 B7 9D 84 68 0E 21 1F"
"2823","11:12:23.108","标准帧","数据帧","CAN","0x201","发送成功","4","00 00 80 3F"
"2824","11:12:23.108","标准帧","数据帧","CAN","0x0","接收成功","8","11 B7 A1 84 58 0E 21 1F"
"2825","11:12:23.108","标准帧","数据帧","CAN","0x201","发送成功","4","00 00 80 3F"
"2826","11:12:23.108","标准帧","数据帧","CAN","0x0","接收成功","8","11 B7 A6 84 58 0E 21 1F"
"2827","11:12:23.119","标准帧","数据帧","CAN","0x201","发送成功","4","00 00 80 3F"
"2828","11:12:23.119","标准帧","数据帧","CAN","0x0","接收成功","8","11 B7 A8 84 48 0E 21 1F"
"2829","11:12:23.119","标准帧","数据帧","CAN","0x201","发送成功","4","00 00 80 3F"
"2830","11:12:23.119","标准帧","数据帧","CAN","0x0","接收成功","8","11 B7 D1 84 48 11 21 1F"
"2831","11:12:23.119","标准帧","数据帧","CAN","0x201","发送成功","4","00 00 80 3F"
"2832","11:12:23.119","标准帧","数据帧","CAN","0x0","接收成功","8","11 B7 D9 84 68 0E 21 1F"
"2833","11:12:23.119","标准帧","数据帧","CAN","0x201","发送成功","4","00 00 80 3F"
"2834","11:12:23.119","标准帧","数据帧","CAN","0x0","接收成功","8","11 B7 DB 84 68 0E 21 1F"
"2835","11:12:23.119","标准帧","数据帧","CAN","0x201","发送成功","4","00 00 80 3F"
"2836","11:12:23.119","标准帧","数据帧","CAN","0x0","接收成功","8","11 B7 E3 84 68 0D 21 1F"
"2837","11:12:23.119","标准帧","数据帧","CAN","0x201","发送成功","4","00 00 80 3F"
"2838","11:12:23.119","标准帧","数据帧","CAN","0x0","接收成功","8","11 B7 E4 84 68 0C 21 1F"
"2839","11:12:23.119","标准帧","数据帧","CAN","0x201","发送成功","4","00 00 80 3F"
"2840","11:12:23.119","标准帧","数据帧","CAN","0x0","接收成功","8","11 B7 EA 84 48 0D 21 1F"
"2841","11:12:23.130","标准帧","数据帧","CAN","0x201","发送成功","4","00 00 80 3F"
"2842","11:12:23.130","标准帧","数据帧","CAN","0x0","接收成功","8","11 B7 EE 84 28 0F 21 1F"
"2843","11:12:23.130","标准帧","数据帧","CAN","0x201","发送成功","4","00 00 80 3F"
"2844","11:12:23.130","标准帧","数据帧","CAN","0x0","接收成功","8","11 B7 EF 84 28 0F 21 1F"
"2845","11:12:23.130","标准帧","数据帧","CAN","0x201","发送成功","4","00 00 80 3F"
"2846","11:12:23.130","标准帧","数据帧","CAN","0x0","接收成功","8","11 B7 F4 84 28 0F 21 1F"
"2847","11:12:23.130","标准帧","数据帧","CAN","0x201","发送成功","4","00 00 80 3F"
"2848","11:12:23.130","标准帧","数据帧","CAN","0x0","接收成功","8","11 B7 F4 84 28 0F 21 1F"
"2849","11:12:23.130","标准帧","数据帧","CAN","0x201","发送成功","4","00 00 80 3F"
"2850","11:12:23.130","标准帧","数据帧","CAN","0x0","接收成功","8","11 B7 F9 84 28 10 21 1F"
"2851","11:12:23.130","标准帧","数据帧","CAN","0x201","发送成功","4","00 00 80 3F"
"2852","11:12:23.130","标准帧","数据帧","CAN","0x0","接收成功","8","11 B7 FE 84 18 12 21 1F"
"2853","11:12:23.130","标准帧","数据帧","CAN","0x201","发送成功","4","00 00 80 3F"
"2854","11:12:23.130","标准帧","数据帧","CAN","0x0","接收成功","8","11 B7 FF 84 18 12 21 1F"
"2855","11:12:23.130","标准帧","数据帧","CAN","0x201","发送成功","4","00 00 80 3F"
"2856","11:12:23.130","标准帧","数据帧","CAN","0x0","接收成功","8","11 B8 04 84 28 13 21 1F"
"2857","11:12:23.141","标准帧","数据帧","CAN","0x201","发送成功","4","00 00 80 3F"
"2858","11:12:23.141","标准帧","数据帧","CAN","0x0","接收成功","8","11 B8 09 84 28 14 21 1F"
"2859","11:12:23.141","标准帧","数据帧","CAN","0x201","发送成功","4","00 00 80 3F"
"2860","11:12:23.141","标准帧","数据帧","CAN","0x0","接收成功","8","11 B8 0F 84 38 13 21 1F"
"2861","11:12:23.141","标准帧","数据帧","CAN","0x201","发送成功","4","00 00 80 3F"
"2862","11:12:23.141","标准帧","数据帧","CAN","0x0","接收成功","8","11 B8 12 84 48 11 21 1F"
"2863","11:12:23.141","标准帧","数据帧","CAN","0x201","发送成功","4","00 00 80 3F"
"2864","11:12:23.141","标准帧","数据帧","CAN","0x0","接收成功","8","11 B8 13 84 48 11 21 1F"
"2865","11:12:23.141","标准帧","数据帧","CAN","0x201","发送成功","4","00 00 80 3F"
"2866","11:12:23.141","标准帧","数据帧","CAN","0x0","接收成功","8","11 B8 19 84 48 11 21 1F"
"2867","11:12:23.141","标准帧","数据帧","CAN","0x201","发送成功","4","00 00 80 3F"
"2868","11:12:23.141","标准帧","数据帧","CAN","0x0","接收成功","8","11 B8 1D 84 58 10 21 1F"
"2869","11:12:23.141","标准帧","数据帧","CAN","0x201","发送成功","4","00 00 80 3F"
"2870","11:12:23.141","标准帧","数据帧","CAN","0x0","接收成功","8","11 B8 24 84 68 10 21 1F"
"2871","11:12:23.152","标准帧","数据帧","CAN","0x201","发送成功","4","00 00 80 3F"
"2872","11:12:23.152","标准帧","数据帧","CAN","0x0","接收成功","8","11 B8 29 84 48 0F 21 1F"
"2873","11:12:23.152","标准帧","数据帧","CAN","0x201","发送成功","4","00 00 80 3F"
"2874","11:12:23.152","标准帧","数据帧","CAN","0x0","接收成功","8","11 B8 2D 84 58 10 21 1F"
"2875","11:12:23.152","标准帧","数据帧","CAN","0x201","发送成功","4","00 00 80 3F"
"2876","11:12:23.152","标准帧","数据帧","CAN","0x0","接收成功","8","11 B8 2E 84 58 10 21 1F"
"2877","11:12:23.152","标准帧","数据帧","CAN","0x201","发送成功","4","00 00 80 3F"
"2878","11:12:23.152","标准帧","数据帧","CAN","0x0","接收成功","8","11 B8 38 84 28 11 21 1F"
"2879","11:12:23.152","标准帧","数据帧","CAN","0x201","发送成功","4","00 00 80 3F"
"2880","11:12:23.152","标准帧","数据帧","CAN","0x0","接收成功","8","11 B8 3C 84 28 11 21 1F"
"2881","11:12:23.162","标准帧","数据帧","CAN","0x201","发送成功","4","00 00 80 3F"
"2882","11:12:23.162","标准帧","数据帧","CAN","0x0","接收成功","8","11 B8 40 84 18 12 21 1F"
"2883","11:12:23.162","标准帧","数据帧","CAN","0x201","发送成功","4","00 00 80 3F"
"2884","11:12:23.162","标准帧","数据帧","CAN","0x0","接收成功","8","11 B8 45 84 38 12 21 1F"
"2885","11:12:23.162","标准帧","数据帧","CAN","0x201","发送成功","4","00 00 80 3F"
"2886","11:12:23.162","标准帧","数据帧","CAN","0x0","接收成功","8","11 B8 4A 84 18 12 21 1F"
"2887","11:12:23.162","标准帧","数据帧","CAN","0x201","发送成功","4","00 00 80 3F"
"2888","11:12:23.162","标准帧","数据帧","CAN","0x0","接收成功","8","11 B8 4B 84 18 12 21 1F"
"2889","11:12:23.162","标准帧","数据帧","CAN","0x201","发送成功","4","00 00 80 3F"
"2890","11:12:23.162","标准帧","数据帧","CAN","0x0","接收成功","8","11 B8 53 84 48 12 21 1F"
"2891","11:12:23.162","标准帧","数据帧","CAN","0x201","发送成功","4","00 00 80 3F"
"2892","11:12:23.162","标准帧","数据帧","CAN","0x0","接收成功","8","11 B8 57 84 58 11 21 1F"
"2893","11:12:23.162","标准帧","数据帧","CAN","0x201","发送成功","4","00 00 80 3F"
"2894","11:12:23.162","标准帧","数据帧","CAN","0x0","接收成功","8","11 B8 58 84 58 11 21 1F"
"2895","11:12:23.173","标准帧","数据帧","CAN","0x201","发送成功","4","00 00 80 3F"
"2896","11:12:23.173","标准帧","数据帧","CAN","0x0","接收成功","8","11 B8 5C 84 48 10 21 1F"
"2897","11:12:23.173","标准帧","数据帧","CAN","0x201","发送成功","4","00 00 80 3F"
"2898","11:12:23.173","标准帧","数据帧","CAN","0x0","接收成功","8","11 B8 62 84 48 0F 21 1F"
"2899","11:12:23.173","标准帧","数据帧","CAN","0x201","发送成功","4","00 00 80 3F"
"2900","11:12:23.173","标准帧","数据帧","CAN","0x0","接收成功","8","11 B8 67 84 38 0F 21 1F"
"2901","11:12:23.173","标准帧","数据帧","CAN","0x201","发送成功","4","00 00 80 3F"
"2902","11:12:23.173","标准帧","数据帧","CAN","0x0","接收成功","8","11 B8 6D 84 48 0F 21 1F"
"2903","11:12:23.173","标准帧","数据帧","CAN","0x201","发送成功","4","00 00 80 3F"
"2904","11:12:23.173","标准帧","数据帧","CAN","0x0","接收成功","8","11 B8 6F 84 58 0F 21 1F"
"2905","11:12:23.195","标准帧","数据帧","CAN","0x201","发送成功","4","00 00 80 3F"
"2906","11:12:23.195","标准帧","数据帧","CAN","0x0","接收成功","8","11 B8 76 84 38 10 21 1F"
"2907","11:12:23.195","标准帧","数据帧","CAN","0x201","发送成功","4","00 00 80 3F"
"2908","11:12:23.195","标准帧","数据帧","CAN","0x0","接收成功","8","11 B8 7C 84 28 10 21 1F"
"2909","11:12:23.195","标准帧","数据帧","CAN","0x201","发送成功","4","00 00 80 3F"
"2910","11:12:23.195","标准帧","数据帧","CAN","0x0","接收成功","8","11 B8 7F 84 38 10 21 1F"
"2911","11:12:23.195","标准帧","数据帧","CAN","0x201","发送成功","4","00 00 80 3F"
"2912","11:12:23.195","标准帧","数据帧","CAN","0x0","接收成功","8","11 B8 82 84 28 11 21 1F"
"2913","11:12:23.195","标准帧","数据帧","CAN","0x201","发送成功","4","00 00 80 3F"
"2914","11:12:23.195","标准帧","数据帧","CAN","0x0","接收成功","8","11 B8 83 84 48 12 21 1F"
"2915","11:12:23.195","标准帧","数据帧","CAN","0x201","发送成功","4","00 00 80 3F"
"2916","11:12:23.195","标准帧","数据帧","CAN","0x0","接收成功","8","11 B8 8B 84 38 13 21 1F"
"2917","11:12:23.195","标准帧","数据帧","CAN","0x201","发送成功","4","00 00 80 3F"
"2918","11:12:23.195","标准帧","数据帧","CAN","0x0","接收成功","8","11 B8 9B 84 28 14 21 1F"
"2919","11:12:23.216","标准帧","数据帧","CAN","0x201","发送成功","4","00 00 80 3F"
"2920","11:12:23.216","标准帧","数据帧","CAN","0x0","接收成功","8","11 B8 AD 84 68 11 21 1F"
"2921","11:12:23.216","标准帧","数据帧","CAN","0x201","发送成功","4","00 00 80 3F"
"2922","11:12:23.216","标准帧","数据帧","CAN","0x0","接收成功","8","11 B8 B6 84 58 0F 21 1F"
"2923","11:12:23.216","标准帧","数据帧","CAN","0x201","发送成功","4","00 00 80 3F"
"2924","11:12:23.216","标准帧","数据帧","CAN","0x0","接收成功","8","11 B8 C1 84 68 0E 21 1F"
"2925","11:12:23.227","标准帧","数据帧","CAN","0x201","发送成功","4","00 00 80 3F"
"2926","11:12:23.227","标准帧","数据帧","CAN","0x0","接收成功","8","11 B8 C6 84 38 0E 21 1F"
"2927","11:12:23.227","标准帧","数据帧","CAN","0x201","发送成功","4","00 00 80 3F"
"2928","11:12:23.227","标准帧","数据帧","CAN","0x0","接收成功","8","11 B8 EB 84 48 11 21 1F"
"2929","11:12:23.227","标准帧","数据帧","CAN","0x201","发送成功","4","00 00 80 3F"
"2930","11:12:23.227","标准帧","数据帧","CAN","0x0","接收成功","8","11 B8 EC 84 58 11 21 1F"
"2931","11:12:23.238","标准帧","数据帧","CAN","0x201","发送成功","4","00 00 80 3F"
"2932","11:12:23.238","标准帧","数据帧","CAN","0x0","接收成功","8","11 B8 FF 84 48 0D 21 1F"
"2933","11:12:23.238","标准帧","数据帧","CAN","0x201","发送成功","4","00 00 80 3F"
"2934","11:12:23.238","标准帧","数据帧","CAN","0x0","接收成功","8","11 B9 03 84 58 0E 21 1F"
"2935","11:12:23.238","标准帧","数据帧","CAN","0x201","发送成功","4","00 00 80 3F"
"2936","11:12:23.238","标准帧","数据帧","CAN","0x0","接收成功","8","11 B9 06 84 38 0E 21 1F"
"2937","11:12:23.238","标准帧","数据帧","CAN","0x201","发送成功","4","00 00 80 3F"
"2938","11:12:23.238","标准帧","数据帧","CAN","0x0","接收成功","8","11 B9 0C 84 28 10 21 1F"
"2939","11:12:23.238","标准帧","数据帧","CAN","0x201","发送成功","4","00 00 80 3F"
"2940","11:12:23.238","标准帧","数据帧","CAN","0x0","接收成功","8","11 B9 0D 84 28 10 21 1F"
"2941","11:12:23.238","标准帧","数据帧","CAN","0x201","发送成功","4","00 00 80 3F"
"2942","11:12:23.238","标准帧","数据帧","CAN","0x0","接收成功","8","11 B9 14 83 F8 15 21 1F"
"2943","11:12:23.238","标准帧","数据帧","CAN","0x201","发送成功","4","00 00 80 3F"
"2944","11:12:23.238","标准帧","数据帧","CAN","0x0","接收成功","8","11 B9 1A 84 18 15 21 1F"
"2945","11:12:23.249","标准帧","数据帧","CAN","0x201","发送成功","4","00 00 80 3F"
"2946","11:12:23.249","标准帧","数据帧","CAN","0x0","接收成功","8","11 B9 1C 84 18 15 21 1F"
"2947","11:12:23.249","标准帧","数据帧","CAN","0x201","发送成功","4","00 00 80 3F"
"2948","11:12:23.249","标准帧","数据帧","CAN","0x0","接收成功","8","11 B9 22 84 28 15 21 1F"
"2949","11:12:23.249","标准帧","数据帧","CAN","0x201","发送成功","4","00 00 80 3F"
"2950","11:12:23.249","标准帧","数据帧","CAN","0x0","接收成功","8","11 B9 2A 84 48 14 21 1F"
"2951","11:12:23.249","标准帧","数据帧","CAN","0x201","发送成功","4","00 00 80 3F"
"2952","11:12:23.249","标准帧","数据帧","CAN","0x0","接收成功","8","11 B9 2B 84 48 13 21 1F"
"2953","11:12:23.249","标准帧","数据帧","CAN","0x201","发送成功","4","00 00 80 3F"
"2954","11:12:23.249","标准帧","数据帧","CAN","0x0","接收成功","8","11 B9 31 84 68 10 21 1F"
"2955","11:12:23.259","标准帧","数据帧","CAN","0x201","发送成功","4","00 00 80 3F"
"2956","11:12:23.259","标准帧","数据帧","CAN","0x0","接收成功","8","11 B9 34 84 88 0F 21 1F"
"2957","11:12:23.259","标准帧","数据帧","CAN","0x201","发送成功","4","00 00 80 3F"
"2958","11:12:23.259","标准帧","数据帧","CAN","0x0","接收成功","8","11 B9 3B 84 68 0D 21 1F"
"2959","11:12:23.259","标准帧","数据帧","CAN","0x201","发送成功","4","00 00 80 3F"
"2960","11:12:23.259","标准帧","数据帧","CAN","0x0","接收成功","8","11 B9 42 84 68 0D 21 1F"
"2961","11:12:23.259","标准帧","数据帧","CAN","0x201","发送成功","4","00 00 80 3F"
"2962","11:12:23.259","标准帧","数据帧","CAN","0x0","接收成功","8","11 B9 43 84 48 0D 21 1F"
"2963","11:12:23.259","标准帧","数据帧","CAN","0x201","发送成功","4","00 00 80 3F"
"2964","11:12:23.259","标准帧","数据帧","CAN","0x0","接收成功","8","11 B9 4B 84 28 0E 21 1F"
"2965","11:12:23.270","标准帧","数据帧","CAN","0x201","发送成功","4","00 00 80 3F"
"2966","11:12:23.270","标准帧","数据帧","CAN","0x0","接收成功","8","11 B9 54 84 18 11 21 1F"
"2967","11:12:23.270","标准帧","数据帧","CAN","0x201","发送成功","4","00 00 80 3F"
"2968","11:12:23.270","标准帧","数据帧","CAN","0x0","接收成功","8","11 B9 59 84 18 13 21 1F"
"2969","11:12:23.270","标准帧","数据帧","CAN","0x201","发送成功","4","00 00 80 3F"
"2970","11:12:23.270","标准帧","数据帧","CAN","0x0","接收成功","8","11 B9 5A 84 18 13 21 1F"
"2971","11:12:23.270","标准帧","数据帧","CAN","0x201","发送成功","4","00 00 80 3F"
"2972","11:12:23.270","标准帧","数据帧","CAN","0x0","接收成功","8","11 B9 64 84 18 14 21 1F"
"2973","11:12:23.270","标准帧","数据帧","CAN","0x201","发送成功","4","00 00 80 3F"
"2974","11:12:23.270","标准帧","数据帧","CAN","0x0","接收成功","8","11 B9 6A 84 48 12 21 1F"
"2975","11:12:23.280","标准帧","数据帧","CAN","0x201","发送成功","4","00 00 80 3F"
"2976","11:12:23.280","标准帧","数据帧","CAN","0x0","接收成功","8","11 B9 6C 84 58 12 21 1F"
"2977","11:12:23.280","标准帧","数据帧","CAN","0x201","发送成功","4","00 00 80 3F"
"2978","11:12:23.280","标准帧","数据帧","CAN","0x0","接收成功","8","11 B9 71 84 48 11 21 1F"
"2979","11:12:23.280","标准帧","数据帧","CAN","0x201","发送成功","4","00 00 80 3F"
"2980","11:12:23.280","标准帧","数据帧","CAN","0x0","接收成功","8","11 B9 72 84 58 10 21 1F"
"2981","11:12:23.280","标准帧","数据帧","CAN","0x201","发送成功","4","00 00 80 3F"
"2982","11:12:23.280","标准帧","数据帧","CAN","0x0","接收成功","8","11 B9 7D 84 58 0E 21 1F"
"2983","11:12:23.280","标准帧","数据帧","CAN","0x201","发送成功","4","00 00 80 3F"
"2984","11:12:23.280","标准帧","数据帧","CAN","0x0","接收成功","8","11 B9 83 84 48 0E 21 1F"
"2985","11:12:23.280","标准帧","数据帧","CAN","0x201","发送成功","4","00 00 80 3F"
"2986","11:12:23.280","标准帧","数据帧","CAN","0x0","接收成功","8","11 B9 84 84 38 0F 21 1F"
"2987","11:12:23.280","标准帧","数据帧","CAN","0x201","发送成功","4","00 00 80 3F"
"2988","11:12:23.280","标准帧","数据帧","CAN","0x0","接收成功","8","11 B9 89 84 18 11 21 1F"
"2989","11:12:23.291","标准帧","数据帧","CAN","0x201","发送成功","4","00 00 80 3F"
"2990","11:12:23.291","标准帧","数据帧","CAN","0x0","接收成功","8","11 B9 8B 84 18 11 21 1F"
"2991","11:12:23.291","标准帧","数据帧","CAN","0x201","发送成功","4","00 00 80 3F"
"2992","11:12:23.291","标准帧","数据帧","CAN","0x0","接收成功","8","11 B9 93 84 28 12 21 1F"
"2993","11:12:23.291","标准帧","数据帧","CAN","0x201","发送成功","4","00 00 80 3F"
"2994","11:12:23.291","标准帧","数据帧","CAN","0x0","接收成功","8","11 B9 97 84 18 13 21 1F"
"2995","11:12:23.301","标准帧","数据帧","CAN","0x201","发送成功","4","00 00 80 3F"
"2996","11:12:23.301","标准帧","数据帧","CAN","0x0","接收成功","8","11 B9 99 84 08 14 21 1F"
"2997","11:12:23.301","标准帧","数据帧","CAN","0x201","发送成功","4","00 00 80 3F"
"2998","11:12:23.301","标准帧","数据帧","CAN","0x0","接收成功","8","11 B9 A8 84 28 13 21 1F"
"2999","11:12:23.301","标准帧","数据帧","CAN","0x201","发送成功","4","00 00 80 3F"
"3000","11:12:23.301","标准帧","数据帧","CAN","0x0","接收成功","8","11 B9 B5 84 58 0F 21 1F"
"3001","11:12:23.301","标准帧","数据帧","CAN","0x201","发送成功","4","00 00 80 3F"
"3002","11:12:23.301","标准帧","数据帧","CAN","0x0","接收成功","8","11 B9 B8 84 58 0E 21 1F"
"3003","11:12:23.312","标准帧","数据帧","CAN","0x201","发送成功","4","00 00 80 3F"
"3004","11:12:23.312","标准帧","数据帧","CAN","0x0","接收成功","8","11 B9 C3 84 58 0D 21 1F"
"3005","11:12:23.323","标准帧","数据帧","CAN","0x201","发送成功","4","00 00 80 3F"
"3006","11:12:23.323","标准帧","数据帧","CAN","0x0","接收成功","8","11 B9 C7 84 58 0E 21 1F"
"3007","11:12:23.323","标准帧","数据帧","CAN","0x201","发送成功","4","00 00 80 3F"
"3008","11:12:23.323","标准帧","数据帧","CAN","0x0","接收成功","8","11 B9 EB 84 38 14 21 1F"
"3009","11:12:23.323","标准帧","数据帧","CAN","0x201","发送成功","4","00 00 80 3F"
"3010","11:12:23.323","标准帧","数据帧","CAN","0x0","接收成功","8","11 B9 ED 84 48 12 21 1F"
"3011","11:12:23.334","标准帧","数据帧","CAN","0x201","发送成功","4","00 00 80 3F"
"3012","11:12:23.334","标准帧","数据帧","CAN","0x0","接收成功","8","11 B9 F4 84 58 11 21 1F"
"3013","11:12:23.334","标准帧","数据帧","CAN","0x201","发送成功","4","00 00 80 3F"
"3014","11:12:23.334","标准帧","数据帧","CAN","0x0","接收成功","8","11 B9 FD 84 68 11 21 1F"
"3015","11:12:23.334","标准帧","数据帧","CAN","0x201","发送成功","4","00 00 80 3F"
"3016","11:12:23.334","标准帧","数据帧","CAN","0x0","接收成功","8","11 BA 02 84 48 10 21 1F"
"3017","11:12:23.334","标准帧","数据帧","CAN","0x201","发送成功","4","00 00 80 3F"
"3018","11:12:23.334","标准帧","数据帧","CAN","0x0","接收成功","8","11 BA 08 84 48 10 21 1F"
"3019","11:12:23.334","标准帧","数据帧","CAN","0x201","发送成功","4","00 00 80 3F"
"3020","11:12:23.334","标准帧","数据帧","CAN","0x0","接收成功","8","11 BA 0A 84 48 10 21 1F"
"3021","11:12:23.334","标准帧","数据帧","CAN","0x201","发送成功","4","00 00 80 3F"
"3022","11:12:23.334","标准帧","数据帧","CAN","0x0","接收成功","8","11 BA 10 84 38 12 21 1F"
"3023","11:12:23.345","标准帧","数据帧","CAN","0x201","发送成功","4","00 00 80 3F"
"3024","11:12:23.345","标准帧","数据帧","CAN","0x0","接收成功","8","11 BA 14 84 28 12 21 1F"
"3025","11:12:23.345","标准帧","数据帧","CAN","0x201","发送成功","4","00 00 80 3F"
"3026","11:12:23.345","标准帧","数据帧","CAN","0x0","接收成功","8","11 BA 1B 84 28 12 21 1F"
"3027","11:12:23.345","标准帧","数据帧","CAN","0x201","发送成功","4","00 00 80 3F"
"3028","11:12:23.345","标准帧","数据帧","CAN","0x0","接收成功","8","11 BA 1D 84 38 12 21 1F"
"3029","11:12:23.345","标准帧","数据帧","CAN","0x201","发送成功","4","00 00 80 3F"
"3030","11:12:23.345","标准帧","数据帧","CAN","0x0","接收成功","8","11 BA 22 84 38 12 21 1F"
"3031","11:12:23.345","标准帧","数据帧","CAN","0x201","发送成功","4","00 00 80 3F"
"3032","11:12:23.345","标准帧","数据帧","CAN","0x0","接收成功","8","11 BA 23 84 38 12 21 1F"
"3033","11:12:23.345","标准帧","数据帧","CAN","0x201","发送成功","4","00 00 80 3F"
"3034","11:12:23.345","标准帧","数据帧","CAN","0x0","接收成功","8","11 BA 2C 84 38 12 21 1F"
"3035","11:12:23.345","标准帧","数据帧","CAN","0x201","发送成功","4","00 00 80 3F"
"3036","11:12:23.345","标准帧","数据帧","CAN","0x0","接收成功","8","11 BA 32 84 38 12 21 1F"
"3037","11:12:23.355","标准帧","数据帧","CAN","0x201","发送成功","4","00 00 80 3F"
"3038","11:12:23.355","标准帧","数据帧","CAN","0x0","接收成功","8","11 BA 35 84 38 12 21 1F"
"3039","11:12:23.355","标准帧","数据帧","CAN","0x201","发送成功","4","00 00 80 3F"
"3040","11:12:23.355","标准帧","数据帧","CAN","0x0","接收成功","8","11 BA 3D 84 58 11 21 1F"
"3041","11:12:23.355","标准帧","数据帧","CAN","0x201","发送成功","4","00 00 80 3F"
"3042","11:12:23.355","标准帧","数据帧","CAN","0x0","接收成功","8","11 BA 43 84 48 0F 21 1F"
"3043","11:12:23.355","标准帧","数据帧","CAN","0x201","发送成功","4","00 00 80 3F"
"3044","11:12:23.355","标准帧","数据帧","CAN","0x0","接收成功","8","11 BA 45 84 58 0F 21 1F"
"3045","11:12:23.355","标准帧","数据帧","CAN","0x201","发送成功","4","00 00 80 3F"
"3046","11:12:23.355","标准帧","数据帧","CAN","0x0","接收成功","8","11 BA 4C 84 48 0F 21 1F"
"3047","11:12:23.366","标准帧","数据帧","CAN","0x201","发送成功","4","00 00 80 3F"
"3048","11:12:23.366","标准帧","数据帧","CAN","0x0","接收成功","8","11 BA 4F 84 58 0F 21 1F"
"3049","11:12:23.366","标准帧","数据帧","CAN","0x201","发送成功","4","00 00 80 3F"
"3050","11:12:23.366","标准帧","数据帧","CAN","0x0","接收成功","8","11 BA 55 84 48 0F 21 1F"
"3051","11:12:23.366","标准帧","数据帧","CAN","0x201","发送成功","4","00 00 80 3F"
"3052","11:12:23.366","标准帧","数据帧","CAN","0x0","接收成功","8","11 BA 59 84 48 10 21 1F"
"3053","11:12:23.366","标准帧","数据帧","CAN","0x201","发送成功","4","00 00 80 3F"
"3054","11:12:23.366","标准帧","数据帧","CAN","0x0","接收成功","8","11 BA 60 84 38 10 21 1F"
"3055","11:12:23.366","标准帧","数据帧","CAN","0x201","发送成功","4","00 00 80 3F"
"3056","11:12:23.366","标准帧","数据帧","CAN","0x0","接收成功","8","11 BA 64 84 28 11 21 1F"
"3057","11:12:23.376","标准帧","数据帧","CAN","0x201","发送成功","4","00 00 80 3F"
"3058","11:12:23.376","标准帧","数据帧","CAN","0x0","接收成功","8","11 BA 6A 84 18 12 21 1F"
"3059","11:12:23.376","标准帧","数据帧","CAN","0x201","发送成功","4","00 00 80 3F"
"3060","11:12:23.376","标准帧","数据帧","CAN","0x0","接收成功","8","11 BA 6F 84 18 14 21 1F"
"3061","11:12:23.376","标准帧","数据帧","CAN","0x201","发送成功","4","00 00 80 3F"
"3062","11:12:23.376","标准帧","数据帧","CAN","0x0","接收成功","8","11 BA 73 84 28 14 21 1F"
"3063","11:12:23.376","标准帧","数据帧","CAN","0x201","发送成功","4","00 00 80 3F"
"3064","11:12:23.376","标准帧","数据帧","CAN","0x0","接收成功","8","11 BA 76 84 28 14 21 1F"
"3065","11:12:23.376","标准帧","数据帧","CAN","0x201","发送成功","4","00 00 80 3F"
"3066","11:12:23.376","标准帧","数据帧","CAN","0x0","接收成功","8","11 BA 7B 84 28 13 21 1F"
"3067","11:12:23.376","标准帧","数据帧","CAN","0x201","发送成功","4","00 00 80 3F"
"3068","11:12:23.376","标准帧","数据帧","CAN","0x0","接收成功","8","11 BA 7E 84 38 13 21 1F"
"3069","11:12:23.376","标准帧","数据帧","CAN","0x201","发送成功","4","00 00 80 3F"
"3070","11:12:23.376","标准帧","数据帧","CAN","0x0","接收成功","8","11 BA 86 84 48 11 21 1F"
"3071","11:12:23.398","标准帧","数据帧","CAN","0x201","发送成功","4","00 00 80 3F"
"3072","11:12:23.398","标准帧","数据帧","CAN","0x0","接收成功","8","11 BA 89 84 58 10 21 1F"
"3073","11:12:23.398","标准帧","数据帧","CAN","0x201","发送成功","4","00 00 80 3F"
"3074","11:12:23.398","标准帧","数据帧","CAN","0x0","接收成功","8","11 BA 8E 84 68 0F 21 1F"
"3075","11:12:23.398","标准帧","数据帧","CAN","0x201","发送成功","4","00 00 80 3F"
"3076","11:12:23.398","标准帧","数据帧","CAN","0x0","接收成功","8","11 BA 90 84 68 0F 21 1F"
"3077","11:12:23.398","标准帧","数据帧","CAN","0x201","发送成功","4","00 00 80 3F"
"3078","11:12:23.398","标准帧","数据帧","CAN","0x0","接收成功","8","11 BA 97 84 68 0E 21 1F"
"3079","11:12:23.398","标准帧","数据帧","CAN","0x201","发送成功","4","00 00 80 3F"
"3080","11:12:23.398","标准帧","数据帧","CAN","0x0","接收成功","8","11 BA 9D 84 38 0E 21 1F"
"3081","11:12:23.398","标准帧","数据帧","CAN","0x201","发送成功","4","00 00 80 3F"
"3082","11:12:23.398","标准帧","数据帧","CAN","0x0","接收成功","8","11 BA 9E 84 38 0E 21 1F"
"3083","11:12:23.398","标准帧","数据帧","CAN","0x201","发送成功","4","00 00 80 3F"
"3084","11:12:23.398","标准帧","数据帧","CAN","0x0","接收成功","8","11 BA AB 84 18 11 21 1F"
"3085","11:12:23.398","标准帧","数据帧","CAN","0x201","发送成功","4","00 00 80 3F"
"3086","11:12:23.398","标准帧","数据帧","CAN","0x0","接收成功","8","11 BA B8 84 18 13 21 1F"
"3087","11:12:23.408","标准帧","数据帧","CAN","0x201","发送成功","4","00 00 80 3F"
"3088","11:12:23.408","标准帧","数据帧","CAN","0x0","接收成功","8","11 BA BC 84 38 13 21 1F"
"3089","11:12:23.408","标准帧","数据帧","CAN","0x201","发送成功","4","00 00 80 3F"
"3090","11:12:23.408","标准帧","数据帧","CAN","0x0","接收成功","8","11 BA C1 84 38 11 21 1F"
"3091","11:12:23.419","标准帧","数据帧","CAN","0x201","发送成功","4","00 00 80 3F"
"3092","11:12:23.419","标准帧","数据帧","CAN","0x0","接收成功","8","11 BA C4 84 38 11 21 1F"
"3093","11:12:23.419","标准帧","数据帧","CAN","0x201","发送成功","4","00 00 80 3F"
"3094","11:12:23.419","标准帧","数据帧","CAN","0x0","接收成功","8","11 BA E7 84 18 11 21 1F"
"3095","11:12:23.419","标准帧","数据帧","CAN","0x201","发送成功","4","00 00 80 3F"
"3096","11:12:23.419","标准帧","数据帧","CAN","0x0","接收成功","8","11 BA EB 84 18 12 21 1F"
"3097","11:12:23.419","标准帧","数据帧","CAN","0x201","发送成功","4","00 00 80 3F"
"3098","11:12:23.419","标准帧","数据帧","CAN","0x0","接收成功","8","11 BA F3 84 28 14 21 1F"
"3099","11:12:23.419","标准帧","数据帧","CAN","0x201","发送成功","4","00 00 80 3F"
"3100","11:12:23.430","标准帧","数据帧","CAN","0x0","接收成功","8","11 BA F7 84 18 14 21 1F"
"3101","11:12:23.430","标准帧","数据帧","CAN","0x201","发送成功","4","00 00 80 3F"
"3102","11:12:23.430","标准帧","数据帧","CAN","0x0","接收成功","8","11 BA F7 84 18 14 21 1F"
"3103","11:12:23.430","标准帧","数据帧","CAN","0x201","发送成功","4","00 00 80 3F"
"3104","11:12:23.430","标准帧","数据帧","CAN","0x0","接收成功","8","11 BA FB 84 18 14 21 1F"
"3105","11:12:23.430","标准帧","数据帧","CAN","0x201","发送成功","4","00 00 80 3F"
"3106","11:12:23.430","标准帧","数据帧","CAN","0x0","接收成功","8","11 BB 01 84 38 14 21 1F"
"3107","11:12:23.430","标准帧","数据帧","CAN","0x201","发送成功","4","00 00 80 3F"
"3108","11:12:23.430","标准帧","数据帧","CAN","0x0","接收成功","8","11 BB 03 84 38 13 21 1F"
"3109","11:12:23.430","标准帧","数据帧","CAN","0x201","发送成功","4","00 00 80 3F"
"3110","11:12:23.430","标准帧","数据帧","CAN","0x0","接收成功","8","11 BB 09 84 58 11 21 1F"
"3111","11:12:23.430","标准帧","数据帧","CAN","0x201","发送成功","4","00 00 80 3F"
"3112","11:12:23.430","标准帧","数据帧","CAN","0x0","接收成功","8","11 BB 0B 84 68 11 21 1F"
"3113","11:12:23.440","标准帧","数据帧","CAN","0x201","发送成功","4","00 00 80 3F"
"3114","11:12:23.440","标准帧","数据帧","CAN","0x0","接收成功","8","11 BB 12 84 78 0E 21 1F"
"3115","11:12:23.440","标准帧","数据帧","CAN","0x201","发送成功","4","00 00 80 3F"
"3116","11:12:23.440","标准帧","数据帧","CAN","0x0","接收成功","8","11 BB 18 84 68 0D 21 1F"
"3117","11:12:23.440","标准帧","数据帧","CAN","0x201","发送成功","4","00 00 80 3F"
"3118","11:12:23.440","标准帧","数据帧","CAN","0x0","接收成功","8","11 BB 22 84 48 0E 21 1F"
"3119","11:12:23.440","标准帧","数据帧","CAN","0x201","发送成功","4","00 00 80 3F"
"3120","11:12:23.440","标准帧","数据帧","CAN","0x0","接收成功","8","11 BB 28 84 28 0F 21 1F"
"3121","11:12:23.440","标准帧","数据帧","CAN","0x201","发送成功","4","00 00 80 3F"
"3122","11:12:23.440","标准帧","数据帧","CAN","0x0","接收成功","8","11 BB 2B 84 28 10 21 1F"
"3123","11:12:23.451","标准帧","数据帧","CAN","0x201","发送成功","4","00 00 80 3F"
"3124","11:12:23.451","标准帧","数据帧","CAN","0x0","接收成功","8","11 BB 31 84 18 10 21 1F"
"3125","11:12:23.451","标准帧","数据帧","CAN","0x201","发送成功","4","00 00 80 3F"
"3126","11:12:23.451","标准帧","数据帧","CAN","0x0","接收成功","8","11 BB 34 84 18 11 21 1F"
"3127","11:12:23.451","标准帧","数据帧","CAN","0x201","发送成功","4","00 00 80 3F"
"3128","11:12:23.451","标准帧","数据帧","CAN","0x0","接收成功","8","11 BB 39 84 08 13 21 1F"
"3129","11:12:23.451","标准帧","数据帧","CAN","0x201","发送成功","4","00 00 80 3F"
"3130","11:12:23.451","标准帧","数据帧","CAN","0x0","接收成功","8","11 BB 3C 84 18 13 21 1F"
"3131","11:12:23.451","标准帧","数据帧","CAN","0x201","发送成功","4","00 00 80 3F"
"3132","11:12:23.451","标准帧","数据帧","CAN","0x0","接收成功","8","11 BB 47 84 48 12 21 1F"
"3133","11:12:23.461","标准帧","数据帧","CAN","0x201","发送成功","4","00 00 80 3F"
"3134","11:12:23.461","标准帧","数据帧","CAN","0x0","接收成功","8","11 BB 4B 84 48 10 21 1F"
"3135","11:12:23.461","标准帧","数据帧","CAN","0x201","发送成功","4","00 00 80 3F"
"3136","11:12:23.461","标准帧","数据帧","CAN","0x0","接收成功","8","11 BB 52 84 58 0F 21 1F"
"3137","11:12:23.461","标准帧","数据帧","CAN","0x201","发送成功","4","00 00 80 3F"
"3138","11:12:23.461","标准帧","数据帧","CAN","0x0","接收成功","8","11 BB 54 84 58 0F 21 1F"
"3139","11:12:23.461","标准帧","数据帧","CAN","0x201","发送成功","4","00 00 80 3F"
"3140","11:12:23.461","标准帧","数据帧","CAN","0x0","接收成功","8","11 BB 59 84 58 0E 21 1F"
"3141","11:12:23.461","标准帧","数据帧","CAN","0x201","发送成功","4","00 00 80 3F"
"3142","11:12:23.461","标准帧","数据帧","CAN","0x0","接收成功","8","11 BB 64 84 28 0F 21 1F"
"3143","11:12:23.471","标准帧","数据帧","CAN","0x201","发送成功","4","00 00 80 3F"
"3144","11:12:23.471","标准帧","数据帧","CAN","0x0","接收成功","8","11 BB 65 84 18 10 21 1F"
"3145","11:12:23.471","标准帧","数据帧","CAN","0x201","发送成功","4","00 00 80 3F"
"3146","11:12:23.471","标准帧","数据帧","CAN","0x0","接收成功","8","11 BB 6B 84 18 11 21 1F"
"3147","11:12:23.471","标准帧","数据帧","CAN","0x201","发送成功","4","00 00 80 3F"
"3148","11:12:23.471","标准帧","数据帧","CAN","0x0","接收成功","8","11 BB 6F 84 28 12 21 1F"
"3149","11:12:23.471","标准帧","数据帧","CAN","0x201","发送成功","4","00 00 80 3F"
"3150","11:12:23.471","标准帧","数据帧","CAN","0x0","接收成功","8","11 BB 71 84 28 12 21 1F"
"3151","11:12:23.471","标准帧","数据帧","CAN","0x201","发送成功","4","00 00 80 3F"
"3152","11:12:23.471","标准帧","数据帧","CAN","0x0","接收成功","8","11 BB 76 84 28 12 21 1F"
"3153","11:12:23.471","标准帧","数据帧","CAN","0x201","发送成功","4","00 00 80 3F"
"3154","11:12:23.471","标准帧","数据帧","CAN","0x0","接收成功","8","11 BB 78 84 28 12 21 1F"
"3155","11:12:23.471","标准帧","数据帧","CAN","0x201","发送成功","4","00 00 80 3F"
"3156","11:12:23.471","标准帧","数据帧","CAN","0x0","接收成功","8","11 BB 7E 84 38 12 21 1F"
"3157","11:12:23.482","标准帧","数据帧","CAN","0x201","发送成功","4","00 00 80 3F"
"3158","11:12:23.482","标准帧","数据帧","CAN","0x0","接收成功","8","11 BB 7F 84 38 12 21 1F"
"3159","11:12:23.482","标准帧","数据帧","CAN","0x201","发送成功","4","00 00 80 3F"
"3160","11:12:23.482","标准帧","数据帧","CAN","0x0","接收成功","8","11 BB 87 84 38 12 21 1F"
"3161","11:12:23.482","标准帧","数据帧","CAN","0x201","发送成功","4","00 00 80 3F"
"3162","11:12:23.482","标准帧","数据帧","CAN","0x0","接收成功","8","11 BB 8C 84 48 11 21 1F"
"3163","11:12:23.482","标准帧","数据帧","CAN","0x201","发送成功","4","00 00 80 3F"
"3164","11:12:23.482","标准帧","数据帧","CAN","0x0","接收成功","8","11 BB 91 84 38 10 21 1F"
"3165","11:12:23.482","标准帧","数据帧","CAN","0x201","发送成功","4","00 00 80 3F"
"3166","11:12:23.482","标准帧","数据帧","CAN","0x0","接收成功","8","11 BB 93 84 48 10 21 1F"
"3167","11:12:23.482","标准帧","数据帧","CAN","0x201","发送成功","4","00 00 80 3F"
"3168","11:12:23.482","标准帧","数据帧","CAN","0x0","接收成功","8","11 BB 99 84 58 0F 21 1F"
"3169","11:12:23.504","标准帧","数据帧","CAN","0x201","发送成功","4","00 00 80 3F"
"3170","11:12:23.504","标准帧","数据帧","CAN","0x0","接收成功","8","11 BB 9F 84 38 0F 21 1F"
"3171","11:12:23.504","标准帧","数据帧","CAN","0x201","发送成功","4","00 00 80 3F"
"3172","11:12:23.504","标准帧","数据帧","CAN","0x0","接收成功","8","11 BB A6 84 58 0F 21 1F"
"3173","11:12:23.504","标准帧","数据帧","CAN","0x201","发送成功","4","00 00 80 3F"
"3174","11:12:23.504","标准帧","数据帧","CAN","0x0","接收成功","8","11 BB AB 84 38 0F 21 1F"
"3175","11:12:23.514","标准帧","数据帧","CAN","0x201","发送成功","4","00 00 80 3F"
"3176","11:12:23.514","标准帧","数据帧","CAN","0x0","接收成功","8","11 BB B4 84 48 10 21 1F"
"3177","11:12:23.514","标准帧","数据帧","CAN","0x201","发送成功","4","00 00 80 3F"
"3178","11:12:23.514","标准帧","数据帧","CAN","0x0","接收成功","8","11 BB C8 84 28 12 21 1F"
"3179","11:12:23.514","标准帧","数据帧","CAN","0x201","发送成功","4","00 00 80 3F"
"3180","11:12:23.514","标准帧","数据帧","CAN","0x0","接收成功","8","11 BB CB 84 18 12 21 1F"
"3181","11:12:23.524","标准帧","数据帧","CAN","0x201","发送成功","4","00 00 80 3F"
"3182","11:12:23.524","标准帧","数据帧","CAN","0x0","接收成功","8","11 BB D1 84 28 14 21 1F"
"3183","11:12:23.524","标准帧","数据帧","CAN","0x201","发送成功","4","00 00 80 3F"
"3184","11:12:23.524","标准帧","数据帧","CAN","0x0","接收成功","8","11 BB FA 84 58 10 21 1F"
"3185","11:12:23.524","标准帧","数据帧","CAN","0x201","发送成功","4","00 00 80 3F"
"3186","11:12:23.524","标准帧","数据帧","CAN","0x0","接收成功","8","11 BB FE 84 58 10 21 1F"
"3187","11:12:23.534","标准帧","数据帧","CAN","0x201","发送成功","4","00 00 80 3F"
"3188","11:12:23.534","标准帧","数据帧","CAN","0x0","接收成功","8","11 BC 07 84 28 11 21 1F"
"3189","11:12:23.534","标准帧","数据帧","CAN","0x201","发送成功","4","00 00 80 3F"
"3190","11:12:23.534","标准帧","数据帧","CAN","0x0","接收成功","8","11 BC 0F 84 28 12 21 1F"
"3191","11:12:23.534","标准帧","数据帧","CAN","0x201","发送成功","4","00 00 80 3F"
"3192","11:12:23.534","标准帧","数据帧","CAN","0x0","接收成功","8","11 BC 12 84 18 12 21 1F"
"3193","11:12:23.534","标准帧","数据帧","CAN","0x201","发送成功","4","00 00 80 3F"
"3194","11:12:23.534","标准帧","数据帧","CAN","0x0","接收成功","8","11 BC 19 84 38 11 21 1F"
"3195","11:12:23.534","标准帧","数据帧","CAN","0x201","发送成功","4","00 00 80 3F"
"3196","11:12:23.534","标准帧","数据帧","CAN","0x0","接收成功","8","11 BC 1F 84 48 11 21 1F"
"3197","11:12:23.545","标准帧","数据帧","CAN","0x201","发送成功","4","00 00 80 3F"
"3198","11:12:23.545","标准帧","数据帧","CAN","0x0","接收成功","8","11 BC 23 84 48 11 21 1F"
"3199","11:12:23.545","标准帧","数据帧","CAN","0x201","发送成功","4","00 00 80 3F"
"3200","11:12:23.545","标准帧","数据帧","CAN","0x0","接收成功","8","11 BC 29 84 68 0F 21 1F"
"3201","11:12:23.545","标准帧","数据帧","CAN","0x201","发送成功","4","00 00 80 3F"
"3202","11:12:23.545","标准帧","数据帧","CAN","0x0","接收成功","8","11 BC 2A 84 68 0F 21 1F"
"3203","11:12:23.545","标准帧","数据帧","CAN","0x201","发送成功","4","00 00 80 3F"
"3204","11:12:23.545","标准帧","数据帧","CAN","0x0","接收成功","8","11 BC 32 84 68 0F 21 1F"
"3205","11:12:23.545","标准帧","数据帧","CAN","0x201","发送成功","4","00 00 80 3F"
"3206","11:12:23.545","标准帧","数据帧","CAN","0x0","接收成功","8","11 BC 39 84 48 0F 21 1F"
"3207","11:12:23.545","标准帧","数据帧","CAN","0x201","发送成功","4","00 00 80 3F"
"3208","11:12:23.545","标准帧","数据帧","CAN","0x0","接收成功","8","11 BC 3B 84 28 10 21 1F"
"3209","11:12:23.556","标准帧","数据帧","CAN","0x201","发送成功","4","00 00 80 3F"
"3210","11:12:23.556","标准帧","数据帧","CAN","0x0","接收成功","8","11 BC 41 84 38 10 21 1F"
"3211","11:12:23.556","标准帧","数据帧","CAN","0x201","发送成功","4","00 00 80 3F"
"3212","11:12:23.556","标准帧","数据帧","CAN","0x0","接收成功","8","11 BC 44 84 18 11 21 1F"
"3213","11:12:23.556","标准帧","数据帧","CAN","0x201","发送成功","4","00 00 80 3F"
"3214","11:12:23.556","标准帧","数据帧","CAN","0x0","接收成功","8","11 BC 48 84 18 13 21 1F"
"3215","11:12:23.556","标准帧","数据帧","CAN","0x201","发送成功","4","00 00 80 3F"
"3216","11:12:23.556","标准帧","数据帧","CAN","0x0","接收成功","8","11 BC 4A 84 18 14 21 1F"
"3217","11:12:23.556","标准帧","数据帧","CAN","0x201","发送成功","4","00 00 80 3F"
"3218","11:12:23.556","标准帧","数据帧","CAN","0x0","接收成功","8","11 BC 52 84 28 15 21 1F"
"3219","11:12:23.556","标准帧","数据帧","CAN","0x201","发送成功","4","00 00 80 3F"
"3220","11:12:23.556","标准帧","数据帧","CAN","0x0","接收成功","8","11 BC 58 84 38 14 21 1F"
"3221","11:12:23.566","标准帧","数据帧","CAN","0x201","发送成功","4","00 00 80 3F"
"3222","11:12:23.566","标准帧","数据帧","CAN","0x0","接收成功","8","11 BC 59 84 38 14 21 1F"
"3223","11:12:23.566","标准帧","数据帧","CAN","0x201","发送成功","4","00 00 80 3F"
"3224","11:12:23.566","标准帧","数据帧","CAN","0x0","接收成功","8","11 BC 61 84 38 12 21 1F"
"3225","11:12:23.566","标准帧","数据帧","CAN","0x201","发送成功","4","00 00 80 3F"
"3226","11:12:23.566","标准帧","数据帧","CAN","0x0","接收成功","8","11 BC 67 84 78 11 21 1F"
"3227","11:12:23.566","标准帧","数据帧","CAN","0x201","发送成功","4","00 00 80 3F"
"3228","11:12:23.566","标准帧","数据帧","CAN","0x0","接收成功","8","11 BC 6E 84 68 0E 21 1F"
"3229","11:12:23.566","标准帧","数据帧","CAN","0x201","发送成功","4","00 00 80 3F"
"3230","11:12:23.566","标准帧","数据帧","CAN","0x0","接收成功","8","11 BC 71 84 68 0D 21 1F"
"3231","11:12:23.566","标准帧","数据帧","CAN","0x201","发送成功","4","00 00 80 3F"
"3232","11:12:23.566","标准帧","数据帧","CAN","0x0","接收成功","8","11 BC 77 84 48 0D 21 1F"
"3233","11:12:23.577","标准帧","数据帧","CAN","0x201","发送成功","4","00 00 80 3F"
"3234","11:12:23.577","标准帧","数据帧","CAN","0x0","接收成功","8","11 BC 7A 84 48 0D 21 1F"
"3235","11:12:23.577","标准帧","数据帧","CAN","0x201","发送成功","4","00 00 80 3F"
"3236","11:12:23.577","标准帧","数据帧","CAN","0x0","接收成功","8","11 BC 80 84 28 0E 21 1F"
"3237","11:12:23.577","标准帧","数据帧","CAN","0x201","发送成功","4","00 00 80 3F"
"3238","11:12:23.577","标准帧","数据帧","CAN","0x0","接收成功","8","11 BC 82 84 18 0F 21 1F"
"3239","11:12:23.577","标准帧","数据帧","CAN","0x201","发送成功","4","00 00 80 3F"
"3240","11:12:23.577","标准帧","数据帧","CAN","0x0","接收成功","8","11 BC 87 84 28 11 21 1F"
"3241","11:12:23.577","标准帧","数据帧","CAN","0x201","发送成功","4","00 00 80 3F"
"3242","11:12:23.577","标准帧","数据帧","CAN","0x0","接收成功","8","11 BC 8B 84 28 11 21 1F"
"3243","11:12:23.577","标准帧","数据帧","CAN","0x201","发送成功","4","00 00 80 3F"
"3244","11:12:23.577","标准帧","数据帧","CAN","0x0","接收成功","8","11 BC 92 84 18 13 21 1F"
"3245","11:12:23.598","标准帧","数据帧","CAN","0x201","发送成功","4","00 00 80 3F"
"3246","11:12:23.598","标准帧","数据帧","CAN","0x0","接收成功","8","11 BC 94 84 18 13 21 1F"
"3247","11:12:23.598","标准帧","数据帧","CAN","0x201","发送成功","4","00 00 80 3F"
"3248","11:12:23.598","标准帧","数据帧","CAN","0x0","接收成功","8","11 BC 99 84 38 14 21 1F"
"3249","11:12:23.598","标准帧","数据帧","CAN","0x201","发送成功","4","00 00 80 3F"
"3250","11:12:23.598","标准帧","数据帧","CAN","0x0","接收成功","8","11 BC 9C 84 28 13 21 1F"
"3251","11:12:23.598","标准帧","数据帧","CAN","0x201","发送成功","4","00 00 80 3F"
"3252","11:12:23.598","标准帧","数据帧","CAN","0x0","接收成功","8","11 BC A1 84 58 11 21 1F"
"3253","11:12:23.598","标准帧","数据帧","CAN","0x201","发送成功","4","00 00 80 3F"
"3254","11:12:23.598","标准帧","数据帧","CAN","0x0","接收成功","8","11 BC A5 84 58 11 21 1F"
"3255","11:12:23.598","标准帧","数据帧","CAN","0x201","发送成功","4","00 00 80 3F"
"3256","11:12:23.598","标准帧","数据帧","CAN","0x0","接收成功","8","11 BC AD 84 58 0F 21 1F"
"3257","11:12:23.598","标准帧","数据帧","CAN","0x201","发送成功","4","00 00 80 3F"
"3258","11:12:23.598","标准帧","数据帧","CAN","0x0","接收成功","8","11 BC B0 84 58 0F 21 1F"
"3259","11:12:23.598","标准帧","数据帧","CAN","0x201","发送成功","4","00 00 80 3F"
"3260","11:12:23.598","标准帧","数据帧","CAN","0x0","接收成功","8","11 BC C1 84 28 11 21 1F"
"3261","11:12:23.620","标准帧","数据帧","CAN","0x201","发送成功","4","00 00 80 3F"
"3262","11:12:23.620","标准帧","数据帧","CAN","0x0","接收成功","8","11 BC CB 84 28 12 21 1F"
"3263","11:12:23.620","标准帧","数据帧","CAN","0x201","发送成功","4","00 00 80 3F"
"3264","11:12:23.620","标准帧","数据帧","CAN","0x0","接收成功","8","11 BC CF 84 28 13 21 1F"
"3265","11:12:23.620","标准帧","数据帧","CAN","0x201","发送成功","4","00 00 80 3F"
"3266","11:12:23.620","标准帧","数据帧","CAN","0x0","接收成功","8","11 BC D5 84 08 14 21 1F"
"3267","11:12:23.620","标准帧","数据帧","CAN","0x201","发送成功","4","00 00 80 3F"
"3268","11:12:23.620","标准帧","数据帧","CAN","0x0","接收成功","8","11 BC DB 84 28 14 21 1F"
"3269","11:12:23.620","标准帧","数据帧","CAN","0x201","发送成功","4","00 00 80 3F"
"3270","11:12:23.620","标准帧","数据帧","CAN","0x0","接收成功","8","11 BD 01 84 48 0F 21 1F"
"3271","11:12:23.631","标准帧","数据帧","CAN","0x201","发送成功","4","00 00 80 3F"
"3272","11:12:23.631","标准帧","数据帧","CAN","0x0","接收成功","8","11 BD 04 84 38 0E 21 1F"
"3273","11:12:23.631","标准帧","数据帧","CAN","0x201","发送成功","4","00 00 80 3F"
"3274","11:12:23.631","标准帧","数据帧","CAN","0x0","接收成功","8","11 BD 0C 84 28 10 21 1F"
"3275","11:12:23.631","标准帧","数据帧","CAN","0x201","发送成功","4","00 00 80 3F"
"3276","11:12:23.631","标准帧","数据帧","CAN","0x0","接收成功","8","11 BD 16 84 28 10 21 1F"
"3277","11:12:23.631","标准帧","数据帧","CAN","0x201","发送成功","4","00 00 80 3F"
"3278","11:12:23.631","标准帧","数据帧","CAN","0x0","接收成功","8","11 BD 1B 84 28 11 21 1F"
"3279","11:12:23.631","标准帧","数据帧","CAN","0x201","发送成功","4","00 00 80 3F"
"3280","11:12:23.631","标准帧","数据帧","CAN","0x0","接收成功","8","11 BD 1D 84 38 11 21 1F"
"3281","11:12:23.641","标准帧","数据帧","CAN","0x201","发送成功","4","00 00 80 3F"
"3282","11:12:23.641","标准帧","数据帧","CAN","0x0","接收成功","8","11 BD 22 84 48 11 21 1F"
"3283","11:12:23.641","标准帧","数据帧","CAN","0x201","发送成功","4","00 00 80 3F"
"3284","11:12:23.641","标准帧","数据帧","CAN","0x0","接收成功","8","11 BD 26 84 28 10 21 1F"
"3285","11:12:23.641","标准帧","数据帧","CAN","0x201","发送成功","4","00 00 80 3F"
"3286","11:12:23.641","标准帧","数据帧","CAN","0x0","接收成功","8","11 BD 2E 84 48 11 21 1F"
"3287","11:12:23.641","标准帧","数据帧","CAN","0x201","发送成功","4","00 00 80 3F"
"3288","11:12:23.641","标准帧","数据帧","CAN","0x0","接收成功","8","11 BD 34 84 48 11 21 1F"
"3289","11:12:23.651","标准帧","数据帧","CAN","0x201","发送成功","4","00 00 80 3F"
"3290","11:12:23.651","标准帧","数据帧","CAN","0x0","接收成功","8","11 BD 36 84 48 11 21 1F"
"3291","11:12:23.651","标准帧","数据帧","CAN","0x201","发送成功","4","00 00 80 3F"
"3292","11:12:23.651","标准帧","数据帧","CAN","0x0","接收成功","8","11 BD 43 84 48 10 21 1F"
"3293","11:12:23.651","标准帧","数据帧","CAN","0x201","发送成功","4","00 00 80 3F"
"3294","11:12:23.651","标准帧","数据帧","CAN","0x0","接收成功","8","11 BD 48 84 28 11 21 1F"
"3295","11:12:23.651","标准帧","数据帧","CAN","0x201","发送成功","4","00 00 80 3F"
"3296","11:12:23.651","标准帧","数据帧","CAN","0x0","接收成功","8","11 BD 4A 84 38 12 21 1F"
"3297","11:12:23.662","标准帧","数据帧","CAN","0x201","发送成功","4","00 00 80 3F"
"3298","11:12:23.662","标准帧","数据帧","CAN","0x0","接收成功","8","11 BD 53 84 38 12 21 1F"
"3299","11:12:23.662","标准帧","数据帧","CAN","0x201","发送成功","4","00 00 80 3F"
"3300","11:12:23.662","标准帧","数据帧","CAN","0x0","接收成功","8","11 BD 5A 84 38 11 21 1F"
"3301","11:12:23.662","标准帧","数据帧","CAN","0x201","发送成功","4","00 00 80 3F"
"3302","11:12:23.662","标准帧","数据帧","CAN","0x0","接收成功","8","11 BD 5C 84 38 11 21 1F"
"3303","11:12:23.662","标准帧","数据帧","CAN","0x201","发送成功","4","00 00 80 3F"
"3304","11:12:23.662","标准帧","数据帧","CAN","0x0","接收成功","8","11 BD 62 84 38 12 21 1F"
"3305","11:12:23.662","标准帧","数据帧","CAN","0x201","发送成功","4","00 00 80 3F"
"3306","11:12:23.662","标准帧","数据帧","CAN","0x0","接收成功","8","11 BD 6E 84 38 11 21 1F"
"3307","11:12:23.662","标准帧","数据帧","CAN","0x201","发送成功","4","00 00 80 3F"
"3308","11:12:23.662","标准帧","数据帧","CAN","0x0","接收成功","8","11 BD 74 84 48 11 21 1F"
"3309","11:12:23.672","标准帧","数据帧","CAN","0x201","发送成功","4","00 00 80 3F"
"3310","11:12:23.672","标准帧","数据帧","CAN","0x0","接收成功","8","11 BD 77 84 58 11 21 1F"
"3311","11:12:23.672","标准帧","数据帧","CAN","0x201","发送成功","4","00 00 80 3F"
"3312","11:12:23.672","标准帧","数据帧","CAN","0x0","接收成功","8","11 BD 81 84 58 0F 21 1F"
"3313","11:12:23.672","标准帧","数据帧","CAN","0x201","发送成功","4","00 00 80 3F"
"3314","11:12:23.672","标准帧","数据帧","CAN","0x0","接收成功","8","11 BD 86 84 48 0E 21 1F"
"3315","11:12:23.672","标准帧","数据帧","CAN","0x201","发送成功","4","00 00 80 3F"
"3316","11:12:23.672","标准帧","数据帧","CAN","0x0","接收成功","8","11 BD 88 84 48 0E 21 1F"
"3317","11:12:23.683","标准帧","数据帧","CAN","0x201","发送成功","4","00 00 80 3F"
"3318","11:12:23.683","标准帧","数据帧","CAN","0x0","接收成功","8","11 BD 91 84 48 0E 21 1F"
"3319","11:12:23.683","标准帧","数据帧","CAN","0x201","发送成功","4","00 00 80 3F"
"3320","11:12:23.683","标准帧","数据帧","CAN","0x0","接收成功","8","11 BD 9B 84 38 0E 21 1F"
"3321","11:12:23.683","标准帧","数据帧","CAN","0x201","发送成功","4","00 00 80 3F"
"3322","11:12:23.683","标准帧","数据帧","CAN","0x0","接收成功","8","11 BD A0 84 18 10 21 1F"
"3323","11:12:23.683","标准帧","数据帧","CAN","0x201","发送成功","4","00 00 80 3F"
"3324","11:12:23.683","标准帧","数据帧","CAN","0x0","接收成功","8","11 BD A2 84 08 11 21 1F"
"3325","11:12:23.683","标准帧","数据帧","CAN","0x201","发送成功","4","00 00 80 3F"
"3326","11:12:23.683","标准帧","数据帧","CAN","0x0","接收成功","8","11 BD AB 84 08 14 21 1F"
"3327","11:12:23.683","标准帧","数据帧","CAN","0x201","发送成功","4","00 00 80 3F"
"3328","11:12:23.683","标准帧","数据帧","CAN","0x0","接收成功","8","11 BD AD 84 18 14 21 1F"
"3329","11:12:23.704","标准帧","数据帧","CAN","0x201","发送成功","4","00 00 80 3F"
"3330","11:12:23.704","标准帧","数据帧","CAN","0x0","接收成功","8","11 BD B2 84 48 14 21 1F"
"3331","11:12:23.704","标准帧","数据帧","CAN","0x201","发送成功","4","00 00 80 3F"
"3332","11:12:23.704","标准帧","数据帧","CAN","0x0","接收成功","8","11 BD B4 84 38 13 21 1F"
"3333","11:12:23.704","标准帧","数据帧","CAN","0x201","发送成功","4","00 00 80 3F"
"3334","11:12:23.704","标准帧","数据帧","CAN","0x0","接收成功","8","11 BD BA 84 28 12 21 1F"
"3335","11:12:23.715","标准帧","数据帧","CAN","0x201","发送成功","4","00 00 80 3F"
"3336","11:12:23.715","标准帧","数据帧","CAN","0x0","接收成功","8","11 BD C5 84 68 0F 21 1F"
"3337","11:12:23.715","标准帧","数据帧","CAN","0x201","发送成功","4","00 00 80 3F"
"3338","11:12:23.715","标准帧","数据帧","CAN","0x0","接收成功","8","11 BD D1 84 48 0D 21 1F"
"3339","11:12:23.715","标准帧","数据帧","CAN","0x201","发送成功","4","00 00 80 3F"
"3340","11:12:23.715","标准帧","数据帧","CAN","0x0","接收成功","8","11 BD D7 84 48 0E 21 1F"
"3341","11:12:23.715","标准帧","数据帧","CAN","0x201","发送成功","4","00 00 80 3F"
"3342","11:12:23.715","标准帧","数据帧","CAN","0x0","接收成功","8","11 BD DD 84 48 0F 21 1F"
"3343","11:12:23.715","标准帧","数据帧","CAN","0x201","发送成功","4","00 00 80 3F"
"3344","11:12:23.715","标准帧","数据帧","CAN","0x0","接收成功","8","11 BD E0 84 38 0F 21 1F"
"3345","11:12:23.715","标准帧","数据帧","CAN","0x201","发送成功","4","00 00 80 3F"
"3346","11:12:23.715","标准帧","数据帧","CAN","0x0","接收成功","8","11 BE 03 84 58 10 21 1F"
"3347","11:12:23.725","标准帧","数据帧","CAN","0x201","发送成功","4","00 00 80 3F"
"3348","11:12:23.725","标准帧","数据帧","CAN","0x0","接收成功","8","11 BE 04 84 68 0F 21 1F"
"3349","11:12:23.725","标准帧","数据帧","CAN","0x201","发送成功","4","00 00 80 3F"
"3350","11:12:23.725","标准帧","数据帧","CAN","0x0","接收成功","8","11 BE 0B 84 88 0D 21 1F"
"3351","11:12:23.725","标准帧","数据帧","CAN","0x201","发送成功","4","00 00 80 3F"
"3352","11:12:23.725","标准帧","数据帧","CAN","0x0","接收成功","8","11 BE 0F 84 78 0C 21 1F"
"3353","11:12:23.725","标准帧","数据帧","CAN","0x201","发送成功","4","00 00 80 3F"
"3354","11:12:23.725","标准帧","数据帧","CAN","0x0","接收成功","8","11 BE 17 84 48 0D 21 1F"
"3355","11:12:23.725","标准帧","数据帧","CAN","0x201","发送成功","4","00 00 80 3F"
"3356","11:12:23.725","标准帧","数据帧","CAN","0x0","接收成功","8","11 BE 1F 84 28 10 21 1F"
"3357","11:12:23.736","标准帧","数据帧","CAN","0x201","发送成功","4","00 00 80 3F"
"3358","11:12:23.736","标准帧","数据帧","CAN","0x0","接收成功","8","11 BE 23 84 28 10 21 1F"
"3359","11:12:23.736","标准帧","数据帧","CAN","0x201","发送成功","4","00 00 80 3F"
"3360","11:12:23.736","标准帧","数据帧","CAN","0x0","接收成功","8","11 BE 25 84 08 12 21 1F"
"3361","11:12:23.736","标准帧","数据帧","CAN","0x201","发送成功","4","00 00 80 3F"
"3362","11:12:23.736","标准帧","数据帧","CAN","0x0","接收成功","8","11 BE 27 84 08 12 21 1F"
"3363","11:12:23.736","标准帧","数据帧","CAN","0x201","发送成功","4","00 00 80 3F"
"3364","11:12:23.736","标准帧","数据帧","CAN","0x0","接收成功","8","11 BE 2B 84 08 14 21 1F"
"3365","11:12:23.736","标准帧","数据帧","CAN","0x201","发送成功","4","00 00 80 3F"
"3366","11:12:23.736","标准帧","数据帧","CAN","0x0","接收成功","8","11 BE 2E 84 08 14 21 1F"
"3367","11:12:23.736","标准帧","数据帧","CAN","0x201","发送成功","4","00 00 80 3F"
"3368","11:12:23.736","标准帧","数据帧","CAN","0x0","接收成功","8","11 BE 32 84 18 14 21 1F"
"3369","11:12:23.736","标准帧","数据帧","CAN","0x201","发送成功","4","00 00 80 3F"
"3370","11:12:23.736","标准帧","数据帧","CAN","0x0","接收成功","8","11 BE 33 84 18 14 21 1F"
"3371","11:12:23.736","标准帧","数据帧","CAN","0x201","发送成功","4","00 00 80 3F"
"3372","11:12:23.736","标准帧","数据帧","CAN","0x0","接收成功","8","11 BE 37 84 38 13 21 1F"
"3373","11:12:23.736","标准帧","数据帧","CAN","0x201","发送成功","4","00 00 80 3F"
"3374","11:12:23.747","标准帧","数据帧","CAN","0x0","接收成功","8","11 BE 3B 84 28 12 21 1F"
"3375","11:12:23.747","标准帧","数据帧","CAN","0x201","发送成功","4","00 00 80 3F"
"3376","11:12:23.747","标准帧","数据帧","CAN","0x0","接收成功","8","11 BE 43 84 58 10 21 1F"
"3377","11:12:23.747","标准帧","数据帧","CAN","0x201","发送成功","4","00 00 80 3F"
"3378","11:12:23.747","标准帧","数据帧","CAN","0x0","接收成功","8","11 BE 48 84 58 0F 21 1F"
"3379","11:12:23.747","标准帧","数据帧","CAN","0x201","发送成功","4","00 00 80 3F"
"3380","11:12:23.747","标准帧","数据帧","CAN","0x0","接收成功","8","11 BE 4A 84 58 0F 21 1F"
"3381","11:12:23.747","标准帧","数据帧","CAN","0x201","发送成功","4","00 00 80 3F"
"3382","11:12:23.747","标准帧","数据帧","CAN","0x0","接收成功","8","11 BE 50 84 68 0D 21 1F"
"3383","11:12:23.747","标准帧","数据帧","CAN","0x201","发送成功","4","00 00 80 3F"
"3384","11:12:23.747","标准帧","数据帧","CAN","0x0","接收成功","8","11 BE 54 84 68 0D 21 1F"
"3385","11:12:23.747","标准帧","数据帧","CAN","0x201","发送成功","4","00 00 80 3F"
"3386","11:12:23.747","标准帧","数据帧","CAN","0x0","接收成功","8","11 BE 58 84 58 0E 21 1F"
"3387","11:12:23.758","标准帧","数据帧","CAN","0x201","发送成功","4","00 00 80 3F"
"3388","11:12:23.758","标准帧","数据帧","CAN","0x0","接收成功","8","11 BE 5A 84 38 0E 21 1F"
"3389","11:12:23.758","标准帧","数据帧","CAN","0x201","发送成功","4","00 00 80 3F"
"3390","11:12:23.758","标准帧","数据帧","CAN","0x0","接收成功","8","11 BE 5F 84 48 0F 21 1F"
"3391","11:12:23.758","标准帧","数据帧","CAN","0x201","发送成功","4","00 00 80 3F"
"3392","11:12:23.758","标准帧","数据帧","CAN","0x0","接收成功","8","11 BE 62 84 08 10 21 1F"
"3393","11:12:23.758","标准帧","数据帧","CAN","0x201","发送成功","4","00 00 80 3F"
"3394","11:12:23.758","标准帧","数据帧","CAN","0x0","接收成功","8","11 BE 67 84 28 11 21 1F"
"3395","11:12:23.758","标准帧","数据帧","CAN","0x201","发送成功","4","00 00 80 3F"
"3396","11:12:23.758","标准帧","数据帧","CAN","0x0","接收成功","8","11 BE 68 84 28 11 21 1F"
"3397","11:12:23.758","标准帧","数据帧","CAN","0x201","发送成功","4","00 00 80 3F"
"3398","11:12:23.758","标准帧","数据帧","CAN","0x0","接收成功","8","11 BE 6C 84 38 11 21 1F"
"3399","11:12:23.758","标准帧","数据帧","CAN","0x201","发送成功","4","00 00 80 3F"
"3400","11:12:23.758","标准帧","数据帧","CAN","0x0","接收成功","8","11 BE 71 84 28 13 21 1F"
"3401","11:12:23.758","标准帧","数据帧","CAN","0x201","发送成功","4","00 00 80 3F"
"3402","11:12:23.769","标准帧","数据帧","CAN","0x0","接收成功","8","11 BE 76 84 18 12 21 1F"
"3403","11:12:23.769","标准帧","数据帧","CAN","0x201","发送成功","4","00 00 80 3F"
"3404","11:12:23.769","标准帧","数据帧","CAN","0x0","接收成功","8","11 BE 77 84 18 12 21 1F"
"3405","11:12:23.769","标准帧","数据帧","CAN","0x201","发送成功","4","00 00 80 3F"
"3406","11:12:23.769","标准帧","数据帧","CAN","0x0","接收成功","8","11 BE 7B 84 28 12 21 1F"
"3407","11:12:23.769","标准帧","数据帧","CAN","0x201","发送成功","4","00 00 80 3F"
"3408","11:12:23.769","标准帧","数据帧","CAN","0x0","接收成功","8","11 BE 7F 84 48 11 21 1F"
"3409","11:12:23.769","标准帧","数据帧","CAN","0x201","发送成功","4","00 00 80 3F"
"3410","11:12:23.769","标准帧","数据帧","CAN","0x0","接收成功","8","11 BE 86 84 58 10 21 1F"
"3411","11:12:23.769","标准帧","数据帧","CAN","0x201","发送成功","4","00 00 80 3F"
"3412","11:12:23.769","标准帧","数据帧","CAN","0x0","接收成功","8","11 BE 8C 84 48 10 21 1F"
"3413","11:12:23.769","标准帧","数据帧","CAN","0x201","发送成功","4","00 00 80 3F"
"3414","11:12:23.769","标准帧","数据帧","CAN","0x0","接收成功","8","11 BE 90 84 58 0F 21 1F"
"3415","11:12:23.779","标准帧","数据帧","CAN","0x201","发送成功","4","00 00 80 3F"
"3416","11:12:23.779","标准帧","数据帧","CAN","0x0","接收成功","8","11 BE 95 84 58 0E 21 1F"
"3417","11:12:23.779","标准帧","数据帧","CAN","0x201","发送成功","4","00 00 80 3F"
"3418","11:12:23.779","标准帧","数据帧","CAN","0x0","接收成功","8","11 BE 9F 84 38 10 21 1F"
"3419","11:12:23.779","标准帧","数据帧","CAN","0x201","发送成功","4","00 00 80 3F"
"3420","11:12:23.779","标准帧","数据帧","CAN","0x0","接收成功","8","11 BE A5 84 18 11 21 1F"
"3421","11:12:23.779","标准帧","数据帧","CAN","0x201","发送成功","4","00 00 80 3F"
"3422","11:12:23.779","标准帧","数据帧","CAN","0x0","接收成功","8","11 BE A6 84 38 12 21 1F"
"3423","11:12:23.779","标准帧","数据帧","CAN","0x201","发送成功","4","00 00 80 3F"
"3424","11:12:23.779","标准帧","数据帧","CAN","0x0","接收成功","8","11 BE AD 84 28 12 21 1F"
"3425","11:12:23.800","标准帧","数据帧","CAN","0x201","发送成功","4","00 00 80 3F"
"3426","11:12:23.800","标准帧","数据帧","CAN","0x0","接收成功","8","11 BE B1 84 38 13 21 1F"
"3427","11:12:23.800","标准帧","数据帧","CAN","0x201","发送成功","4","00 00 80 3F"
"3428","11:12:23.800","标准帧","数据帧","CAN","0x0","接收成功","8","11 BE B3 84 48 12 21 1F"
"3429","11:12:23.800","标准帧","数据帧","CAN","0x201","发送成功","4","00 00 80 3F"
"3430","11:12:23.800","标准帧","数据帧","CAN","0x0","接收成功","8","11 BE B9 84 28 12 21 1F"
"3431","11:12:23.800","标准帧","数据帧","CAN","0x201","发送成功","4","00 00 80 3F"
"3432","11:12:23.800","标准帧","数据帧","CAN","0x0","接收成功","8","11 BE BB 84 28 13 21 1F"
"3433","11:12:23.821","标准帧","数据帧","CAN","0x201","发送成功","4","00 00 80 3F"
"3434","11:12:23.821","标准帧","数据帧","CAN","0x0","接收成功","8","11 BE C2 84 38 12 21 1F"
"3435","11:12:23.821","标准帧","数据帧","CAN","0x201","发送成功","4","00 00 80 3F"
"3436","11:12:23.821","标准帧","数据帧","CAN","0x0","接收成功","8","11 BE CD 84 58 10 21 1F"
"3437","11:12:23.821","标准帧","数据帧","CAN","0x201","发送成功","4","00 00 80 3F"
"3438","11:12:23.821","标准帧","数据帧","CAN","0x0","接收成功","8","11 BE DB 84 48 0E 21 1F"
"3439","11:12:23.821","标准帧","数据帧","CAN","0x201","发送成功","4","00 00 80 3F"
"3440","11:12:23.821","标准帧","数据帧","CAN","0x0","接收成功","8","11 BE DE 84 58 0F 21 1F"
"3441","11:12:23.821","标准帧","数据帧","CAN","0x201","发送成功","4","00 00 80 3F"
"3442","11:12:23.821","标准帧","数据帧","CAN","0x0","接收成功","8","11 BE E4 84 48 0E 21 1F"
"3443","11:12:23.821","标准帧","数据帧","CAN","0x201","发送成功","4","00 00 80 3F"
"3444","11:12:23.821","标准帧","数据帧","CAN","0x0","接收成功","8","11 BE E6 84 48 0F 21 1F"
"3445","11:12:23.821","标准帧","数据帧","CAN","0x201","发送成功","4","00 00 80 3F"
"3446","11:12:23.821","标准帧","数据帧","CAN","0x0","接收成功","8","11 BF 0B 84 28 13 21 1F"
"3447","11:12:23.821","标准帧","数据帧","CAN","0x201","发送成功","4","00 00 80 3F"
"3448","11:12:23.821","标准帧","数据帧","CAN","0x0","接收成功","8","11 BF 0D 84 38 12 21 1F"
"3449","11:12:23.821","标准帧","数据帧","CAN","0x201","发送成功","4","00 00 80 3F"
"3450","11:12:23.821","标准帧","数据帧","CAN","0x0","接收成功","8","11 BF 13 84 48 12 21 1F"
"3451","11:12:23.843","标准帧","数据帧","CAN","0x201","发送成功","4","00 00 80 3F"
"3452","11:12:23.843","标准帧","数据帧","CAN","0x0","接收成功","8","11 BF 1B 84 48 10 21 1F"
"3453","11:12:23.843","标准帧","数据帧","CAN","0x201","发送成功","4","00 00 80 3F"
"3454","11:12:23.843","标准帧","数据帧","CAN","0x0","接收成功","8","11 BF 24 84 48 10 21 1F"
"3455","11:12:23.843","标准帧","数据帧","CAN","0x201","发送成功","4","00 00 80 3F"
"3456","11:12:23.843","标准帧","数据帧","CAN","0x0","接收成功","8","11 BF 27 84 58 0F 21 1F"
"3457","11:12:23.843","标准帧","数据帧","CAN","0x201","发送成功","4","00 00 80 3F"
"3458","11:12:23.843","标准帧","数据帧","CAN","0x0","接收成功","8","11 BF 2E 84 48 0F 21 1F"
"3459","11:12:23.843","标准帧","数据帧","CAN","0x201","发送成功","4","00 00 80 3F"
"3460","11:12:23.843","标准帧","数据帧","CAN","0x0","接收成功","8","11 BF 2F 84 48 0F 21 1F"
"3461","11:12:23.843","标准帧","数据帧","CAN","0x201","发送成功","4","00 00 80 3F"
"3462","11:12:23.843","标准帧","数据帧","CAN","0x0","接收成功","8","11 BF 34 84 38 0F 21 1F"
"3463","11:12:23.843","标准帧","数据帧","CAN","0x201","发送成功","4","00 00 80 3F"
"3464","11:12:23.843","标准帧","数据帧","CAN","0x0","接收成功","8","11 BF 37 84 28 10 21 1F"
"3465","11:12:23.843","标准帧","数据帧","CAN","0x201","发送成功","4","00 00 80 3F"
"3466","11:12:23.843","标准帧","数据帧","CAN","0x0","接收成功","8","11 BF 3B 84 18 10 21 1F"
"3467","11:12:23.843","标准帧","数据帧","CAN","0x201","发送成功","4","00 00 80 3F"
"3468","11:12:23.843","标准帧","数据帧","CAN","0x0","接收成功","8","11 BF 3C 84 18 10 21 1F"
"3469","11:12:23.843","标准帧","数据帧","CAN","0x201","发送成功","4","00 00 80 3F"
"3470","11:12:23.843","标准帧","数据帧","CAN","0x0","接收成功","8","11 BF 41 84 18 12 21 1F"
"3471","11:12:23.843","标准帧","数据帧","CAN","0x201","发送成功","4","00 00 80 3F"
"3472","11:12:23.843","标准帧","数据帧","CAN","0x0","接收成功","8","11 BF 42 84 18 12 21 1F"
"3473","11:12:23.843","标准帧","数据帧","CAN","0x201","发送成功","4","00 00 80 3F"
"3474","11:12:23.843","标准帧","数据帧","CAN","0x0","接收成功","8","11 BF 49 84 18 13 21 1F"
"3475","11:12:23.843","标准帧","数据帧","CAN","0x201","发送成功","4","00 00 80 3F"
"3476","11:12:23.843","标准帧","数据帧","CAN","0x0","接收成功","8","11 BF 4F 84 28 12 21 1F"
"3477","11:12:23.843","标准帧","数据帧","CAN","0x201","发送成功","4","00 00 80 3F"
"3478","11:12:23.843","标准帧","数据帧","CAN","0x0","接收成功","8","11 BF 53 84 38 11 21 1F"
"3479","11:12:23.843","标准帧","数据帧","CAN","0x201","发送成功","4","00 00 80 3F"
"3480","11:12:23.843","标准帧","数据帧","CAN","0x0","接收成功","8","11 BF 55 84 38 11 21 1F"
"3481","11:12:23.864","标准帧","数据帧","CAN","0x201","发送成功","4","00 00 80 3F"
"3482","11:12:23.864","标准帧","数据帧","CAN","0x0","接收成功","8","11 BF 5C 84 68 10 21 1F"
"3483","11:12:23.864","标准帧","数据帧","CAN","0x201","发送成功","4","00 00 80 3F"
"3484","11:12:23.864","标准帧","数据帧","CAN","0x0","接收成功","8","11 BF 61 84 78 0D 21 1F"
"3485","11:12:23.864","标准帧","数据帧","CAN","0x201","发送成功","4","00 00 80 3F"
"3486","11:12:23.864","标准帧","数据帧","CAN","0x0","接收成功","8","11 BF 64 84 68 0D 21 1F"
"3487","11:12:23.864","标准帧","数据帧","CAN","0x201","发送成功","4","00 00 80 3F"
"3488","11:12:23.864","标准帧","数据帧","CAN","0x0","接收成功","8","11 BF 6A 84 58 0D 21 1F"
"3489","11:12:23.864","标准帧","数据帧","CAN","0x201","发送成功","4","00 00 80 3F"
"3490","11:12:23.864","标准帧","数据帧","CAN","0x0","接收成功","8","11 BF 6B 84 58 0D 21 1F"
"3491","11:12:23.864","标准帧","数据帧","CAN","0x201","发送成功","4","00 00 80 3F"
"3492","11:12:23.864","标准帧","数据帧","CAN","0x0","接收成功","8","11 BF 71 84 58 0E 21 1F"
"3493","11:12:23.864","标准帧","数据帧","CAN","0x201","发送成功","4","00 00 80 3F"
"3494","11:12:23.864","标准帧","数据帧","CAN","0x0","接收成功","8","11 BF 75 84 38 0D 21 1F"
"3495","11:12:23.864","标准帧","数据帧","CAN","0x201","发送成功","4","00 00 80 3F"
"3496","11:12:23.864","标准帧","数据帧","CAN","0x0","接收成功","8","11 BF 7C 84 38 10 21 1F"
"3497","11:12:23.864","标准帧","数据帧","CAN","0x201","发送成功","4","00 00 80 3F"
"3498","11:12:23.864","标准帧","数据帧","CAN","0x0","接收成功","8","11 BF 80 84 08 12 21 1F"
"3499","11:12:23.864","标准帧","数据帧","CAN","0x201","发送成功","4","00 00 80 3F"
"3500","11:12:23.864","标准帧","数据帧","CAN","0x0","接收成功","8","11 BF 85 84 08 15 21 1F"
"3501","11:12:23.864","标准帧","数据帧","CAN","0x201","发送成功","4","00 00 80 3F"
"3502","11:12:23.864","标准帧","数据帧","CAN","0x0","接收成功","8","11 BF 8C 84 08 15 21 1F"
"3503","11:12:23.864","标准帧","数据帧","CAN","0x201","发送成功","4","00 00 80 3F"
"3504","11:12:23.864","标准帧","数据帧","CAN","0x0","接收成功","8","11 BF 90 84 38 16 21 1F"
"3505","11:12:23.875","标准帧","数据帧","CAN","0x201","发送成功","4","00 00 80 3F"
"3506","11:12:23.875","标准帧","数据帧","CAN","0x0","接收成功","8","11 BF 91 84 38 16 21 1F"
"3507","11:12:23.875","标准帧","数据帧","CAN","0x201","发送成功","4","00 00 80 3F"
"3508","11:12:23.875","标准帧","数据帧","CAN","0x0","接收成功","8","11 BF 97 84 38 14 21 1F"
"3509","11:12:23.875","标准帧","数据帧","CAN","0x201","发送成功","4","00 00 80 3F"
"3510","11:12:23.875","标准帧","数据帧","CAN","0x0","接收成功","8","11 BF 9D 84 58 10 21 1F"
"3511","11:12:23.875","标准帧","数据帧","CAN","0x201","发送成功","4","00 00 80 3F"
"3512","11:12:23.875","标准帧","数据帧","CAN","0x0","接收成功","8","11 BF A4 84 88 0F 21 1F"
"3513","11:12:23.875","标准帧","数据帧","CAN","0x201","发送成功","4","00 00 80 3F"
"3514","11:12:23.875","标准帧","数据帧","CAN","0x0","接收成功","8","11 BF A9 84 68 0D 21 1F"
"3515","11:12:23.886","标准帧","数据帧","CAN","0x201","发送成功","4","00 00 80 3F"
"3516","11:12:23.886","标准帧","数据帧","CAN","0x0","接收成功","8","11 BF AE 84 58 0E 21 1F"
"3517","11:12:23.886","标准帧","数据帧","CAN","0x201","发送成功","4","00 00 80 3F"
"3518","11:12:23.886","标准帧","数据帧","CAN","0x0","接收成功","8","11 BF B3 84 58 0D 21 1F"
"3519","11:12:23.886","标准帧","数据帧","CAN","0x201","发送成功","4","00 00 80 3F"
"3520","11:12:23.886","标准帧","数据帧","CAN","0x0","接收成功","8","11 BF B6 84 58 0D 21 1F"
"3521","11:12:23.886","标准帧","数据帧","CAN","0x201","发送成功","4","00 00 80 3F"
"3522","11:12:23.886","标准帧","数据帧","CAN","0x0","接收成功","8","11 BF BC 84 18 10 21 1F"
"3523","11:12:23.886","标准帧","数据帧","CAN","0x201","发送成功","4","00 00 80 3F"
"3524","11:12:23.886","标准帧","数据帧","CAN","0x0","接收成功","8","11 BF C1 84 18 11 21 1F"
"3525","11:12:23.897","标准帧","数据帧","CAN","0x201","发送成功","4","00 00 80 3F"
"3526","11:12:23.897","标准帧","数据帧","CAN","0x0","接收成功","8","11 BF C6 84 18 12 21 1F"
"3527","11:12:23.897","标准帧","数据帧","CAN","0x201","发送成功","4","00 00 80 3F"
"3528","11:12:23.897","标准帧","数据帧","CAN","0x0","接收成功","8","11 BF D1 84 28 13 21 1F"
"3529","11:12:23.897","标准帧","数据帧","CAN","0x201","发送成功","4","00 00 80 3F"
"3530","11:12:23.897","标准帧","数据帧","CAN","0x0","接收成功","8","11 BF E1 84 68 10 21 1F"
"3531","11:12:23.918","标准帧","数据帧","CAN","0x201","发送成功","4","00 00 80 3F"
"3532","11:12:23.918","标准帧","数据帧","CAN","0x0","接收成功","8","11 BF E5 84 68 0E 21 1F"
"3533","11:12:23.918","标准帧","数据帧","CAN","0x201","发送成功","4","00 00 80 3F"
"3534","11:12:23.918","标准帧","数据帧","CAN","0x0","接收成功","8","11 BF EA 84 78 0D 21 1F"
"3535","11:12:23.918","标准帧","数据帧","CAN","0x201","发送成功","4","00 00 80 3F"
"3536","11:12:23.918","标准帧","数据帧","CAN","0x0","接收成功","8","11 BF EB 84 78 0D 21 1F"
"3537","11:12:23.918","标准帧","数据帧","CAN","0x201","发送成功","4","00 00 80 3F"
"3538","11:12:23.918","标准帧","数据帧","CAN","0x0","接收成功","8","11 C0 0B 83 F8 14 21 1F"
"3539","11:12:23.918","标准帧","数据帧","CAN","0x201","发送成功","4","00 00 80 3F"
"3540","11:12:23.918","标准帧","数据帧","CAN","0x0","接收成功","8","11 C0 11 84 18 15 21 1F"
"3541","11:12:23.918","标准帧","数据帧","CAN","0x201","发送成功","4","00 00 80 3F"
"3542","11:12:23.918","标准帧","数据帧","CAN","0x0","接收成功","8","11 C0 11 84 18 15 21 1F"
"3543","11:12:23.918","标准帧","数据帧","CAN","0x201","发送成功","4","00 00 80 3F"
"3544","11:12:23.918","标准帧","数据帧","CAN","0x0","接收成功","8","11 C0 18 84 28 13 21 1F"
"3545","11:12:23.918","标准帧","数据帧","CAN","0x201","发送成功","4","00 00 80 3F"
"3546","11:12:23.928","标准帧","数据帧","CAN","0x0","接收成功","8","11 C0 1B 84 48 13 21 1F"
"3547","11:12:23.928","标准帧","数据帧","CAN","0x201","发送成功","4","00 00 80 3F"
"3548","11:12:23.928","标准帧","数据帧","CAN","0x0","接收成功","8","11 C0 1C 84 48 13 21 1F"
"3549","11:12:23.928","标准帧","数据帧","CAN","0x201","发送成功","4","00 00 80 3F"
"3550","11:12:23.928","标准帧","数据帧","CAN","0x0","接收成功","8","11 C0 21 84 58 11 21 1F"
"3551","11:12:23.928","标准帧","数据帧","CAN","0x201","发送成功","4","00 00 80 3F"
"3552","11:12:23.928","标准帧","数据帧","CAN","0x0","接收成功","8","11 C0 26 84 58 10 21 1F"
"3553","11:12:23.928","标准帧","数据帧","CAN","0x201","发送成功","4","00 00 80 3F"
"3554","11:12:23.928","标准帧","数据帧","CAN","0x0","接收成功","8","11 C0 2B 84 68 0F 21 1F"
"3555","11:12:23.928","标准帧","数据帧","CAN","0x201","发送成功","4","00 00 80 3F"
"3556","11:12:23.928","标准帧","数据帧","CAN","0x0","接收成功","8","11 C0 2E 84 88 0E 21 1F"
"3557","11:12:23.928","标准帧","数据帧","CAN","0x201","发送成功","4","00 00 80 3F"
"3558","11:12:23.928","标准帧","数据帧","CAN","0x0","接收成功","8","11 C0 33 84 58 0E 21 1F"
"3559","11:12:23.939","标准帧","数据帧","CAN","0x201","发送成功","4","00 00 80 3F"
"3560","11:12:23.939","标准帧","数据帧","CAN","0x0","接收成功","8","11 C0 36 84 48 0E 21 1F"
"3561","11:12:23.939","标准帧","数据帧","CAN","0x201","发送成功","4","00 00 80 3F"
"3562","11:12:23.939","标准帧","数据帧","CAN","0x0","接收成功","8","11 C0 3D 84 48 0E 21 1F"
"3563","11:12:23.939","标准帧","数据帧","CAN","0x201","发送成功","4","00 00 80 3F"
"3564","11:12:23.939","标准帧","数据帧","CAN","0x0","接收成功","8","11 C0 44 84 18 10 21 1F"
"3565","11:12:23.939","标准帧","数据帧","CAN","0x201","发送成功","4","00 00 80 3F"
"3566","11:12:23.939","标准帧","数据帧","CAN","0x0","接收成功","8","11 C0 49 84 38 11 21 1F"
"3567","11:12:23.939","标准帧","数据帧","CAN","0x201","发送成功","4","00 00 80 3F"
"3568","11:12:23.939","标准帧","数据帧","CAN","0x0","接收成功","8","11 C0 4B 84 28 11 21 1F"
"3569","11:12:23.939","标准帧","数据帧","CAN","0x201","发送成功","4","00 00 80 3F"
"3570","11:12:23.939","标准帧","数据帧","CAN","0x0","接收成功","8","11 C0 4F 84 18 12 21 1F"
"3571","11:12:23.949","标准帧","数据帧","CAN","0x201","发送成功","4","00 00 80 3F"
"3572","11:12:23.949","标准帧","数据帧","CAN","0x0","接收成功","8","11 C0 56 84 28 12 21 1F"
"3573","11:12:23.949","标准帧","数据帧","CAN","0x201","发送成功","4","00 00 80 3F"
"3574","11:12:23.949","标准帧","数据帧","CAN","0x0","接收成功","8","11 C0 5B 84 58 12 21 1F"
"3575","11:12:23.949","标准帧","数据帧","CAN","0x201","发送成功","4","00 00 80 3F"
"3576","11:12:23.949","标准帧","数据帧","CAN","0x0","接收成功","8","11 C0 64 84 48 11 21 1F"
"3577","11:12:23.949","标准帧","数据帧","CAN","0x201","发送成功","4","00 00 80 3F"
"3578","11:12:23.949","标准帧","数据帧","CAN","0x0","接收成功","8","11 C0 6A 84 38 0F 21 1F"
"3579","11:12:23.949","标准帧","数据帧","CAN","0x201","发送成功","4","00 00 80 3F"
"3580","11:12:23.949","标准帧","数据帧","CAN","0x0","接收成功","8","11 C0 6A 84 38 0F 21 1F"
"3581","11:12:23.949","标准帧","数据帧","CAN","0x201","发送成功","4","00 00 80 3F"
"3582","11:12:23.949","标准帧","数据帧","CAN","0x0","接收成功","8","11 C0 6F 84 38 10 21 1F"
"3583","11:12:23.961","标准帧","数据帧","CAN","0x201","发送成功","4","00 00 80 3F"
"3584","11:12:23.961","标准帧","数据帧","CAN","0x0","接收成功","8","11 C0 72 84 48 10 21 1F"
"3585","11:12:23.961","标准帧","数据帧","CAN","0x201","发送成功","4","00 00 80 3F"
"3586","11:12:23.961","标准帧","数据帧","CAN","0x0","接收成功","8","11 C0 77 84 48 0F 21 1F"
"3587","11:12:23.961","标准帧","数据帧","CAN","0x201","发送成功","4","00 00 80 3F"
"3588","11:12:23.961","标准帧","数据帧","CAN","0x0","接收成功","8","11 C0 78 84 48 0F 21 1F"
"3589","11:12:23.961","标准帧","数据帧","CAN","0x201","发送成功","4","00 00 80 3F"
"3590","11:12:23.961","标准帧","数据帧","CAN","0x0","接收成功","8","11 C0 80 84 38 10 21 1F"
"3591","11:12:23.961","标准帧","数据帧","CAN","0x201","发送成功","4","00 00 80 3F"
"3592","11:12:23.961","标准帧","数据帧","CAN","0x0","接收成功","8","11 C0 81 84 48 11 21 1F"
"3593","11:12:23.961","标准帧","数据帧","CAN","0x201","发送成功","4","00 00 80 3F"
"3594","11:12:23.961","标准帧","数据帧","CAN","0x0","接收成功","8","11 C0 88 84 38 11 21 1F"
"3595","11:12:23.961","标准帧","数据帧","CAN","0x201","发送成功","4","00 00 80 3F"
"3596","11:12:23.961","标准帧","数据帧","CAN","0x0","接收成功","8","11 C0 8C 84 28 11 21 1F"
"3597","11:12:23.971","标准帧","数据帧","CAN","0x201","发送成功","4","00 00 80 3F"
"3598","11:12:23.971","标准帧","数据帧","CAN","0x0","接收成功","8","11 C0 8D 84 28 11 21 1F"
"3599","11:12:23.971","标准帧","数据帧","CAN","0x201","发送成功","4","00 00 80 3F"
"3600","11:12:23.971","标准帧","数据帧","CAN","0x0","接收成功","8","11 C0 93 84 38 12 21 1F"
"3601","11:12:23.971","标准帧","数据帧","CAN","0x201","发送成功","4","00 00 80 3F"
"3602","11:12:23.971","标准帧","数据帧","CAN","0x0","接收成功","8","11 C0 94 84 28 12 21 1F"
"3603","11:12:23.971","标准帧","数据帧","CAN","0x201","发送成功","4","00 00 80 3F"
"3604","11:12:23.971","标准帧","数据帧","CAN","0x0","接收成功","8","11 C0 99 84 28 12 21 1F"
"3605","11:12:23.971","标准帧","数据帧","CAN","0x201","发送成功","4","00 00 80 3F"
"3606","11:12:23.971","标准帧","数据帧","CAN","0x0","接收成功","8","11 C0 9A 84 28 12 21 1F"
"3607","11:12:23.971","标准帧","数据帧","CAN","0x201","发送成功","4","00 00 80 3F"
"3608","11:12:23.971","标准帧","数据帧","CAN","0x0","接收成功","8","11 C0 9F 84 28 12 21 1F"
"3609","11:12:23.971","标准帧","数据帧","CAN","0x201","发送成功","4","00 00 80 3F"
"3610","11:12:23.971","标准帧","数据帧","CAN","0x0","接收成功","8","11 C0 A4 84 28 12 21 1F"
"3611","11:12:23.982","标准帧","数据帧","CAN","0x201","发送成功","4","00 00 80 3F"
"3612","11:12:23.982","标准帧","数据帧","CAN","0x0","接收成功","8","11 C0 AB 84 48 11 21 1F"
"3613","11:12:23.982","标准帧","数据帧","CAN","0x201","发送成功","4","00 00 80 3F"
"3614","11:12:23.982","标准帧","数据帧","CAN","0x0","接收成功","8","11 C0 AF 84 48 10 21 1F"
"3615","11:12:23.982","标准帧","数据帧","CAN","0x201","发送成功","4","00 00 80 3F"
"3616","11:12:23.982","标准帧","数据帧","CAN","0x0","接收成功","8","11 C0 B6 84 58 0F 21 1F"
"3617","11:12:23.982","标准帧","数据帧","CAN","0x201","发送成功","4","00 00 80 3F"
"3618","11:12:23.982","标准帧","数据帧","CAN","0x0","接收成功","8","11 C0 B8 84 58 0F 21 1F"
"3619","11:12:23.982","标准帧","数据帧","CAN","0x201","发送成功","4","00 00 80 3F"
"3620","11:12:23.982","标准帧","数据帧","CAN","0x0","接收成功","8","11 C0 BB 84 68 0E 21 1F"
"3621","11:12:23.982","标准帧","数据帧","CAN","0x201","发送成功","4","00 00 80 3F"
"3622","11:12:23.982","标准帧","数据帧","CAN","0x0","接收成功","8","11 C0 BC 84 68 0E 21 1F"
"3623","11:12:23.982","标准帧","数据帧","CAN","0x201","发送成功","4","00 00 80 3F"
"3624","11:12:23.982","标准帧","数据帧","CAN","0x0","接收成功","8","11 C0 C2 84 58 0E 21 1F"
"3625","11:12:24.003","标准帧","数据帧","CAN","0x201","发送成功","4","00 00 80 3F"
"3626","11:12:24.003","标准帧","数据帧","CAN","0x0","接收成功","8","11 C0 C6 84 48 0E 21 1F"
"3627","11:12:24.003","标准帧","数据帧","CAN","0x201","发送成功","4","00 00 80 3F"
"3628","11:12:24.003","标准帧","数据帧","CAN","0x0","接收成功","8","11 C0 C8 84 48 0F 21 1F"
"3629","11:12:24.003","标准帧","数据帧","CAN","0x201","发送成功","4","00 00 80 3F"
"3630","11:12:24.003","标准帧","数据帧","CAN","0x0","接收成功","8","11 C0 CC 84 38 0E 21 1F"
"3631","11:12:24.003","标准帧","数据帧","CAN","0x201","发送成功","4","00 00 80 3F"
"3632","11:12:24.003","标准帧","数据帧","CAN","0x0","接收成功","8","11 C0 CD 84 38 0E 21 1F"
"3633","11:12:24.013","标准帧","数据帧","CAN","0x201","发送成功","4","00 00 80 3F"
"3634","11:12:24.013","标准帧","数据帧","CAN","0x0","接收成功","8","11 C0 DB 84 28 12 21 1F"
"3635","11:12:24.013","标准帧","数据帧","CAN","0x201","发送成功","4","00 00 80 3F"
"3636","11:12:24.013","标准帧","数据帧","CAN","0x0","接收成功","8","11 C0 E9 84 28 14 21 1F"
"3637","11:12:24.013","标准帧","数据帧","CAN","0x201","发送成功","4","00 00 80 3F"
"3638","11:12:24.013","标准帧","数据帧","CAN","0x0","接收成功","8","11 C0 EC 84 38 12 21 1F"
"3639","11:12:24.013","标准帧","数据帧","CAN","0x201","发送成功","4","00 00 80 3F"
"3640","11:12:24.013","标准帧","数据帧","CAN","0x0","接收成功","8","11 C0 F0 84 38 13 21 1F"
"3641","11:12:24.013","标准帧","数据帧","CAN","0x201","发送成功","4","00 00 80 3F"
"3642","11:12:24.013","标准帧","数据帧","CAN","0x0","接收成功","8","11 C1 13 84 38 0F 21 1F"
"3643","11:12:24.024","标准帧","数据帧","CAN","0x201","发送成功","4","00 00 80 3F"
"3644","11:12:24.024","标准帧","数据帧","CAN","0x0","接收成功","8","11 C1 17 84 18 10 21 1F"
"3645","11:12:24.024","标准帧","数据帧","CAN","0x201","发送成功","4","00 00 80 3F"
"3646","11:12:24.024","标准帧","数据帧","CAN","0x0","接收成功","8","11 C1 1C 84 18 12 21 1F"
"3647","11:12:24.024","标准帧","数据帧","CAN","0x201","发送成功","4","00 00 80 3F"
"3648","11:12:24.024","标准帧","数据帧","CAN","0x0","接收成功","8","11 C1 1D 84 18 12 21 1F"
"3649","11:12:24.024","标准帧","数据帧","CAN","0x201","发送成功","4","00 00 80 3F"
"3650","11:12:24.024","标准帧","数据帧","CAN","0x0","接收成功","8","11 C1 23 84 18 13 21 1F"
"3651","11:12:24.024","标准帧","数据帧","CAN","0x201","发送成功","4","00 00 80 3F"
"3652","11:12:24.024","标准帧","数据帧","CAN","0x0","接收成功","8","11 C1 24 84 08 13 21 1F"
"3653","11:12:24.024","标准帧","数据帧","CAN","0x201","发送成功","4","00 00 80 3F"
"3654","11:12:24.024","标准帧","数据帧","CAN","0x0","接收成功","8","11 C1 27 84 28 13 21 1F"
"3655","11:12:24.024","标准帧","数据帧","CAN","0x201","发送成功","4","00 00 80 3F"
"3656","11:12:24.024","标准帧","数据帧","CAN","0x0","接收成功","8","11 C1 2D 84 28 11 21 1F"
"3657","11:12:24.024","标准帧","数据帧","CAN","0x201","发送成功","4","00 00 80 3F"
"3658","11:12:24.024","标准帧","数据帧","CAN","0x0","接收成功","8","11 C1 2F 84 28 11 21 1F"
"3659","11:12:24.034","标准帧","数据帧","CAN","0x201","发送成功","4","00 00 80 3F"
"3660","11:12:24.034","标准帧","数据帧","CAN","0x0","接收成功","8","11 C1 33 84 58 11 21 1F"
"3661","11:12:24.034","标准帧","数据帧","CAN","0x201","发送成功","4","00 00 80 3F"
"3662","11:12:24.034","标准帧","数据帧","CAN","0x0","接收成功","8","11 C1 38 84 58 10 21 1F"
"3663","11:12:24.034","标准帧","数据帧","CAN","0x201","发送成功","4","00 00 80 3F"
"3664","11:12:24.034","标准帧","数据帧","CAN","0x0","接收成功","8","11 C1 3C 84 58 0F 21 1F"
"3665","11:12:24.034","标准帧","数据帧","CAN","0x201","发送成功","4","00 00 80 3F"
"3666","11:12:24.034","标准帧","数据帧","CAN","0x0","接收成功","8","11 C1 41 84 78 0E 21 1F"
"3667","11:12:24.034","标准帧","数据帧","CAN","0x201","发送成功","4","00 00 80 3F"
"3668","11:12:24.034","标准帧","数据帧","CAN","0x0","接收成功","8","11 C1 42 84 78 0E 21 1F"
"3669","11:12:24.034","标准帧","数据帧","CAN","0x201","发送成功","4","00 00 80 3F"
"3670","11:12:24.034","标准帧","数据帧","CAN","0x0","接收成功","8","11 C1 46 84 68 0D 21 1F"
"3671","11:12:24.034","标准帧","数据帧","CAN","0x201","发送成功","4","00 00 80 3F"
"3672","11:12:24.034","标准帧","数据帧","CAN","0x0","接收成功","8","11 C1 47 84 68 0D 21 1F"
"3673","11:12:24.034","标准帧","数据帧","CAN","0x201","发送成功","4","00 00 80 3F"
"3674","11:12:24.034","标准帧","数据帧","CAN","0x0","接收成功","8","11 C1 4B 84 48 0E 21 1F"
"3675","11:12:24.056","标准帧","数据帧","CAN","0x201","发送成功","4","00 00 80 3F"
"3676","11:12:24.056","标准帧","数据帧","CAN","0x0","接收成功","8","11 C1 4E 84 38 0E 21 1F"
"3677","11:12:24.056","标准帧","数据帧","CAN","0x201","发送成功","4","00 00 80 3F"
"3678","11:12:24.056","标准帧","数据帧","CAN","0x0","接收成功","8","11 C1 53 84 28 10 21 1F"
"3679","11:12:24.056","标准帧","数据帧","CAN","0x201","发送成功","4","00 00 80 3F"
"3680","11:12:24.056","标准帧","数据帧","CAN","0x0","接收成功","8","11 C1 58 84 18 11 21 1F"
"3681","11:12:24.056","标准帧","数据帧","CAN","0x201","发送成功","4","00 00 80 3F"
"3682","11:12:24.056","标准帧","数据帧","CAN","0x0","接收成功","8","11 C1 5F 84 18 13 21 1F"
"3683","11:12:24.056","标准帧","数据帧","CAN","0x201","发送成功","4","00 00 80 3F"
"3684","11:12:24.056","标准帧","数据帧","CAN","0x0","接收成功","8","11 C1 63 84 18 14 21 1F"
"3685","11:12:24.056","标准帧","数据帧","CAN","0x201","发送成功","4","00 00 80 3F"
"3686","11:12:24.056","标准帧","数据帧","CAN","0x0","接收成功","8","11 C1 64 84 18 14 21 1F"
"3687","11:12:24.056","标准帧","数据帧","CAN","0x201","发送成功","4","00 00 80 3F"
"3688","11:12:24.056","标准帧","数据帧","CAN","0x0","接收成功","8","11 C1 67 84 28 15 21 1F"
"3689","11:12:24.056","标准帧","数据帧","CAN","0x201","发送成功","4","00 00 80 3F"
"3690","11:12:24.056","标准帧","数据帧","CAN","0x0","接收成功","8","11 C1 6D 84 28 15 21 1F"
"3691","11:12:24.056","标准帧","数据帧","CAN","0x201","发送成功","4","00 00 80 3F"
"3692","11:12:24.056","标准帧","数据帧","CAN","0x0","接收成功","8","11 C1 71 84 38 15 21 1F"
"3693","11:12:24.056","标准帧","数据帧","CAN","0x201","发送成功","4","00 00 80 3F"
"3694","11:12:24.056","标准帧","数据帧","CAN","0x0","接收成功","8","11 C1 75 84 58 13 21 1F"
"3695","11:12:24.056","标准帧","数据帧","CAN","0x201","发送成功","4","00 00 80 3F"
"3696","11:12:24.056","标准帧","数据帧","CAN","0x0","接收成功","8","11 C1 7B 84 58 10 21 1F"
"3697","11:12:24.056","标准帧","数据帧","CAN","0x201","发送成功","4","00 00 80 3F"
"3698","11:12:24.056","标准帧","数据帧","CAN","0x0","接收成功","8","11 C1 7F 84 58 0F 21 1F"
"3699","11:12:24.056","标准帧","数据帧","CAN","0x201","发送成功","4","00 00 80 3F"
"3700","11:12:24.056","标准帧","数据帧","CAN","0x0","接收成功","8","11 C1 7F 84 58 0F 21 1F"
"3701","11:12:24.056","标准帧","数据帧","CAN","0x201","发送成功","4","00 00 80 3F"
"3702","11:12:24.056","标准帧","数据帧","CAN","0x0","接收成功","8","11 C1 85 84 68 0E 21 1F"
"3703","11:12:24.056","标准帧","数据帧","CAN","0x201","发送成功","4","00 00 80 3F"
"3704","11:12:24.056","标准帧","数据帧","CAN","0x0","接收成功","8","11 C1 85 84 68 0D 21 1F"
"3705","11:12:24.066","标准帧","数据帧","CAN","0x201","发送成功","4","00 00 80 3F"
"3706","11:12:24.066","标准帧","数据帧","CAN","0x0","接收成功","8","11 C1 8B 84 58 0D 21 1F"
"3707","11:12:24.066","标准帧","数据帧","CAN","0x201","发送成功","4","00 00 80 3F"
"3708","11:12:24.066","标准帧","数据帧","CAN","0x0","接收成功","8","11 C1 8D 84 48 0D 21 1F"
"3709","11:12:24.066","标准帧","数据帧","CAN","0x201","发送成功","4","00 00 80 3F"
"3710","11:12:24.066","标准帧","数据帧","CAN","0x0","接收成功","8","11 C1 8E 84 48 0D 21 1F"
"3711","11:12:24.066","标准帧","数据帧","CAN","0x201","发送成功","4","00 00 80 3F"
"3712","11:12:24.066","标准帧","数据帧","CAN","0x0","接收成功","8","11 C1 95 84 28 10 21 1F"
"3713","11:12:24.066","标准帧","数据帧","CAN","0x201","发送成功","4","00 00 80 3F"
"3714","11:12:24.066","标准帧","数据帧","CAN","0x0","接收成功","8","11 C1 99 84 18 10 21 1F"
"3715","11:12:24.066","标准帧","数据帧","CAN","0x201","发送成功","4","00 00 80 3F"
"3716","11:12:24.066","标准帧","数据帧","CAN","0x0","接收成功","8","11 C1 9D 84 28 10 21 1F"
"3717","11:12:24.066","标准帧","数据帧","CAN","0x201","发送成功","4","00 00 80 3F"
"3718","11:12:24.066","标准帧","数据帧","CAN","0x0","接收成功","8","11 C1 A1 84 18 11 21 1F"
"3719","11:12:24.087","标准帧","数据帧","CAN","0x201","发送成功","4","00 00 80 3F"
"3720","11:12:24.087","标准帧","数据帧","CAN","0x0","接收成功","8","11 C1 A4 84 18 11 21 1F"
"3721","11:12:24.087","标准帧","数据帧","CAN","0x201","发送成功","4","00 00 80 3F"
"3722","11:12:24.087","标准帧","数据帧","CAN","0x0","接收成功","8","11 C1 A8 84 28 12 21 1F"
"3723","11:12:24.087","标准帧","数据帧","CAN","0x201","发送成功","4","00 00 80 3F"
"3724","11:12:24.087","标准帧","数据帧","CAN","0x0","接收成功","8","11 C1 AE 84 28 13 21 1F"
"3725","11:12:24.087","标准帧","数据帧","CAN","0x201","发送成功","4","00 00 80 3F"
"3726","11:12:24.087","标准帧","数据帧","CAN","0x0","接收成功","8","11 C1 AF 84 28 13 21 1F"
"3727","11:12:24.087","标准帧","数据帧","CAN","0x201","发送成功","4","00 00 80 3F"
"3728","11:12:24.087","标准帧","数据帧","CAN","0x0","接收成功","8","11 C1 B2 84 28 12 21 1F"
"3729","11:12:24.087","标准帧","数据帧","CAN","0x201","发送成功","4","00 00 80 3F"
"3730","11:12:24.087","标准帧","数据帧","CAN","0x0","接收成功","8","11 C1 B6 84 58 11 21 1F"
"3731","11:12:24.087","标准帧","数据帧","CAN","0x201","发送成功","4","00 00 80 3F"
"3732","11:12:24.087","标准帧","数据帧","CAN","0x0","接收成功","8","11 C1 BA 84 48 10 21 1F"
"3733","11:12:24.087","标准帧","数据帧","CAN","0x201","发送成功","4","00 00 80 3F"
"3734","11:12:24.087","标准帧","数据帧","CAN","0x0","接收成功","8","11 C1 BD 84 58 10 21 1F"
"3735","11:12:24.098","标准帧","数据帧","CAN","0x201","发送成功","4","00 00 80 3F"
"3736","11:12:24.098","标准帧","数据帧","CAN","0x0","接收成功","8","11 C1 C0 84 58 10 21 1F"
"3737","11:12:24.098","标准帧","数据帧","CAN","0x201","发送成功","4","00 00 80 3F"
"3738","11:12:24.098","标准帧","数据帧","CAN","0x0","接收成功","8","11 C1 C5 84 68 0F 21 1F"
"3739","11:12:24.098","标准帧","数据帧","CAN","0x201","发送成功","4","00 00 80 3F"
"3740","11:12:24.098","标准帧","数据帧","CAN","0x0","接收成功","8","11 C1 C9 84 58 0F 21 1F"
"3741","11:12:24.098","标准帧","数据帧","CAN","0x201","发送成功","4","00 00 80 3F"
"3742","11:12:24.098","标准帧","数据帧","CAN","0x0","接收成功","8","11 C1 CC 84 48 0F 21 1F"
"3743","11:12:24.098","标准帧","数据帧","CAN","0x201","发送成功","4","00 00 80 3F"
"3744","11:12:24.098","标准帧","数据帧","CAN","0x0","接收成功","8","11 C1 CF 84 38 0F 21 1F"
"3745","11:12:24.098","标准帧","数据帧","CAN","0x201","发送成功","4","00 00 80 3F"
"3746","11:12:24.098","标准帧","数据帧","CAN","0x0","接收成功","8","11 C1 D3 84 38 10 21 1F"
"3747","11:12:24.098","标准帧","数据帧","CAN","0x201","发送成功","4","00 00 80 3F"
"3748","11:12:24.098","标准帧","数据帧","CAN","0x0","接收成功","8","11 C1 D6 84 48 11 21 1F"
"3749","11:12:24.108","标准帧","数据帧","CAN","0x201","发送成功","4","00 00 80 3F"
"3750","11:12:24.108","标准帧","数据帧","CAN","0x0","接收成功","8","11 C1 DA 84 18 11 21 1F"
"3751","11:12:24.108","标准帧","数据帧","CAN","0x201","发送成功","4","00 00 80 3F"
"3752","11:12:24.108","标准帧","数据帧","CAN","0x0","接收成功","8","11 C1 E1 84 18 13 21 1F"
"3753","11:12:24.108","标准帧","数据帧","CAN","0x201","发送成功","4","00 00 80 3F"
"3754","11:12:24.108","标准帧","数据帧","CAN","0x0","接收成功","8","11 C1 F0 84 38 13 21 1F"
"3755","11:12:24.108","标准帧","数据帧","CAN","0x201","发送成功","4","00 00 80 3F"
"3756","11:12:24.108","标准帧","数据帧","CAN","0x0","接收成功","8","11 C1 F1 84 38 13 21 1F"
"3757","11:12:24.119","标准帧","数据帧","CAN","0x201","发送成功","4","00 00 80 3F"
"3758","11:12:24.119","标准帧","数据帧","CAN","0x0","接收成功","8","11 C1 F5 84 48 13 21 1F"
"3759","11:12:24.130","标准帧","数据帧","CAN","0x201","发送成功","4","00 00 80 3F"
"3760","11:12:24.130","标准帧","数据帧","CAN","0x0","接收成功","8","11 C2 17 84 58 0F 21 1F"
"3761","11:12:24.130","标准帧","数据帧","CAN","0x201","发送成功","4","00 00 80 3F"
"3762","11:12:24.130","标准帧","数据帧","CAN","0x0","接收成功","8","11 C2 1D 84 38 0F 21 1F"
"3763","11:12:24.130","标准帧","数据帧","CAN","0x201","发送成功","4","00 00 80 3F"
"3764","11:12:24.130","标准帧","数据帧","CAN","0x0","接收成功","8","11 C2 1E 84 38 0F 21 1F"
"3765","11:12:24.130","标准帧","数据帧","CAN","0x201","发送成功","4","00 00 80 3F"
"3766","11:12:24.130","标准帧","数据帧","CAN","0x0","接收成功","8","11 C2 23 84 48 0F 21 1F"
"3767","11:12:24.130","标准帧","数据帧","CAN","0x201","发送成功","4","00 00 80 3F"
"3768","11:12:24.130","标准帧","数据帧","CAN","0x0","接收成功","8","11 C2 26 84 48 0F 21 1F"
"3769","11:12:24.130","标准帧","数据帧","CAN","0x201","发送成功","4","00 00 80 3F"
"3770","11:12:24.130","标准帧","数据帧","CAN","0x0","接收成功","8","11 C2 2A 84 48 10 21 1F"
"3771","11:12:24.130","标准帧","数据帧","CAN","0x201","发送成功","4","00 00 80 3F"
"3772","11:12:24.130","标准帧","数据帧","CAN","0x0","接收成功","8","11 C2 2D 84 38 10 21 1F"
"3773","11:12:24.130","标准帧","数据帧","CAN","0x201","发送成功","4","00 00 80 3F"
"3774","11:12:24.140","标准帧","数据帧","CAN","0x0","接收成功","8","11 C2 32 84 38 11 21 1F"
"3775","11:12:24.140","标准帧","数据帧","CAN","0x201","发送成功","4","00 00 80 3F"
"3776","11:12:24.140","标准帧","数据帧","CAN","0x0","接收成功","8","11 C2 32 84 38 11 21 1F"
"3777","11:12:24.140","标准帧","数据帧","CAN","0x201","发送成功","4","00 00 80 3F"
"3778","11:12:24.140","标准帧","数据帧","CAN","0x0","接收成功","8","11 C2 36 84 38 11 21 1F"
"3779","11:12:24.140","标准帧","数据帧","CAN","0x201","发送成功","4","00 00 80 3F"
"3780","11:12:24.140","标准帧","数据帧","CAN","0x0","接收成功","8","11 C2 39 84 28 11 21 1F"
"3781","11:12:24.140","标准帧","数据帧","CAN","0x201","发送成功","4","00 00 80 3F"
"3782","11:12:24.140","标准帧","数据帧","CAN","0x0","接收成功","8","11 C2 3A 84 28 11 21 1F"
"3783","11:12:24.140","标准帧","数据帧","CAN","0x201","发送成功","4","00 00 80 3F"
"3784","11:12:24.140","标准帧","数据帧","CAN","0x0","接收成功","8","11 C2 3D 84 28 11 21 1F"
"3785","11:12:24.140","标准帧","数据帧","CAN","0x201","发送成功","4","00 00 80 3F"
"3786","11:12:24.140","标准帧","数据帧","CAN","0x0","接收成功","8","11 C2 40 84 28 12 21 1F"
"3787","11:12:24.140","标准帧","数据帧","CAN","0x201","发送成功","4","00 00 80 3F"
"3788","11:12:24.140","标准帧","数据帧","CAN","0x0","接收成功","8","11 C2 44 84 18 12 21 1F"
"3789","11:12:24.140","标准帧","数据帧","CAN","0x201","发送成功","4","00 00 80 3F"
"3790","11:12:24.140","标准帧","数据帧","CAN","0x0","接收成功","8","11 C2 45 84 18 12 21 1F"
"3791","11:12:24.140","标准帧","数据帧","CAN","0x201","发送成功","4","00 00 80 3F"
"3792","11:12:24.140","标准帧","数据帧","CAN","0x0","接收成功","8","11 C2 49 84 38 12 21 1F"
"3793","11:12:24.151","标准帧","数据帧","CAN","0x201","发送成功","4","00 00 80 3F"
"3794","11:12:24.151","标准帧","数据帧","CAN","0x0","接收成功","8","11 C2 4E 84 28 11 21 1F"
"3795","11:12:24.151","标准帧","数据帧","CAN","0x201","发送成功","4","00 00 80 3F"
"3796","11:12:24.151","标准帧","数据帧","CAN","0x0","接收成功","8","11 C2 51 84 38 11 21 1F"
"3797","11:12:24.151","标准帧","数据帧","CAN","0x201","发送成功","4","00 00 80 3F"
"3798","11:12:24.151","标准帧","数据帧","CAN","0x0","接收成功","8","11 C2 56 84 48 11 21 1F"
"3799","11:12:24.151","标准帧","数据帧","CAN","0x201","发送成功","4","00 00 80 3F"
"3800","11:12:24.151","标准帧","数据帧","CAN","0x0","接收成功","8","11 C2 5A 84 48 11 21 1F"
"3801","11:12:24.151","标准帧","数据帧","CAN","0x201","发送成功","4","00 00 80 3F"
"3802","11:12:24.151","标准帧","数据帧","CAN","0x0","接收成功","8","11 C2 5D 84 58 11 21 1F"
"3803","11:12:24.151","标准帧","数据帧","CAN","0x201","发送成功","4","00 00 80 3F"
"3804","11:12:24.151","标准帧","数据帧","CAN","0x0","接收成功","8","11 C2 5F 84 58 10 21 1F"
"3805","11:12:24.151","标准帧","数据帧","CAN","0x201","发送成功","4","00 00 80 3F"
"3806","11:12:24.151","标准帧","数据帧","CAN","0x0","接收成功","8","11 C2 64 84 38 0F 21 1F"
"3807","11:12:24.151","标准帧","数据帧","CAN","0x201","发送成功","4","00 00 80 3F"
"3808","11:12:24.162","标准帧","数据帧","CAN","0x0","接收成功","8","11 C2 69 84 48 10 21 1F"
"3809","11:12:24.162","标准帧","数据帧","CAN","0x201","发送成功","4","00 00 80 3F"
"3810","11:12:24.162","标准帧","数据帧","CAN","0x0","接收成功","8","11 C2 69 84 48 10 21 1F"
"3811","11:12:24.162","标准帧","数据帧","CAN","0x201","发送成功","4","00 00 80 3F"
"3812","11:12:24.162","标准帧","数据帧","CAN","0x0","接收成功","8","11 C2 6D 84 38 10 21 1F"
"3813","11:12:24.162","标准帧","数据帧","CAN","0x201","发送成功","4","00 00 80 3F"
"3814","11:12:24.162","标准帧","数据帧","CAN","0x0","接收成功","8","11 C2 72 84 38 11 21 1F"
"3815","11:12:24.162","标准帧","数据帧","CAN","0x201","发送成功","4","00 00 80 3F"
"3816","11:12:24.162","标准帧","数据帧","CAN","0x0","接收成功","8","11 C2 75 84 28 11 21 1F"
"3817","11:12:24.162","标准帧","数据帧","CAN","0x201","发送成功","4","00 00 80 3F"
"3818","11:12:24.162","标准帧","数据帧","CAN","0x0","接收成功","8","11 C2 79 84 18 12 21 1F"
"3819","11:12:24.162","标准帧","数据帧","CAN","0x201","发送成功","4","00 00 80 3F"
"3820","11:12:24.162","标准帧","数据帧","CAN","0x0","接收成功","8","11 C2 7D 84 28 12 21 1F"
"3821","11:12:24.162","标准帧","数据帧","CAN","0x201","发送成功","4","00 00 80 3F"
"3822","11:12:24.162","标准帧","数据帧","CAN","0x0","接收成功","8","11 C2 80 84 28 13 21 1F"
"3823","11:12:24.172","标准帧","数据帧","CAN","0x201","发送成功","4","00 00 80 3F"
"3824","11:12:24.172","标准帧","数据帧","CAN","0x0","接收成功","8","11 C2 85 84 28 12 21 1F"
"3825","11:12:24.172","标准帧","数据帧","CAN","0x201","发送成功","4","00 00 80 3F"
"3826","11:12:24.172","标准帧","数据帧","CAN","0x0","接收成功","8","11 C2 8A 84 48 12 21 1F"
"3827","11:12:24.172","标准帧","数据帧","CAN","0x201","发送成功","4","00 00 80 3F"
"3828","11:12:24.172","标准帧","数据帧","CAN","0x0","接收成功","8","11 C2 8F 84 48 11 21 1F"
"3829","11:12:24.172","标准帧","数据帧","CAN","0x201","发送成功","4","00 00 80 3F"
"3830","11:12:24.172","标准帧","数据帧","CAN","0x0","接收成功","8","11 C2 93 84 58 10 21 1F"
"3831","11:12:24.172","标准帧","数据帧","CAN","0x201","发送成功","4","00 00 80 3F"
"3832","11:12:24.172","标准帧","数据帧","CAN","0x0","接收成功","8","11 C2 96 84 68 0F 21 1F"
"3833","11:12:24.172","标准帧","数据帧","CAN","0x201","发送成功","4","00 00 80 3F"
"3834","11:12:24.172","标准帧","数据帧","CAN","0x0","接收成功","8","11 C2 9A 84 58 0E 21 1F"
"3835","11:12:24.172","标准帧","数据帧","CAN","0x201","发送成功","4","00 00 80 3F"
"3836","11:12:24.172","标准帧","数据帧","CAN","0x0","接收成功","8","11 C2 9D 84 58 0E 21 1F"
"3837","11:12:24.172","标准帧","数据帧","CAN","0x201","发送成功","4","00 00 80 3F"
"3838","11:12:24.172","标准帧","数据帧","CAN","0x0","接收成功","8","11 C2 9E 84 58 0E 21 1F"
"3839","11:12:24.183","标准帧","数据帧","CAN","0x201","发送成功","4","00 00 80 3F"
"3840","11:12:24.183","标准帧","数据帧","CAN","0x201","发送成功","4","00 00 80 3F"
"3841","11:12:24.183","标准帧","数据帧","CAN","0x0","接收成功","8","11 C2 A3 84 68 0E 21 1F"
"3842","11:12:24.183","标准帧","数据帧","CAN","0x0","接收成功","8","11 C2 A3 84 58 0D 21 1F"
"3843","11:12:24.183","标准帧","数据帧","CAN","0x201","发送成功","4","00 00 80 3F"
"3844","11:12:24.183","标准帧","数据帧","CAN","0x0","接收成功","8","11 C2 A6 84 58 0D 21 1F"
"3845","11:12:24.183","标准帧","数据帧","CAN","0x201","发送成功","4","00 00 80 3F"
"3846","11:12:24.183","标准帧","数据帧","CAN","0x0","接收成功","8","11 C2 AA 84 48 0E 21 1F"
"3847","11:12:24.183","标准帧","数据帧","CAN","0x201","发送成功","4","00 00 80 3F"
"3848","11:12:24.183","标准帧","数据帧","CAN","0x0","接收成功","8","11 C2 AB 84 28 0E 21 1F"
"3849","11:12:24.183","标准帧","数据帧","CAN","0x201","发送成功","4","00 00 80 3F"
"3850","11:12:24.183","标准帧","数据帧","CAN","0x0","接收成功","8","11 C2 AE 84 48 0E 21 1F"
"3851","11:12:24.183","标准帧","数据帧","CAN","0x201","发送成功","4","00 00 80 3F"
"3852","11:12:24.183","标准帧","数据帧","CAN","0x0","接收成功","8","11 C2 B1 84 18 0F 21 1F"
"3853","11:12:24.183","标准帧","数据帧","CAN","0x201","发送成功","4","00 00 80 3F"
"3854","11:12:24.183","标准帧","数据帧","CAN","0x0","接收成功","8","11 C2 B5 84 28 11 21 1F"
"3855","11:12:24.183","标准帧","数据帧","CAN","0x201","发送成功","4","00 00 80 3F"
"3856","11:12:24.183","标准帧","数据帧","CAN","0x0","接收成功","8","11 C2 B9 84 08 13 21 1F"
"3857","11:12:24.194","标准帧","数据帧","CAN","0x201","发送成功","4","00 00 80 3F"
"3858","11:12:24.194","标准帧","数据帧","CAN","0x0","接收成功","8","11 C2 BD 83 F8 14 21 1F"
"3859","11:12:24.194","标准帧","数据帧","CAN","0x201","发送成功","4","00 00 80 3F"
"3860","11:12:24.194","标准帧","数据帧","CAN","0x0","接收成功","8","11 C2 C1 84 18 15 21 1F"
"3861","11:12:24.194","标准帧","数据帧","CAN","0x201","发送成功","4","00 00 80 3F"
"3862","11:12:24.194","标准帧","数据帧","CAN","0x0","接收成功","8","11 C2 C6 84 08 14 21 1F"
"3863","11:12:24.194","标准帧","数据帧","CAN","0x201","发送成功","4","00 00 80 3F"
"3864","11:12:24.194","标准帧","数据帧","CAN","0x0","接收成功","8","11 C2 CA 84 28 13 21 1F"
"3865","11:12:24.194","标准帧","数据帧","CAN","0x201","发送成功","4","00 00 80 3F"
"3866","11:12:24.194","标准帧","数据帧","CAN","0x0","接收成功","8","11 C2 CE 84 48 13 21 1F"
"3867","11:12:24.194","标准帧","数据帧","CAN","0x201","发送成功","4","00 00 80 3F"
"3868","11:12:24.194","标准帧","数据帧","CAN","0x0","接收成功","8","11 C2 D2 84 58 12 21 1F"
"3869","11:12:24.194","标准帧","数据帧","CAN","0x201","发送成功","4","00 00 80 3F"
"3870","11:12:24.194","标准帧","数据帧","CAN","0x0","接收成功","8","11 C2 D5 84 68 11 21 1F"
"3871","11:12:24.194","标准帧","数据帧","CAN","0x201","发送成功","4","00 00 80 3F"
"3872","11:12:24.194","标准帧","数据帧","CAN","0x0","接收成功","8","11 C2 D6 84 68 11 21 1F"
"3873","11:12:24.205","标准帧","数据帧","CAN","0x201","发送成功","4","00 00 80 3F"
"3874","11:12:24.205","标准帧","数据帧","CAN","0x0","接收成功","8","11 C2 DA 84 68 10 21 1F"
"3875","11:12:24.205","标准帧","数据帧","CAN","0x201","发送成功","4","00 00 80 3F"
"3876","11:12:24.205","标准帧","数据帧","CAN","0x0","接收成功","8","11 C2 E0 84 58 0E 21 1F"
"3877","11:12:24.205","标准帧","数据帧","CAN","0x201","发送成功","4","00 00 80 3F"
"3878","11:12:24.205","标准帧","数据帧","CAN","0x0","接收成功","8","11 C2 E4 84 78 0E 21 1F"
"3879","11:12:24.205","标准帧","数据帧","CAN","0x201","发送成功","4","00 00 80 3F"
"3880","11:12:24.205","标准帧","数据帧","CAN","0x0","接收成功","8","11 C2 EB 84 48 0E 21 1F"
"3881","11:12:24.215","标准帧","数据帧","CAN","0x201","发送成功","4","00 00 80 3F"
"3882","11:12:24.215","标准帧","数据帧","CAN","0x0","接收成功","8","11 C2 F7 84 18 11 21 1F"
"3883","11:12:24.215","标准帧","数据帧","CAN","0x201","发送成功","4","00 00 80 3F"
"3884","11:12:24.215","标准帧","数据帧","CAN","0x0","接收成功","8","11 C2 F8 84 18 11 21 1F"
"3885","11:12:24.215","标准帧","数据帧","CAN","0x201","发送成功","4","00 00 80 3F"
"3886","11:12:24.226","标准帧","数据帧","CAN","0x0","接收成功","8","11 C2 FC 84 28 11 21 1F"
"3887","11:12:24.226","标准帧","数据帧","CAN","0x201","发送成功","4","00 00 80 3F"
"3888","11:12:24.226","标准帧","数据帧","CAN","0x0","接收成功","8","11 C2 FD 84 28 11 21 1F"
"3889","11:12:24.236","标准帧","数据帧","CAN","0x201","发送成功","4","00 00 80 3F"
"3890","11:12:24.236","标准帧","数据帧","CAN","0x0","接收成功","8","11 C3 28 84 48 0E 21 1F"
"3891","11:12:24.236","标准帧","数据帧","CAN","0x201","发送成功","4","00 00 80 3F"
"3892","11:12:24.236","标准帧","数据帧","CAN","0x0","接收成功","8","11 C3 41 84 08 13 21 1F"
"3893","11:12:24.246","标准帧","数据帧","CAN","0x201","发送成功","4","00 00 80 3F"
"3894","11:12:24.246","标准帧","数据帧","CAN","0x0","接收成功","8","11 C3 47 84 28 14 21 1F"
"3895","11:12:24.246","标准帧","数据帧","CAN","0x201","发送成功","4","00 00 80 3F"
"3896","11:12:24.246","标准帧","数据帧","CAN","0x0","接收成功","8","11 C3 59 84 58 10 21 1F"
"3897","11:12:24.246","标准帧","数据帧","CAN","0x201","发送成功","4","00 00 80 3F"
"3898","11:12:24.246","标准帧","数据帧","CAN","0x0","接收成功","8","11 C3 5A 84 48 10 21 1F"
"3899","11:12:24.246","标准帧","数据帧","CAN","0x201","发送成功","4","00 00 80 3F"
"3900","11:12:24.246","标准帧","数据帧","CAN","0x0","接收成功","8","11 C3 5E 84 58 10 21 1F"
"3901","11:12:24.257","标准帧","数据帧","CAN","0x201","发送成功","4","00 00 80 3F"
"3902","11:12:24.257","标准帧","数据帧","CAN","0x0","接收成功","8","11 C3 64 84 78 0F 21 1F"
"3903","11:12:24.257","标准帧","数据帧","CAN","0x201","发送成功","4","00 00 80 3F"
"3904","11:12:24.257","标准帧","数据帧","CAN","0x0","接收成功","8","11 C3 66 84 68 0E 21 1F"
"3905","11:12:24.257","标准帧","数据帧","CAN","0x201","发送成功","4","00 00 80 3F"
"3906","11:12:24.257","标准帧","数据帧","CAN","0x0","接收成功","8","11 C3 67 84 68 0E 21 1F"
"3907","11:12:24.257","标准帧","数据帧","CAN","0x201","发送成功","4","00 00 80 3F"
"3908","11:12:24.257","标准帧","数据帧","CAN","0x0","接收成功","8","11 C3 6B 84 58 0F 21 1F"
"3909","11:12:24.257","标准帧","数据帧","CAN","0x201","发送成功","4","00 00 80 3F"
"3910","11:12:24.257","标准帧","数据帧","CAN","0x0","接收成功","8","11 C3 6F 84 38 0F 21 1F"
"3911","11:12:24.257","标准帧","数据帧","CAN","0x201","发送成功","4","00 00 80 3F"
"3912","11:12:24.257","标准帧","数据帧","CAN","0x0","接收成功","8","11 C3 71 84 38 0F 21 1F"
"3913","11:12:24.257","标准帧","数据帧","CAN","0x201","发送成功","4","00 00 80 3F"
"3914","11:12:24.257","标准帧","数据帧","CAN","0x0","接收成功","8","11 C3 76 84 38 0F 21 1F"
"3915","11:12:24.257","标准帧","数据帧","CAN","0x201","发送成功","4","00 00 80 3F"
"3916","11:12:24.257","标准帧","数据帧","CAN","0x0","接收成功","8","11 C3 76 84 38 0F 21 1F"
"3917","11:12:24.257","标准帧","数据帧","CAN","0x201","发送成功","4","00 00 80 3F"
"3918","11:12:24.257","标准帧","数据帧","CAN","0x0","接收成功","8","11 C3 7B 84 38 0F 21 1F"
"3919","11:12:24.268","标准帧","数据帧","CAN","0x201","发送成功","4","00 00 80 3F"
"3920","11:12:24.268","标准帧","数据帧","CAN","0x0","接收成功","8","11 C3 7E 84 48 10 21 1F"
"3921","11:12:24.268","标准帧","数据帧","CAN","0x201","发送成功","4","00 00 80 3F"
"3922","11:12:24.268","标准帧","数据帧","CAN","0x0","接收成功","8","11 C3 82 84 48 10 21 1F"
"3923","11:12:24.268","标准帧","数据帧","CAN","0x201","发送成功","4","00 00 80 3F"
"3924","11:12:24.268","标准帧","数据帧","CAN","0x0","接收成功","8","11 C3 85 84 38 10 21 1F"
"3925","11:12:24.268","标准帧","数据帧","CAN","0x201","发送成功","4","00 00 80 3F"
"3926","11:12:24.268","标准帧","数据帧","CAN","0x0","接收成功","8","11 C3 88 84 28 10 21 1F"
"3927","11:12:24.268","标准帧","数据帧","CAN","0x201","发送成功","4","00 00 80 3F"
"3928","11:12:24.268","标准帧","数据帧","CAN","0x0","接收成功","8","11 C3 89 84 38 11 21 1F"
"3929","11:12:24.268","标准帧","数据帧","CAN","0x201","发送成功","4","00 00 80 3F"
"3930","11:12:24.268","标准帧","数据帧","CAN","0x0","接收成功","8","11 C3 8D 84 28 11 21 1F"
"3931","11:12:24.268","标准帧","数据帧","CAN","0x201","发送成功","4","00 00 80 3F"
"3932","11:12:24.268","标准帧","数据帧","CAN","0x0","接收成功","8","11 C3 8E 84 28 11 21 1F"
"3933","11:12:24.268","标准帧","数据帧","CAN","0x201","发送成功","4","00 00 80 3F"
"3934","11:12:24.268","标准帧","数据帧","CAN","0x0","接收成功","8","11 C3 92 84 38 11 21 1F"
"3935","11:12:24.268","标准帧","数据帧","CAN","0x201","发送成功","4","00 00 80 3F"
"3936","11:12:24.268","标准帧","数据帧","CAN","0x0","接收成功","8","11 C3 97 84 48 11 21 1F"
"3937","11:12:24.268","标准帧","数据帧","CAN","0x201","发送成功","4","00 00 80 3F"
"3938","11:12:24.279","标准帧","数据帧","CAN","0x0","接收成功","8","11 C3 9A 84 48 10 21 1F"
"3939","11:12:24.279","标准帧","数据帧","CAN","0x201","发送成功","4","00 00 80 3F"
"3940","11:12:24.279","标准帧","数据帧","CAN","0x0","接收成功","8","11 C3 9B 84 48 10 21 1F"
"3941","11:12:24.279","标准帧","数据帧","CAN","0x201","发送成功","4","00 00 80 3F"
"3942","11:12:24.279","标准帧","数据帧","CAN","0x0","接收成功","8","11 C3 9F 84 38 10 21 1F"
"3943","11:12:24.279","标准帧","数据帧","CAN","0x201","发送成功","4","00 00 80 3F"
"3944","11:12:24.279","标准帧","数据帧","CAN","0x0","接收成功","8","11 C3 A4 84 48 11 21 1F"
"3945","11:12:24.279","标准帧","数据帧","CAN","0x201","发送成功","4","00 00 80 3F"
"3946","11:12:24.279","标准帧","数据帧","CAN","0x0","接收成功","8","11 C3 A7 84 38 10 21 1F"
"3947","11:12:24.279","标准帧","数据帧","CAN","0x201","发送成功","4","00 00 80 3F"
"3948","11:12:24.279","标准帧","数据帧","CAN","0x0","接收成功","8","11 C3 AA 84 48 10 21 1F"
"3949","11:12:24.279","标准帧","数据帧","CAN","0x201","发送成功","4","00 00 80 3F"
"3950","11:12:24.279","标准帧","数据帧","CAN","0x0","接收成功","8","11 C3 AB 84 48 10 21 1F"
"3951","11:12:24.279","标准帧","数据帧","CAN","0x201","发送成功","4","00 00 80 3F"
"3952","11:12:24.279","标准帧","数据帧","CAN","0x0","接收成功","8","11 C3 AF 84 48 10 21 1F"
"3953","11:12:24.279","标准帧","数据帧","CAN","0x201","发送成功","4","00 00 80 3F"
"3954","11:12:24.279","标准帧","数据帧","CAN","0x0","接收成功","8","11 C3 B2 84 48 10 21 1F"
"3955","11:12:24.289","标准帧","数据帧","CAN","0x201","发送成功","4","00 00 80 3F"
"3956","11:12:24.289","标准帧","数据帧","CAN","0x0","接收成功","8","11 C3 B6 84 48 11 21 1F"
"3957","11:12:24.289","标准帧","数据帧","CAN","0x201","发送成功","4","00 00 80 3F"
"3958","11:12:24.289","标准帧","数据帧","CAN","0x0","接收成功","8","11 C3 BB 84 38 11 21 1F"
"3959","11:12:24.289","标准帧","数据帧","CAN","0x201","发送成功","4","00 00 80 3F"
"3960","11:12:24.289","标准帧","数据帧","CAN","0x0","接收成功","8","11 C3 BC 84 38 11 21 1F"
"3961","11:12:24.289","标准帧","数据帧","CAN","0x201","发送成功","4","00 00 80 3F"
"3962","11:12:24.289","标准帧","数据帧","CAN","0x0","接收成功","8","11 C3 C0 84 28 11 21 1F"
"3963","11:12:24.289","标准帧","数据帧","CAN","0x201","发送成功","4","00 00 80 3F"
"3964","11:12:24.289","标准帧","数据帧","CAN","0x0","接收成功","8","11 C3 C3 84 58 11 21 1F"
"3965","11:12:24.289","标准帧","数据帧","CAN","0x201","发送成功","4","00 00 80 3F"
"3966","11:12:24.289","标准帧","数据帧","CAN","0x0","接收成功","8","11 C3 C7 84 28 10 21 1F"
"3967","11:12:24.289","标准帧","数据帧","CAN","0x201","发送成功","4","00 00 80 3F"
"3968","11:12:24.289","标准帧","数据帧","CAN","0x0","接收成功","8","11 C3 C9 84 28 11 21 1F"
"3969","11:12:24.289","标准帧","数据帧","CAN","0x201","发送成功","4","00 00 80 3F"
"3970","11:12:24.289","标准帧","数据帧","CAN","0x0","接收成功","8","11 C3 CA 84 28 11 21 1F"
"3971","11:12:24.289","标准帧","数据帧","CAN","0x201","发送成功","4","00 00 80 3F"
"3972","11:12:24.289","标准帧","数据帧","CAN","0x0","接收成功","8","11 C3 CE 84 28 13 21 1F"
"3973","11:12:24.289","标准帧","数据帧","CAN","0x201","发送成功","4","00 00 80 3F"
"3974","11:12:24.289","标准帧","数据帧","CAN","0x0","接收成功","8","11 C3 D2 84 28 12 21 1F"
"3975","11:12:24.300","标准帧","数据帧","CAN","0x201","发送成功","4","00 00 80 3F"
"3976","11:12:24.300","标准帧","数据帧","CAN","0x0","接收成功","8","11 C3 D5 84 28 12 21 1F"
"3977","11:12:24.300","标准帧","数据帧","CAN","0x201","发送成功","4","00 00 80 3F"
"3978","11:12:24.300","标准帧","数据帧","CAN","0x0","接收成功","8","11 C3 D9 84 38 12 21 1F"
"3979","11:12:24.300","标准帧","数据帧","CAN","0x201","发送成功","4","00 00 80 3F"
"3980","11:12:24.300","标准帧","数据帧","CAN","0x0","接收成功","8","11 C3 DC 84 38 11 21 1F"
"3981","11:12:24.300","标准帧","数据帧","CAN","0x201","发送成功","4","00 00 80 3F"
"3982","11:12:24.300","标准帧","数据帧","CAN","0x0","接收成功","8","11 C3 DC 84 28 11 21 1F"
"3983","11:12:24.300","标准帧","数据帧","CAN","0x201","发送成功","4","00 00 80 3F"
"3984","11:12:24.300","标准帧","数据帧","CAN","0x0","接收成功","8","11 C3 E0 84 48 12 21 1F"
"3985","11:12:24.300","标准帧","数据帧","CAN","0x201","发送成功","4","00 00 80 3F"
"3986","11:12:24.300","标准帧","数据帧","CAN","0x0","接收成功","8","11 C3 E5 84 38 10 21 1F"
"3987","11:12:24.300","标准帧","数据帧","CAN","0x201","发送成功","4","00 00 80 3F"
"3988","11:12:24.300","标准帧","数据帧","CAN","0x0","接收成功","8","11 C3 E9 84 48 10 21 1F"
"3989","11:12:24.310","标准帧","数据帧","CAN","0x201","发送成功","4","00 00 80 3F"
"3990","11:12:24.310","标准帧","数据帧","CAN","0x0","接收成功","8","11 C3 ED 84 68 0F 21 1F"
"3991","11:12:24.310","标准帧","数据帧","CAN","0x201","发送成功","4","00 00 80 3F"
"3992","11:12:24.310","标准帧","数据帧","CAN","0x0","接收成功","8","11 C3 F6 84 58 0E 21 1F"
"3993","11:12:24.310","标准帧","数据帧","CAN","0x201","发送成功","4","00 00 80 3F"
"3994","11:12:24.310","标准帧","数据帧","CAN","0x0","接收成功","8","11 C3 FB 84 48 0D 21 1F"
"3995","11:12:24.310","标准帧","数据帧","CAN","0x201","发送成功","4","00 00 80 3F"
"3996","11:12:24.310","标准帧","数据帧","CAN","0x0","接收成功","8","11 C3 FC 84 48 0D 21 1F"
"3997","11:12:24.310","标准帧","数据帧","CAN","0x201","发送成功","4","00 00 80 3F"
"3998","11:12:24.310","标准帧","数据帧","CAN","0x0","接收成功","8","11 C4 00 84 48 0E 21 1F"
"3999","11:12:24.310","标准帧","数据帧","CAN","0x201","发送成功","4","00 00 80 3F"
"4000","11:12:24.310","标准帧","数据帧","CAN","0x0","接收成功","8","11 C4 03 84 48 0E 21 1F"
"4001","11:12:24.310","标准帧","数据帧","CAN","0x201","发送成功","4","00 00 80 3F"
"4002","11:12:24.310","标准帧","数据帧","CAN","0x0","接收成功","8","11 C4 04 84 48 0E 21 1F"
"4003","11:12:24.310","标准帧","数据帧","CAN","0x201","发送成功","4","00 00 80 3F"
"4004","11:12:24.310","标准帧","数据帧","CAN","0x0","接收成功","8","11 C4 07 84 58 0E 21 1F"
"4005","11:12:24.320","标准帧","数据帧","CAN","0x201","发送成功","4","00 00 80 3F"
"4006","11:12:24.320","标准帧","数据帧","CAN","0x0","接收成功","8","11 C4 0B 84 48 0F 21 1F"
"4007","11:12:24.320","标准帧","数据帧","CAN","0x201","发送成功","4","00 00 80 3F"
"4008","11:12:24.320","标准帧","数据帧","CAN","0x0","接收成功","8","11 C4 10 84 28 10 21 1F"
"4009","11:12:24.320","标准帧","数据帧","CAN","0x201","发送成功","4","00 00 80 3F"
"4010","11:12:24.320","标准帧","数据帧","CAN","0x0","接收成功","8","11 C4 13 84 08 10 21 1F"
"4011","11:12:24.320","标准帧","数据帧","CAN","0x201","发送成功","4","00 00 80 3F"
"4012","11:12:24.320","标准帧","数据帧","CAN","0x0","接收成功","8","11 C4 13 84 08 12 21 1F"
"4013","11:12:24.320","标准帧","数据帧","CAN","0x201","发送成功","4","00 00 80 3F"
"4014","11:12:24.320","标准帧","数据帧","CAN","0x0","接收成功","8","11 C4 17 83 E8 13 21 1F"
"4015","11:12:24.320","标准帧","数据帧","CAN","0x201","发送成功","4","00 00 80 3F"
"4016","11:12:24.320","标准帧","数据帧","CAN","0x0","接收成功","8","11 C4 1B 84 08 14 21 1F"
"4017","11:12:24.320","标准帧","数据帧","CAN","0x201","发送成功","4","00 00 80 3F"
"4018","11:12:24.320","标准帧","数据帧","CAN","0x0","接收成功","8","11 C4 1B 84 18 15 21 1F"
"4019","11:12:24.320","标准帧","数据帧","CAN","0x201","发送成功","4","00 00 80 3F"
"4020","11:12:24.320","标准帧","数据帧","CAN","0x0","接收成功","8","11 C4 1F 84 18 14 21 1F"
"4021","11:12:24.320","标准帧","数据帧","CAN","0x201","发送成功","4","00 00 80 3F"
"4022","11:12:24.320","标准帧","数据帧","CAN","0x0","接收成功","8","11 C4 22 84 28 14 21 1F"
"4023","11:12:24.331","标准帧","数据帧","CAN","0x201","发送成功","4","00 00 80 3F"
"4024","11:12:24.331","标准帧","数据帧","CAN","0x0","接收成功","8","11 C4 27 84 48 14 21 1F"
"4025","11:12:24.331","标准帧","数据帧","CAN","0x201","发送成功","4","00 00 80 3F"
"4026","11:12:24.331","标准帧","数据帧","CAN","0x0","接收成功","8","11 C4 2B 84 38 13 21 1F"
"4027","11:12:24.331","标准帧","数据帧","CAN","0x201","发送成功","4","00 00 80 3F"
"4028","11:12:24.331","标准帧","数据帧","CAN","0x0","接收成功","8","11 C4 2C 84 48 12 21 1F"
"4029","11:12:24.331","标准帧","数据帧","CAN","0x201","发送成功","4","00 00 80 3F"
"4030","11:12:24.331","标准帧","数据帧","CAN","0x0","接收成功","8","11 C4 30 84 68 12 21 1F"
"4031","11:12:24.331","标准帧","数据帧","CAN","0x201","发送成功","4","00 00 80 3F"
"4032","11:12:24.331","标准帧","数据帧","CAN","0x0","接收成功","8","11 C4 33 84 68 11 21 1F"
"4033","11:12:24.331","标准帧","数据帧","CAN","0x201","发送成功","4","00 00 80 3F"
"4034","11:12:24.331","标准帧","数据帧","CAN","0x0","接收成功","8","11 C4 37 84 88 0E 21 1F"
"4035","11:12:24.331","标准帧","数据帧","CAN","0x201","发送成功","4","00 00 80 3F"
"4036","11:12:24.331","标准帧","数据帧","CAN","0x0","接收成功","8","11 C4 3B 84 68 0E 21 1F"
"4037","11:12:24.331","标准帧","数据帧","CAN","0x201","发送成功","4","00 00 80 3F"
"4038","11:12:24.331","标准帧","数据帧","CAN","0x0","接收成功","8","11 C4 3D 84 58 0E 21 1F"
"4039","11:12:24.331","标准帧","数据帧","CAN","0x201","发送成功","4","00 00 80 3F"
"4040","11:12:24.331","标准帧","数据帧","CAN","0x0","接收成功","8","11 C4 41 84 48 0E 21 1F"
"4041","11:12:24.342","标准帧","数据帧","CAN","0x201","发送成功","4","00 00 80 3F"
"4042","11:12:24.342","标准帧","数据帧","CAN","0x0","接收成功","8","11 C4 45 84 38 0E 21 1F"
"4043","11:12:24.342","标准帧","数据帧","CAN","0x201","发送成功","4","00 00 80 3F"
"4044","11:12:24.342","标准帧","数据帧","CAN","0x0","接收成功","8","11 C4 4A 84 38 0F 21 1F"
"4045","11:12:24.342","标准帧","数据帧","CAN","0x201","发送成功","4","00 00 80 3F"
"4046","11:12:24.342","标准帧","数据帧","CAN","0x0","接收成功","8","11 C4 54 84 08 12 21 1F"
"4047","11:12:24.342","标准帧","数据帧","CAN","0x201","发送成功","4","00 00 80 3F"
"4048","11:12:24.342","标准帧","数据帧","CAN","0x0","接收成功","8","11 C4 57 84 08 13 21 1F"
"4049","11:12:24.352","标准帧","数据帧","CAN","0x201","发送成功","4","00 00 80 3F"
"4050","11:12:24.352","标准帧","数据帧","CAN","0x0","接收成功","8","11 C4 5B 84 08 13 21 1F"
"4051","11:12:24.352","标准帧","数据帧","CAN","0x201","发送成功","4","00 00 80 3F"
"4052","11:12:24.352","标准帧","数据帧","CAN","0x0","接收成功","8","11 C4 5F 84 18 14 21 1F"
"4053","11:12:24.352","标准帧","数据帧","CAN","0x201","发送成功","4","00 00 80 3F"
"4054","11:12:24.352","标准帧","数据帧","CAN","0x0","接收成功","8","11 C4 63 84 18 14 21 1F"
"4055","11:12:24.352","标准帧","数据帧","CAN","0x201","发送成功","4","00 00 80 3F"
"4056","11:12:24.352","标准帧","数据帧","CAN","0x0","接收成功","8","11 C4 68 84 58 12 21 1F"
"4057","11:12:24.352","标准帧","数据帧","CAN","0x201","发送成功","4","00 00 80 3F"
"4058","11:12:24.352","标准帧","数据帧","CAN","0x0","接收成功","8","11 C4 6D 84 48 10 21 1F"
"4059","11:12:24.352","标准帧","数据帧","CAN","0x201","发送成功","4","00 00 80 3F"
"4060","11:12:24.352","标准帧","数据帧","CAN","0x0","接收成功","8","11 C4 6E 84 48 10 21 1F"
"4061","11:12:24.352","标准帧","数据帧","CAN","0x201","发送成功","4","00 00 80 3F"
"4062","11:12:24.352","标准帧","数据帧","CAN","0x0","接收成功","8","11 C4 72 84 68 10 21 1F"
"4063","11:12:24.352","标准帧","数据帧","CAN","0x201","发送成功","4","00 00 80 3F"
"4064","11:12:24.352","标准帧","数据帧","CAN","0x0","接收成功","8","11 C4 76 84 68 0E 21 1F"
"4065","11:12:24.352","标准帧","数据帧","CAN","0x201","发送成功","4","00 00 80 3F"
"4066","11:12:24.363","标准帧","数据帧","CAN","0x0","接收成功","8","11 C4 79 84 88 0D 21 1F"
"4067","11:12:24.363","标准帧","数据帧","CAN","0x201","发送成功","4","00 00 80 3F"
"4068","11:12:24.363","标准帧","数据帧","CAN","0x0","接收成功","8","11 C4 7A 84 88 0D 21 1F"
"4069","11:12:24.363","标准帧","数据帧","CAN","0x201","发送成功","4","00 00 80 3F"
"4070","11:12:24.363","标准帧","数据帧","CAN","0x0","接收成功","8","11 C4 7F 84 78 0D 21 1F"
"4071","11:12:24.363","标准帧","数据帧","CAN","0x201","发送成功","4","00 00 80 3F"
"4072","11:12:24.363","标准帧","数据帧","CAN","0x0","接收成功","8","11 C4 82 84 68 0C 21 1F"
"4073","11:12:24.363","标准帧","数据帧","CAN","0x201","发送成功","4","00 00 80 3F"
"4074","11:12:24.363","标准帧","数据帧","CAN","0x0","接收成功","8","11 C4 83 84 48 0C 21 1F"
"4075","11:12:24.363","标准帧","数据帧","CAN","0x201","发送成功","4","00 00 80 3F"
"4076","11:12:24.363","标准帧","数据帧","CAN","0x0","接收成功","8","11 C4 86 84 48 0D 21 1F"
"4077","11:12:24.363","标准帧","数据帧","CAN","0x201","发送成功","4","00 00 80 3F"
"4078","11:12:24.363","标准帧","数据帧","CAN","0x0","接收成功","8","11 C4 8A 84 38 0E 21 1F"
"4079","11:12:24.363","标准帧","数据帧","CAN","0x201","发送成功","4","00 00 80 3F"
"4080","11:12:24.363","标准帧","数据帧","CAN","0x0","接收成功","8","11 C4 8D 84 18 0F 21 1F"
"4081","11:12:24.363","标准帧","数据帧","CAN","0x201","发送成功","4","00 00 80 3F"
"4082","11:12:24.363","标准帧","数据帧","CAN","0x0","接收成功","8","11 C4 91 84 28 10 21 1F"
"4083","11:12:24.363","标准帧","数据帧","CAN","0x201","发送成功","4","00 00 80 3F"
"4084","11:12:24.363","标准帧","数据帧","CAN","0x0","接收成功","8","11 C4 95 84 08 12 21 1F"
"4085","11:12:24.363","标准帧","数据帧","CAN","0x201","发送成功","4","00 00 80 3F"
"4086","11:12:24.363","标准帧","数据帧","CAN","0x0","接收成功","8","11 C4 96 84 08 12 21 1F"
"4087","11:12:24.363","标准帧","数据帧","CAN","0x201","发送成功","4","00 00 80 3F"
"4088","11:12:24.363","标准帧","数据帧","CAN","0x0","接收成功","8","11 C4 99 84 08 14 21 1F"
"4089","11:12:24.363","标准帧","数据帧","CAN","0x201","发送成功","4","00 00 80 3F"
"4090","11:12:24.363","标准帧","数据帧","CAN","0x0","接收成功","8","11 C4 9C 84 18 15 21 1F"
"4091","11:12:24.363","标准帧","数据帧","CAN","0x201","发送成功","4","00 00 80 3F"
"4092","11:12:24.363","标准帧","数据帧","CAN","0x0","接收成功","8","11 C4 A0 84 08 14 21 1F"
"4093","11:12:24.363","标准帧","数据帧","CAN","0x201","发送成功","4","00 00 80 3F"
"4094","11:12:24.363","标准帧","数据帧","CAN","0x0","接收成功","8","11 C4 A3 84 08 15 21 1F"
"4095","11:12:24.363","标准帧","数据帧","CAN","0x201","发送成功","4","00 00 80 3F"
"4096","11:12:24.363","标准帧","数据帧","CAN","0x0","接收成功","8","11 C4 A7 84 18 16 21 1F"
"4097","11:12:24.363","标准帧","数据帧","CAN","0x201","发送成功","4","00 00 80 3F"
"4098","11:12:24.363","标准帧","数据帧","CAN","0x0","接收成功","8","11 C4 AC 84 58 12 21 1F"
"4099","11:12:24.363","标准帧","数据帧","CAN","0x201","发送成功","4","00 00 80 3F"
"4100","11:12:24.363","标准帧","数据帧","CAN","0x0","接收成功","8","11 C4 AF 84 68 11 21 1F"
"4101","11:12:24.363","标准帧","数据帧","CAN","0x201","发送成功","4","00 00 80 3F"
"4102","11:12:24.363","标准帧","数据帧","CAN","0x0","接收成功","8","11 C4 B0 84 68 11 21 1F"
"4103","11:12:24.385","标准帧","数据帧","CAN","0x201","发送成功","4","00 00 80 3F"
"4104","11:12:24.385","标准帧","数据帧","CAN","0x0","接收成功","8","11 C4 B4 84 58 11 21 1F"
"4105","11:12:24.385","标准帧","数据帧","CAN","0x201","发送成功","4","00 00 80 3F"
"4106","11:12:24.385","标准帧","数据帧","CAN","0x0","接收成功","8","11 C4 B7 84 68 10 21 1F"
"4107","11:12:24.385","标准帧","数据帧","CAN","0x201","发送成功","4","00 00 80 3F"
"4108","11:12:24.385","标准帧","数据帧","CAN","0x0","接收成功","8","11 C4 B9 84 68 10 21 1F"
"4109","11:12:24.385","标准帧","数据帧","CAN","0x201","发送成功","4","00 00 80 3F"
"4110","11:12:24.385","标准帧","数据帧","CAN","0x0","接收成功","8","11 C4 BD 84 78 0D 21 1F"
"4111","11:12:24.385","标准帧","数据帧","CAN","0x201","发送成功","4","00 00 80 3F"
"4112","11:12:24.385","标准帧","数据帧","CAN","0x0","接收成功","8","11 C4 C1 84 68 0D 21 1F"
"4113","11:12:24.385","标准帧","数据帧","CAN","0x201","发送成功","4","00 00 80 3F"
"4114","11:12:24.385","标准帧","数据帧","CAN","0x0","接收成功","8","11 C4 C2 84 58 0D 21 1F"
"4115","11:12:24.385","标准帧","数据帧","CAN","0x201","发送成功","4","00 00 80 3F"
"4116","11:12:24.385","标准帧","数据帧","CAN","0x0","接收成功","8","11 C4 C5 84 48 0E 21 1F"
"4117","11:12:24.385","标准帧","数据帧","CAN","0x201","发送成功","4","00 00 80 3F"
"4118","11:12:24.385","标准帧","数据帧","CAN","0x0","接收成功","8","11 C4 CD 84 28 0F 21 1F"
"4119","11:12:24.395","标准帧","数据帧","CAN","0x201","发送成功","4","00 00 80 3F"
"4120","11:12:24.395","标准帧","数据帧","CAN","0x0","接收成功","8","11 C4 D0 84 28 10 21 1F"
"4121","11:12:24.395","标准帧","数据帧","CAN","0x201","发送成功","4","00 00 80 3F"
"4122","11:12:24.395","标准帧","数据帧","CAN","0x0","接收成功","8","11 C4 D4 84 38 10 21 1F"
"4123","11:12:24.395","标准帧","数据帧","CAN","0x201","发送成功","4","00 00 80 3F"
"4124","11:12:24.395","标准帧","数据帧","CAN","0x0","接收成功","8","11 C4 D7 84 18 11 21 1F"
"4125","11:12:24.395","标准帧","数据帧","CAN","0x201","发送成功","4","00 00 80 3F"
"4126","11:12:24.395","标准帧","数据帧","CAN","0x0","接收成功","8","11 C4 D8 84 18 11 21 1F"
"4127","11:12:24.395","标准帧","数据帧","CAN","0x201","发送成功","4","00 00 80 3F"
"4128","11:12:24.395","标准帧","数据帧","CAN","0x0","接收成功","8","11 C4 DD 84 38 12 21 1F"
"4129","11:12:24.395","标准帧","数据帧","CAN","0x201","发送成功","4","00 00 80 3F"
"4130","11:12:24.395","标准帧","数据帧","CAN","0x0","接收成功","8","11 C4 E0 84 08 12 21 1F"
"4131","11:12:24.395","标准帧","数据帧","CAN","0x201","发送成功","4","00 00 80 3F"
"4132","11:12:24.395","标准帧","数据帧","CAN","0x0","接收成功","8","11 C4 E3 84 08 13 21 1F"
"4133","11:12:24.406","标准帧","数据帧","CAN","0x201","发送成功","4","00 00 80 3F"
"4134","11:12:24.406","标准帧","数据帧","CAN","0x0","接收成功","8","11 C4 E8 84 38 13 21 1F"
"4135","11:12:24.406","标准帧","数据帧","CAN","0x201","发送成功","4","00 00 80 3F"
"4136","11:12:24.406","标准帧","数据帧","CAN","0x0","接收成功","8","11 C4 ED 84 48 12 21 1F"
"4137","11:12:24.406","标准帧","数据帧","CAN","0x201","发送成功","4","00 00 80 3F"
"4138","11:12:24.406","标准帧","数据帧","CAN","0x0","接收成功","8","11 C4 EE 84 58 11 21 1F"
"4139","11:12:24.406","标准帧","数据帧","CAN","0x201","发送成功","4","00 00 80 3F"
"4140","11:12:24.406","标准帧","数据帧","CAN","0x0","接收成功","8","11 C4 F1 84 48 11 21 1F"
"4141","11:12:24.406","标准帧","数据帧","CAN","0x201","发送成功","4","00 00 80 3F"
"4142","11:12:24.406","标准帧","数据帧","CAN","0x0","接收成功","8","11 C4 FA 84 58 0F 21 1F"
"4143","11:12:24.406","标准帧","数据帧","CAN","0x201","发送成功","4","00 00 80 3F"
"4144","11:12:24.406","标准帧","数据帧","CAN","0x0","接收成功","8","11 C4 FD 84 68 0F 21 1F"
"4145","11:12:24.406","标准帧","数据帧","CAN","0x201","发送成功","4","00 00 80 3F"
"4146","11:12:24.406","标准帧","数据帧","CAN","0x0","接收成功","8","11 C4 FD 84 38 0F 21 1F"
"4147","11:12:24.406","标准帧","数据帧","CAN","0x201","发送成功","4","00 00 80 3F"
"4148","11:12:24.406","标准帧","数据帧","CAN","0x0","接收成功","8","11 C5 03 84 58 0F 21 1F"
"4149","11:12:24.406","标准帧","数据帧","CAN","0x201","发送成功","4","00 00 80 3F"
"4150","11:12:24.406","标准帧","数据帧","CAN","0x0","接收成功","8","11 C5 06 84 68 0E 21 1F"
"4151","11:12:24.406","标准帧","数据帧","CAN","0x201","发送成功","4","00 00 80 3F"
"4152","11:12:24.406","标准帧","数据帧","CAN","0x0","接收成功","8","11 C5 06 84 68 0E 21 1F"
"4153","11:12:24.406","标准帧","数据帧","CAN","0x201","发送成功","4","00 00 80 3F"
"4154","11:12:24.406","标准帧","数据帧","CAN","0x0","接收成功","8","11 C5 0A 84 48 0E 21 1F"
"4155","11:12:24.406","标准帧","数据帧","CAN","0x201","发送成功","4","00 00 80 3F"
"4156","11:12:24.406","标准帧","数据帧","CAN","0x0","接收成功","8","11 C5 0D 84 38 10 21 1F"
"4157","11:12:24.406","标准帧","数据帧","CAN","0x201","发送成功","4","00 00 80 3F"
"4158","11:12:24.406","标准帧","数据帧","CAN","0x0","接收成功","8","11 C5 0E 84 38 10 21 1F"
"4159","11:12:24.406","标准帧","数据帧","CAN","0x201","发送成功","4","00 00 80 3F"
"4160","11:12:24.406","标准帧","数据帧","CAN","0x0","接收成功","8","11 C5 13 84 18 10 21 1F"
"4161","11:12:24.406","标准帧","数据帧","CAN","0x201","发送成功","4","00 00 80 3F"
"4162","11:12:24.406","标准帧","数据帧","CAN","0x0","接收成功","8","11 C5 18 84 18 12 21 1F"
"4163","11:12:24.406","标准帧","数据帧","CAN","0x201","发送成功","4","00 00 80 3F"
"4164","11:12:24.406","标准帧","数据帧","CAN","0x0","接收成功","8","11 C5 19 84 18 12 21 1F"
"4165","11:12:24.406","标准帧","数据帧","CAN","0x201","发送成功","4","00 00 80 3F"
"4166","11:12:24.406","标准帧","数据帧","CAN","0x0","接收成功","8","11 C5 1C 84 28 12 21 1F"
"4167","11:12:24.427","标准帧","数据帧","CAN","0x201","发送成功","4","00 00 80 3F"
"4168","11:12:24.427","标准帧","数据帧","CAN","0x0","接收成功","8","11 C5 20 84 28 13 21 1F"
"4169","11:12:24.427","标准帧","数据帧","CAN","0x201","发送成功","4","00 00 80 3F"
"4170","11:12:24.427","标准帧","数据帧","CAN","0x0","接收成功","8","11 C5 23 84 28 13 21 1F"
"4171","11:12:24.427","标准帧","数据帧","CAN","0x201","发送成功","4","00 00 80 3F"
"4172","11:12:24.427","标准帧","数据帧","CAN","0x0","接收成功","8","11 C5 28 84 48 13 21 1F"
"4173","11:12:24.427","标准帧","数据帧","CAN","0x201","发送成功","4","00 00 80 3F"
"4174","11:12:24.427","标准帧","数据帧","CAN","0x0","接收成功","8","11 C5 2D 84 38 12 21 1F"
"4175","11:12:24.427","标准帧","数据帧","CAN","0x201","发送成功","4","00 00 80 3F"
"4176","11:12:24.427","标准帧","数据帧","CAN","0x0","接收成功","8","11 C5 32 84 48 12 21 1F"
"4177","11:12:24.427","标准帧","数据帧","CAN","0x201","发送成功","4","00 00 80 3F"
"4178","11:12:24.427","标准帧","数据帧","CAN","0x0","接收成功","8","11 C5 36 84 58 11 21 1F"
"4179","11:12:24.427","标准帧","数据帧","CAN","0x201","发送成功","4","00 00 80 3F"
"4180","11:12:24.427","标准帧","数据帧","CAN","0x0","接收成功","8","11 C5 39 84 58 10 21 1F"
"4181","11:12:24.438","标准帧","数据帧","CAN","0x201","发送成功","4","00 00 80 3F"
"4182","11:12:24.438","标准帧","数据帧","CAN","0x0","接收成功","8","11 C5 3C 84 58 10 21 1F"
"4183","11:12:24.438","标准帧","数据帧","CAN","0x201","发送成功","4","00 00 80 3F"
"4184","11:12:24.438","标准帧","数据帧","CAN","0x0","接收成功","8","11 C5 3F 84 38 0F 21 1F"
"4185","11:12:24.438","标准帧","数据帧","CAN","0x201","发送成功","4","00 00 80 3F"
"4186","11:12:24.438","标准帧","数据帧","CAN","0x0","接收成功","8","11 C5 44 84 38 0F 21 1F"
"4187","11:12:24.438","标准帧","数据帧","CAN","0x201","发送成功","4","00 00 80 3F"
"4188","11:12:24.438","标准帧","数据帧","CAN","0x0","接收成功","8","11 C5 4A 84 58 0F 21 1F"
"4189","11:12:24.438","标准帧","数据帧","CAN","0x201","发送成功","4","00 00 80 3F"
"4190","11:12:24.438","标准帧","数据帧","CAN","0x0","接收成功","8","11 C5 4E 84 58 0E 21 1F"
"4191","11:12:24.438","标准帧","数据帧","CAN","0x201","发送成功","4","00 00 80 3F"
"4192","11:12:24.438","标准帧","数据帧","CAN","0x0","接收成功","8","11 C5 51 84 48 0E 21 1F"
"4193","11:12:24.438","标准帧","数据帧","CAN","0x201","发送成功","4","00 00 80 3F"
"4194","11:12:24.438","标准帧","数据帧","CAN","0x0","接收成功","8","11 C5 55 84 48 0F 21 1F"
"4195","11:12:24.449","标准帧","数据帧","CAN","0x201","发送成功","4","00 00 80 3F"
"4196","11:12:24.449","标准帧","数据帧","CAN","0x0","接收成功","8","11 C5 59 84 48 0F 21 1F"
"4197","11:12:24.449","标准帧","数据帧","CAN","0x201","发送成功","4","00 00 80 3F"
"4198","11:12:24.449","标准帧","数据帧","CAN","0x0","接收成功","8","11 C5 5D 84 48 0F 21 1F"
"4199","11:12:24.449","标准帧","数据帧","CAN","0x201","发送成功","4","00 00 80 3F"
"4200","11:12:24.449","标准帧","数据帧","CAN","0x0","接收成功","8","11 C5 5D 84 48 0F 21 1F"
"4201","11:12:24.449","标准帧","数据帧","CAN","0x201","发送成功","4","00 00 80 3F"
"4202","11:12:24.449","标准帧","数据帧","CAN","0x0","接收成功","8","11 C5 61 84 48 0F 21 1F"
"4203","11:12:24.449","标准帧","数据帧","CAN","0x201","发送成功","4","00 00 80 3F"
"4204","11:12:24.449","标准帧","数据帧","CAN","0x0","接收成功","8","11 C5 64 84 28 0F 21 1F"
"4205","11:12:24.449","标准帧","数据帧","CAN","0x201","发送成功","4","00 00 80 3F"
"4206","11:12:24.449","标准帧","数据帧","CAN","0x0","接收成功","8","11 C5 67 84 28 10 21 1F"
"4207","11:12:24.449","标准帧","数据帧","CAN","0x201","发送成功","4","00 00 80 3F"
"4208","11:12:24.449","标准帧","数据帧","CAN","0x0","接收成功","8","11 C5 68 84 28 10 21 1F"
"4209","11:12:24.449","标准帧","数据帧","CAN","0x201","发送成功","4","00 00 80 3F"
"4210","11:12:24.449","标准帧","数据帧","CAN","0x0","接收成功","8","11 C5 6B 84 18 11 21 1F"
"4211","11:12:24.449","标准帧","数据帧","CAN","0x201","发送成功","4","00 00 80 3F"
"4212","11:12:24.449","标准帧","数据帧","CAN","0x0","接收成功","8","11 C5 70 84 28 11 21 1F"
"4213","11:12:24.449","标准帧","数据帧","CAN","0x201","发送成功","4","00 00 80 3F"
"4214","11:12:24.449","标准帧","数据帧","CAN","0x0","接收成功","8","11 C5 74 84 18 12 21 1F"
"4215","11:12:24.459","标准帧","数据帧","CAN","0x201","发送成功","4","00 00 80 3F"
"4216","11:12:24.459","标准帧","数据帧","CAN","0x0","接收成功","8","11 C5 78 84 28 12 21 1F"
"4217","11:12:24.459","标准帧","数据帧","CAN","0x201","发送成功","4","00 00 80 3F"
"4218","11:12:24.459","标准帧","数据帧","CAN","0x0","接收成功","8","11 C5 7C 84 38 12 21 1F"
"4219","11:12:24.459","标准帧","数据帧","CAN","0x201","发送成功","4","00 00 80 3F"
"4220","11:12:24.459","标准帧","数据帧","CAN","0x0","接收成功","8","11 C5 80 84 38 12 21 1F"
"4221","11:12:24.459","标准帧","数据帧","CAN","0x201","发送成功","4","00 00 80 3F"
"4222","11:12:24.459","标准帧","数据帧","CAN","0x0","接收成功","8","11 C5 82 84 38 12 21 1F"
"4223","11:12:24.459","标准帧","数据帧","CAN","0x201","发送成功","4","00 00 80 3F"
"4224","11:12:24.459","标准帧","数据帧","CAN","0x0","接收成功","8","11 C5 86 84 48 12 21 1F"
"4225","11:12:24.459","标准帧","数据帧","CAN","0x201","发送成功","4","00 00 80 3F"
"4226","11:12:24.459","标准帧","数据帧","CAN","0x0","接收成功","8","11 C5 86 84 48 10 21 1F"
"4227","11:12:24.459","标准帧","数据帧","CAN","0x201","发送成功","4","00 00 80 3F"
"4228","11:12:24.459","标准帧","数据帧","CAN","0x0","接收成功","8","11 C5 8A 84 58 10 21 1F"
"4229","11:12:24.459","标准帧","数据帧","CAN","0x201","发送成功","4","00 00 80 3F"
"4230","11:12:24.459","标准帧","数据帧","CAN","0x0","接收成功","8","11 C5 8D 84 68 10 21 1F"
"4231","11:12:24.459","标准帧","数据帧","CAN","0x201","发送成功","4","00 00 80 3F"
"4232","11:12:24.459","标准帧","数据帧","CAN","0x0","接收成功","8","11 C5 8E 84 68 10 21 1F"
"4233","11:12:24.469","标准帧","数据帧","CAN","0x201","发送成功","4","00 00 80 3F"
"4234","11:12:24.469","标准帧","数据帧","CAN","0x0","接收成功","8","11 C5 91 84 48 0F 21 1F"
"4235","11:12:24.469","标准帧","数据帧","CAN","0x201","发送成功","4","00 00 80 3F"
"4236","11:12:24.469","标准帧","数据帧","CAN","0x0","接收成功","8","11 C5 96 84 58 0F 21 1F"
"4237","11:12:24.469","标准帧","数据帧","CAN","0x201","发送成功","4","00 00 80 3F"
"4238","11:12:24.469","标准帧","数据帧","CAN","0x0","接收成功","8","11 C5 9A 84 58 0E 21 1F"
"4239","11:12:24.469","标准帧","数据帧","CAN","0x201","发送成功","4","00 00 80 3F"
"4240","11:12:24.469","标准帧","数据帧","CAN","0x0","接收成功","8","11 C5 9E 84 38 0E 21 1F"
"4241","11:12:24.469","标准帧","数据帧","CAN","0x201","发送成功","4","00 00 80 3F"
"4242","11:12:24.469","标准帧","数据帧","CAN","0x0","接收成功","8","11 C5 9F 84 38 0E 21 1F"
"4243","11:12:24.469","标准帧","数据帧","CAN","0x201","发送成功","4","00 00 80 3F"
"4244","11:12:24.469","标准帧","数据帧","CAN","0x0","接收成功","8","11 C5 A3 84 48 0F 21 1F"
"4245","11:12:24.469","标准帧","数据帧","CAN","0x201","发送成功","4","00 00 80 3F"
"4246","11:12:24.469","标准帧","数据帧","CAN","0x0","接收成功","8","11 C5 A5 84 38 0F 21 1F"
"4247","11:12:24.469","标准帧","数据帧","CAN","0x201","发送成功","4","00 00 80 3F"
"4248","11:12:24.469","标准帧","数据帧","CAN","0x0","接收成功","8","11 C5 A6 84 28 0F 21 1F"
"4249","11:12:24.469","标准帧","数据帧","CAN","0x201","发送成功","4","00 00 80 3F"
"4250","11:12:24.469","标准帧","数据帧","CAN","0x0","接收成功","8","11 C5 A9 84 28 10 21 1F"
"4251","11:12:24.480","标准帧","数据帧","CAN","0x201","发送成功","4","00 00 80 3F"
"4252","11:12:24.480","标准帧","数据帧","CAN","0x0","接收成功","8","11 C5 AD 84 08 11 21 1F"
"4253","11:12:24.480","标准帧","数据帧","CAN","0x201","发送成功","4","00 00 80 3F"
"4254","11:12:24.480","标准帧","数据帧","CAN","0x0","接收成功","8","11 C5 B2 84 08 12 21 1F"
"4255","11:12:24.480","标准帧","数据帧","CAN","0x201","发送成功","4","00 00 80 3F"
"4256","11:12:24.480","标准帧","数据帧","CAN","0x0","接收成功","8","11 C5 B5 84 08 13 21 1F"
"4257","11:12:24.480","标准帧","数据帧","CAN","0x201","发送成功","4","00 00 80 3F"
"4258","11:12:24.480","标准帧","数据帧","CAN","0x0","接收成功","8","11 C5 B6 84 08 13 21 1F"
"4259","11:12:24.480","标准帧","数据帧","CAN","0x201","发送成功","4","00 00 80 3F"
"4260","11:12:24.480","标准帧","数据帧","CAN","0x0","接收成功","8","11 C5 BA 84 18 13 21 1F"
"4261","11:12:24.480","标准帧","数据帧","CAN","0x201","发送成功","4","00 00 80 3F"
"4262","11:12:24.480","标准帧","数据帧","CAN","0x0","接收成功","8","11 C5 BD 84 28 12 21 1F"
"4263","11:12:24.480","标准帧","数据帧","CAN","0x201","发送成功","4","00 00 80 3F"
"4264","11:12:24.480","标准帧","数据帧","CAN","0x0","接收成功","8","11 C5 BE 84 28 12 21 1F"
"4265","11:12:24.480","标准帧","数据帧","CAN","0x201","发送成功","4","00 00 80 3F"
"4266","11:12:24.480","标准帧","数据帧","CAN","0x0","接收成功","8","11 C5 C1 84 38 12 21 1F"
"4267","11:12:24.491","标准帧","数据帧","CAN","0x201","发送成功","4","00 00 80 3F"
"4268","11:12:24.491","标准帧","数据帧","CAN","0x0","接收成功","8","11 C5 C7 84 48 11 21 1F"
"4269","11:12:24.491","标准帧","数据帧","CAN","0x201","发送成功","4","00 00 80 3F"
"4270","11:12:24.491","标准帧","数据帧","CAN","0x0","接收成功","8","11 C5 CC 84 58 10 21 1F"
"4271","11:12:24.491","标准帧","数据帧","CAN","0x201","发送成功","4","00 00 80 3F"
"4272","11:12:24.491","标准帧","数据帧","CAN","0x0","接收成功","8","11 C5 CF 84 68 0F 21 1F"
"4273","11:12:24.491","标准帧","数据帧","CAN","0x201","发送成功","4","00 00 80 3F"
"4274","11:12:24.491","标准帧","数据帧","CAN","0x0","接收成功","8","11 C5 D0 84 68 0E 21 1F"
"4275","11:12:24.491","标准帧","数据帧","CAN","0x201","发送成功","4","00 00 80 3F"
"4276","11:12:24.491","标准帧","数据帧","CAN","0x0","接收成功","8","11 C5 D4 84 78 0D 21 1F"
"4277","11:12:24.491","标准帧","数据帧","CAN","0x201","发送成功","4","00 00 80 3F"
"4278","11:12:24.491","标准帧","数据帧","CAN","0x0","接收成功","8","11 C5 D7 84 78 0C 21 1F"
"4279","11:12:24.491","标准帧","数据帧","CAN","0x201","发送成功","4","00 00 80 3F"
"4280","11:12:24.491","标准帧","数据帧","CAN","0x0","接收成功","8","11 C5 D8 84 58 0C 21 1F"
"4281","11:12:24.491","标准帧","数据帧","CAN","0x201","发送成功","4","00 00 80 3F"
"4282","11:12:24.491","标准帧","数据帧","CAN","0x0","接收成功","8","11 C5 DD 84 58 0C 21 1F"
"4283","11:12:24.491","标准帧","数据帧","CAN","0x201","发送成功","4","00 00 80 3F"
"4284","11:12:24.491","标准帧","数据帧","CAN","0x0","接收成功","8","11 C5 E0 84 48 0D 21 1F"
"4285","11:12:24.501","标准帧","数据帧","CAN","0x201","发送成功","4","00 00 80 3F"
"4286","11:12:24.501","标准帧","数据帧","CAN","0x0","接收成功","8","11 C5 E4 84 28 0D 21 1F"
"4287","11:12:24.501","标准帧","数据帧","CAN","0x201","发送成功","4","00 00 80 3F"
"4288","11:12:24.501","标准帧","数据帧","CAN","0x0","接收成功","8","11 C5 E8 84 38 0F 21 1F"
"4289","11:12:24.501","标准帧","数据帧","CAN","0x201","发送成功","4","00 00 80 3F"
"4290","11:12:24.501","标准帧","数据帧","CAN","0x0","接收成功","8","11 C5 EB 84 28 10 21 1F"
"4291","11:12:24.501","标准帧","数据帧","CAN","0x201","发送成功","4","00 00 80 3F"
"4292","11:12:24.501","标准帧","数据帧","CAN","0x201","发送成功","4","00 00 80 3F"
"4293","11:12:24.501","标准帧","数据帧","CAN","0x0","接收成功","8","11 C5 EE 84 28 10 21 1F"
"4294","11:12:24.501","标准帧","数据帧","CAN","0x0","接收成功","8","11 C5 EE 84 08 11 21 1F"
"4295","11:12:24.501","标准帧","数据帧","CAN","0x201","发送成功","4","00 00 80 3F"
"4296","11:12:24.501","标准帧","数据帧","CAN","0x0","接收成功","8","11 C5 F3 83 F8 15 21 1F"
"4297","11:12:24.501","标准帧","数据帧","CAN","0x201","发送成功","4","00 00 80 3F"
"4298","11:12:24.501","标准帧","数据帧","CAN","0x0","接收成功","8","11 C5 F6 83 F8 15 21 1F"
"4299","11:12:24.512","标准帧","数据帧","CAN","0x201","发送成功","4","00 00 80 3F"
"4300","11:12:24.512","标准帧","数据帧","CAN","0x0","接收成功","8","11 C6 01 84 38 14 21 1F"
"4301","11:12:24.512","标准帧","数据帧","CAN","0x201","发送成功","4","00 00 80 3F"
"4302","11:12:24.512","标准帧","数据帧","CAN","0x0","接收成功","8","11 C6 06 84 48 13 21 1F"
"4303","11:12:24.512","标准帧","数据帧","CAN","0x201","发送成功","4","00 00 80 3F"
"4304","11:12:24.512","标准帧","数据帧","CAN","0x0","接收成功","8","11 C6 07 84 48 13 21 1F"
"4305","11:12:24.512","标准帧","数据帧","CAN","0x201","发送成功","4","00 00 80 3F"
"4306","11:12:24.512","标准帧","数据帧","CAN","0x0","接收成功","8","11 C6 0C 84 68 12 21 1F"
"4307","11:12:24.512","标准帧","数据帧","CAN","0x201","发送成功","4","00 00 80 3F"
"4308","11:12:24.512","标准帧","数据帧","CAN","0x0","接收成功","8","11 C6 0F 84 48 11 21 1F"
"4309","11:12:24.512","标准帧","数据帧","CAN","0x201","发送成功","4","00 00 80 3F"
"4310","11:12:24.512","标准帧","数据帧","CAN","0x0","接收成功","8","11 C6 10 84 48 11 21 1F"
"4311","11:12:24.512","标准帧","数据帧","CAN","0x201","发送成功","4","00 00 80 3F"
"4312","11:12:24.512","标准帧","数据帧","CAN","0x0","接收成功","8","11 C6 13 84 68 0F 21 1F"
"4313","11:12:24.512","标准帧","数据帧","CAN","0x201","发送成功","4","00 00 80 3F"
"4314","11:12:24.512","标准帧","数据帧","CAN","0x0","接收成功","8","11 C6 18 84 88 0F 21 1F"
"4315","11:12:24.522","标准帧","数据帧","CAN","0x201","发送成功","4","00 00 80 3F"
"4316","11:12:24.522","标准帧","数据帧","CAN","0x0","接收成功","8","11 C6 1F 84 68 0F 21 1F"
"4317","11:12:24.522","标准帧","数据帧","CAN","0x201","发送成功","4","00 00 80 3F"
"4318","11:12:24.522","标准帧","数据帧","CAN","0x0","接收成功","8","11 C6 22 84 48 0F 21 1F"
"4319","11:12:24.522","标准帧","数据帧","CAN","0x201","发送成功","4","00 00 80 3F"
"4320","11:12:24.522","标准帧","数据帧","CAN","0x0","接收成功","8","11 C6 23 84 48 0F 21 1F"
"4321","11:12:24.522","标准帧","数据帧","CAN","0x201","发送成功","4","00 00 80 3F"
"4322","11:12:24.522","标准帧","数据帧","CAN","0x0","接收成功","8","11 C6 26 84 38 0F 21 1F"
"4323","11:12:24.522","标准帧","数据帧","CAN","0x201","发送成功","4","00 00 80 3F"
"4324","11:12:24.522","标准帧","数据帧","CAN","0x0","接收成功","8","11 C6 27 84 38 0F 21 1F"
"4325","11:12:24.522","标准帧","数据帧","CAN","0x201","发送成功","4","00 00 80 3F"
"4326","11:12:24.522","标准帧","数据帧","CAN","0x0","接收成功","8","11 C6 2B 84 28 11 21 1F"
"4327","11:12:24.522","标准帧","数据帧","CAN","0x201","发送成功","4","00 00 80 3F"
"4328","11:12:24.522","标准帧","数据帧","CAN","0x0","接收成功","8","11 C6 2E 84 18 12 21 1F"
"4329","11:12:24.522","标准帧","数据帧","CAN","0x201","发送成功","4","00 00 80 3F"
"4330","11:12:24.522","标准帧","数据帧","CAN","0x0","接收成功","8","11 C6 32 84 18 13 21 1F"
"4331","11:12:24.522","标准帧","数据帧","CAN","0x201","发送成功","4","00 00 80 3F"
"4332","11:12:24.522","标准帧","数据帧","CAN","0x0","接收成功","8","11 C6 36 84 08 13 21 1F"
"4333","11:12:24.533","标准帧","数据帧","CAN","0x201","发送成功","4","00 00 80 3F"
"4334","11:12:24.533","标准帧","数据帧","CAN","0x0","接收成功","8","11 C6 39 84 28 14 21 1F"
"4335","11:12:24.533","标准帧","数据帧","CAN","0x201","发送成功","4","00 00 80 3F"
"4336","11:12:24.533","标准帧","数据帧","CAN","0x0","接收成功","8","11 C6 3D 84 18 14 21 1F"
"4337","11:12:24.533","标准帧","数据帧","CAN","0x201","发送成功","4","00 00 80 3F"
"4338","11:12:24.533","标准帧","数据帧","CAN","0x0","接收成功","8","11 C6 40 84 28 14 21 1F"
"4339","11:12:24.533","标准帧","数据帧","CAN","0x201","发送成功","4","00 00 80 3F"
"4340","11:12:24.533","标准帧","数据帧","CAN","0x0","接收成功","8","11 C6 45 84 38 12 21 1F"
"4341","11:12:24.533","标准帧","数据帧","CAN","0x201","发送成功","4","00 00 80 3F"
"4342","11:12:24.533","标准帧","数据帧","CAN","0x0","接收成功","8","11 C6 4A 84 38 11 21 1F"
"4343","11:12:24.533","标准帧","数据帧","CAN","0x201","发送成功","4","00 00 80 3F"
"4344","11:12:24.533","标准帧","数据帧","CAN","0x0","接收成功","8","11 C6 4D 84 68 10 21 1F"
"4345","11:12:24.533","标准帧","数据帧","CAN","0x201","发送成功","4","00 00 80 3F"
"4346","11:12:24.533","标准帧","数据帧","CAN","0x0","接收成功","8","11 C6 4E 84 68 10 21 1F"
"4347","11:12:24.544","标准帧","数据帧","CAN","0x201","发送成功","4","00 00 80 3F"
"4348","11:12:24.544","标准帧","数据帧","CAN","0x0","接收成功","8","11 C6 52 84 78 0F 21 1F"
"4349","11:12:24.544","标准帧","数据帧","CAN","0x201","发送成功","4","00 00 80 3F"
"4350","11:12:24.544","标准帧","数据帧","CAN","0x0","接收成功","8","11 C6 55 84 78 0E 21 1F"
"4351","11:12:24.544","标准帧","数据帧","CAN","0x201","发送成功","4","00 00 80 3F"
"4352","11:12:24.544","标准帧","数据帧","CAN","0x0","接收成功","8","11 C6 57 84 78 0E 21 1F"
"4353","11:12:24.544","标准帧","数据帧","CAN","0x201","发送成功","4","00 00 80 3F"
"4354","11:12:24.544","标准帧","数据帧","CAN","0x0","接收成功","8","11 C6 5B 84 68 0D 21 1F"
"4355","11:12:24.544","标准帧","数据帧","CAN","0x201","发送成功","4","00 00 80 3F"
"4356","11:12:24.544","标准帧","数据帧","CAN","0x0","接收成功","8","11 C6 5F 84 68 0C 21 1F"
"4357","11:12:24.544","标准帧","数据帧","CAN","0x201","发送成功","4","00 00 80 3F"
"4358","11:12:24.544","标准帧","数据帧","CAN","0x201","发送成功","4","00 00 80 3F"
"4359","11:12:24.544","标准帧","数据帧","CAN","0x0","接收成功","8","11 C6 62 84 58 0D 21 1F"
"4360","11:12:24.544","标准帧","数据帧","CAN","0x0","接收成功","8","11 C6 62 84 38 0E 21 1F"
"4361","11:12:24.544","标准帧","数据帧","CAN","0x201","发送成功","4","00 00 80 3F"
"4362","11:12:24.544","标准帧","数据帧","CAN","0x0","接收成功","8","11 C6 66 84 48 0F 21 1F"
"4363","11:12:24.544","标准帧","数据帧","CAN","0x201","发送成功","4","00 00 80 3F"
"4364","11:12:24.544","标准帧","数据帧","CAN","0x0","接收成功","8","11 C6 69 84 18 0F 21 1F"
"4365","11:12:24.544","标准帧","数据帧","CAN","0x201","发送成功","4","00 00 80 3F"
"4366","11:12:24.544","标准帧","数据帧","CAN","0x0","接收成功","8","11 C6 6C 84 28 10 21 1F"
"4367","11:12:24.555","标准帧","数据帧","CAN","0x201","发送成功","4","00 00 80 3F"
"4368","11:12:24.555","标准帧","数据帧","CAN","0x0","接收成功","8","11 C6 70 84 28 11 21 1F"
"4369","11:12:24.555","标准帧","数据帧","CAN","0x201","发送成功","4","00 00 80 3F"
"4370","11:12:24.555","标准帧","数据帧","CAN","0x0","接收成功","8","11 C6 77 84 18 13 21 1F"
"4371","11:12:24.555","标准帧","数据帧","CAN","0x201","发送成功","4","00 00 80 3F"
"4372","11:12:24.555","标准帧","数据帧","CAN","0x0","接收成功","8","11 C6 7A 84 08 14 21 1F"
"4373","11:12:24.555","标准帧","数据帧","CAN","0x201","发送成功","4","00 00 80 3F"
"4374","11:12:24.555","标准帧","数据帧","CAN","0x0","接收成功","8","11 C6 7B 84 08 14 21 1F"
"4375","11:12:24.555","标准帧","数据帧","CAN","0x201","发送成功","4","00 00 80 3F"
"4376","11:12:24.555","标准帧","数据帧","CAN","0x0","接收成功","8","11 C6 7E 84 08 15 21 1F"
"4377","11:12:24.555","标准帧","数据帧","CAN","0x201","发送成功","4","00 00 80 3F"
"4378","11:12:24.555","标准帧","数据帧","CAN","0x0","接收成功","8","11 C6 82 84 18 15 21 1F"
"4379","11:12:24.555","标准帧","数据帧","CAN","0x201","发送成功","4","00 00 80 3F"
"4380","11:12:24.555","标准帧","数据帧","CAN","0x0","接收成功","8","11 C6 85 84 28 15 21 1F"
"4381","11:12:24.555","标准帧","数据帧","CAN","0x201","发送成功","4","00 00 80 3F"
"4382","11:12:24.555","标准帧","数据帧","CAN","0x0","接收成功","8","11 C6 85 84 28 15 21 1F"
"4383","11:12:24.565","标准帧","数据帧","CAN","0x201","发送成功","4","00 00 80 3F"
"4384","11:12:24.565","标准帧","数据帧","CAN","0x0","接收成功","8","11 C6 8A 84 48 14 21 1F"
"4385","11:12:24.565","标准帧","数据帧","CAN","0x201","发送成功","4","00 00 80 3F"
"4386","11:12:24.565","标准帧","数据帧","CAN","0x0","接收成功","8","11 C6 8E 84 48 12 21 1F"
"4387","11:12:24.565","标准帧","数据帧","CAN","0x201","发送成功","4","00 00 80 3F"
"4388","11:12:24.565","标准帧","数据帧","CAN","0x0","接收成功","8","11 C6 92 84 58 12 21 1F"
"4389","11:12:24.565","标准帧","数据帧","CAN","0x201","发送成功","4","00 00 80 3F"
"4390","11:12:24.565","标准帧","数据帧","CAN","0x0","接收成功","8","11 C6 95 84 68 11 21 1F"
"4391","11:12:24.565","标准帧","数据帧","CAN","0x201","发送成功","4","00 00 80 3F"
"4392","11:12:24.565","标准帧","数据帧","CAN","0x0","接收成功","8","11 C6 99 84 58 0F 21 1F"
"4393","11:12:24.565","标准帧","数据帧","CAN","0x201","发送成功","4","00 00 80 3F"
"4394","11:12:24.565","标准帧","数据帧","CAN","0x0","接收成功","8","11 C6 9D 84 68 0F 21 1F"
"4395","11:12:24.565","标准帧","数据帧","CAN","0x201","发送成功","4","00 00 80 3F"
"4396","11:12:24.565","标准帧","数据帧","CAN","0x0","接收成功","8","11 C6 A2 84 58 0F 21 1F"
"4397","11:12:24.575","标准帧","数据帧","CAN","0x201","发送成功","4","00 00 80 3F"
"4398","11:12:24.575","标准帧","数据帧","CAN","0x0","接收成功","8","11 C6 A6 84 38 0E 21 1F"
"4399","11:12:24.575","标准帧","数据帧","CAN","0x201","发送成功","4","00 00 80 3F"
"4400","11:12:24.575","标准帧","数据帧","CAN","0x0","接收成功","8","11 C6 A9 84 38 0F 21 1F"
"4401","11:12:24.575","标准帧","数据帧","CAN","0x201","发送成功","4","00 00 80 3F"
"4402","11:12:24.575","标准帧","数据帧","CAN","0x0","接收成功","8","11 C6 AA 84 38 0F 21 1F"
"4403","11:12:24.575","标准帧","数据帧","CAN","0x201","发送成功","4","00 00 80 3F"
"4404","11:12:24.575","标准帧","数据帧","CAN","0x0","接收成功","8","11 C6 AD 84 38 10 21 1F"
"4405","11:12:24.575","标准帧","数据帧","CAN","0x201","发送成功","4","00 00 80 3F"
"4406","11:12:24.575","标准帧","数据帧","CAN","0x0","接收成功","8","11 C6 B0 84 38 0F 21 1F"
"4407","11:12:24.575","标准帧","数据帧","CAN","0x201","发送成功","4","00 00 80 3F"
"4408","11:12:24.575","标准帧","数据帧","CAN","0x0","接收成功","8","11 C6 B5 84 28 10 21 1F"
"4409","11:12:24.575","标准帧","数据帧","CAN","0x201","发送成功","4","00 00 80 3F"
"4410","11:12:24.575","标准帧","数据帧","CAN","0x0","接收成功","8","11 C6 B8 84 28 11 21 1F"
"4411","11:12:24.575","标准帧","数据帧","CAN","0x201","发送成功","4","00 00 80 3F"
"4412","11:12:24.575","标准帧","数据帧","CAN","0x0","接收成功","8","11 C6 B8 84 28 11 21 1F"
"4413","11:12:24.575","标准帧","数据帧","CAN","0x201","发送成功","4","00 00 80 3F"
"4414","11:12:24.575","标准帧","数据帧","CAN","0x0","接收成功","8","11 C6 BC 84 38 11 21 1F"
"4415","11:12:24.575","标准帧","数据帧","CAN","0x201","发送成功","4","00 00 80 3F"
"4416","11:12:24.575","标准帧","数据帧","CAN","0x0","接收成功","8","11 C6 BF 84 38 11 21 1F"
"4417","11:12:24.575","标准帧","数据帧","CAN","0x201","发送成功","4","00 00 80 3F"
"4418","11:12:24.575","标准帧","数据帧","CAN","0x0","接收成功","8","11 C6 C0 84 38 11 21 1F"
"4419","11:12:24.586","标准帧","数据帧","CAN","0x201","发送成功","4","00 00 80 3F"
"4420","11:12:24.586","标准帧","数据帧","CAN","0x0","接收成功","8","11 C6 C3 84 28 11 21 1F"
"4421","11:12:24.586","标准帧","数据帧","CAN","0x201","发送成功","4","00 00 80 3F"
"4422","11:12:24.586","标准帧","数据帧","CAN","0x0","接收成功","8","11 C6 C8 84 38 11 21 1F"
"4423","11:12:24.586","标准帧","数据帧","CAN","0x201","发送成功","4","00 00 80 3F"
"4424","11:12:24.586","标准帧","数据帧","CAN","0x0","接收成功","8","11 C6 CD 84 48 11 21 1F"
"4425","11:12:24.586","标准帧","数据帧","CAN","0x201","发送成功","4","00 00 80 3F"
"4426","11:12:24.586","标准帧","数据帧","CAN","0x0","接收成功","8","11 C6 D1 84 58 10 21 1F"
"4427","11:12:24.586","标准帧","数据帧","CAN","0x201","发送成功","4","00 00 80 3F"
"4428","11:12:24.586","标准帧","数据帧","CAN","0x0","接收成功","8","11 C6 D5 84 58 10 21 1F"
"4429","11:12:24.586","标准帧","数据帧","CAN","0x201","发送成功","4","00 00 80 3F"
"4430","11:12:24.586","标准帧","数据帧","CAN","0x0","接收成功","8","11 C6 D8 84 38 0F 21 1F"
"4431","11:12:24.586","标准帧","数据帧","CAN","0x201","发送成功","4","00 00 80 3F"
"4432","11:12:24.586","标准帧","数据帧","CAN","0x0","接收成功","8","11 C6 D9 84 38 0F 21 1F"
"4433","11:12:24.586","标准帧","数据帧","CAN","0x201","发送成功","4","00 00 80 3F"
"4434","11:12:24.586","标准帧","数据帧","CAN","0x0","接收成功","8","11 C6 DD 84 48 10 21 1F"
"4435","11:12:24.597","标准帧","数据帧","CAN","0x201","发送成功","4","00 00 80 3F"
"4436","11:12:24.597","标准帧","数据帧","CAN","0x0","接收成功","8","11 C6 E0 84 58 0F 21 1F"
"4437","11:12:24.597","标准帧","数据帧","CAN","0x201","发送成功","4","00 00 80 3F"
"4438","11:12:24.597","标准帧","数据帧","CAN","0x0","接收成功","8","11 C6 E4 84 48 0F 21 1F"
"4439","11:12:24.597","标准帧","数据帧","CAN","0x201","发送成功","4","00 00 80 3F"
"4440","11:12:24.597","标准帧","数据帧","CAN","0x0","接收成功","8","11 C6 E5 84 48 0F 21 1F"
"4441","11:12:24.597","标准帧","数据帧","CAN","0x201","发送成功","4","00 00 80 3F"
"4442","11:12:24.597","标准帧","数据帧","CAN","0x0","接收成功","8","11 C6 E9 84 58 10 21 1F"
"4443","11:12:24.597","标准帧","数据帧","CAN","0x201","发送成功","4","00 00 80 3F"
"4444","11:12:24.597","标准帧","数据帧","CAN","0x0","接收成功","8","11 C6 EC 84 48 10 21 1F"
"4445","11:12:24.597","标准帧","数据帧","CAN","0x201","发送成功","4","00 00 80 3F"
"4446","11:12:24.597","标准帧","数据帧","CAN","0x0","接收成功","8","11 C6 EC 84 48 10 21 1F"
"4447","11:12:24.597","标准帧","数据帧","CAN","0x201","发送成功","4","00 00 80 3F"
"4448","11:12:24.597","标准帧","数据帧","CAN","0x0","接收成功","8","11 C6 F0 84 38 11 21 1F"
"4449","11:12:24.597","标准帧","数据帧","CAN","0x201","发送成功","4","00 00 80 3F"
"4450","11:12:24.597","标准帧","数据帧","CAN","0x0","接收成功","8","11 C6 F3 84 28 11 21 1F"
"4451","11:12:24.607","标准帧","数据帧","CAN","0x201","发送成功","4","00 00 80 3F"
"4452","11:12:24.607","标准帧","数据帧","CAN","0x0","接收成功","8","11 C6 F8 84 48 11 21 1F"
"4453","11:12:24.607","标准帧","数据帧","CAN","0x201","发送成功","4","00 00 80 3F"
"4454","11:12:24.607","标准帧","数据帧","CAN","0x0","接收成功","8","11 C6 FC 84 28 11 21 1F"
"4455","11:12:24.607","标准帧","数据帧","CAN","0x201","发送成功","4","00 00 80 3F"
"4456","11:12:24.607","标准帧","数据帧","CAN","0x0","接收成功","8","11 C6 FC 84 48 11 21 1F"
"4457","11:12:24.607","标准帧","数据帧","CAN","0x201","发送成功","4","00 00 80 3F"
"4458","11:12:24.607","标准帧","数据帧","CAN","0x0","接收成功","8","11 C7 00 84 28 11 21 1F"
"4459","11:12:24.607","标准帧","数据帧","CAN","0x201","发送成功","4","00 00 80 3F"
"4460","11:12:24.607","标准帧","数据帧","CAN","0x0","接收成功","8","11 C7 0A 84 28 12 21 1F"
"4461","11:12:24.607","标准帧","数据帧","CAN","0x201","发送成功","4","00 00 80 3F"
"4462","11:12:24.607","标准帧","数据帧","CAN","0x0","接收成功","8","11 C7 0E 84 28 12 21 1F"
"4463","11:12:24.607","标准帧","数据帧","CAN","0x201","发送成功","4","00 00 80 3F"
"4464","11:12:24.607","标准帧","数据帧","CAN","0x0","接收成功","8","11 C7 0E 84 28 12 21 1F"
"4465","11:12:24.607","标准帧","数据帧","CAN","0x201","发送成功","4","00 00 80 3F"
"4466","11:12:24.607","标准帧","数据帧","CAN","0x0","接收成功","8","11 C7 12 84 28 12 21 1F"
"4467","11:12:24.607","标准帧","数据帧","CAN","0x201","发送成功","4","00 00 80 3F"
"4468","11:12:24.607","标准帧","数据帧","CAN","0x0","接收成功","8","11 C7 13 84 28 12 21 1F"
"4469","11:12:24.618","标准帧","数据帧","CAN","0x201","发送成功","4","00 00 80 3F"
"4470","11:12:24.618","标准帧","数据帧","CAN","0x0","接收成功","8","11 C7 17 84 28 11 21 1F"
"4471","11:12:24.618","标准帧","数据帧","CAN","0x201","发送成功","4","00 00 80 3F"
"4472","11:12:24.618","标准帧","数据帧","CAN","0x0","接收成功","8","11 C7 1A 84 28 12 21 1F"
"4473","11:12:24.618","标准帧","数据帧","CAN","0x201","发送成功","4","00 00 80 3F"
"4474","11:12:24.618","标准帧","数据帧","CAN","0x0","接收成功","8","11 C7 1C 84 28 11 21 1F"
"4475","11:12:24.618","标准帧","数据帧","CAN","0x201","发送成功","4","00 00 80 3F"
"4476","11:12:24.618","标准帧","数据帧","CAN","0x0","接收成功","8","11 C7 21 84 48 11 21 1F"
"4477","11:12:24.618","标准帧","数据帧","CAN","0x201","发送成功","4","00 00 80 3F"
"4478","11:12:24.618","标准帧","数据帧","CAN","0x0","接收成功","8","11 C7 27 84 48 0F 21 1F"
"4479","11:12:24.618","标准帧","数据帧","CAN","0x201","发送成功","4","00 00 80 3F"
"4480","11:12:24.618","标准帧","数据帧","CAN","0x0","接收成功","8","11 C7 29 84 48 0F 21 1F"
"4481","11:12:24.618","标准帧","数据帧","CAN","0x201","发送成功","4","00 00 80 3F"
"4482","11:12:24.618","标准帧","数据帧","CAN","0x0","接收成功","8","11 C7 2D 84 58 0F 21 1F"
"4483","11:12:24.618","标准帧","数据帧","CAN","0x201","发送成功","4","00 00 80 3F"
"4484","11:12:24.618","标准帧","数据帧","CAN","0x0","接收成功","8","11 C7 31 84 48 0E 21 1F"
"4485","11:12:24.618","标准帧","数据帧","CAN","0x201","发送成功","4","00 00 80 3F"
"4486","11:12:24.618","标准帧","数据帧","CAN","0x0","接收成功","8","11 C7 34 84 48 0F 21 1F"
"4487","11:12:24.618","标准帧","数据帧","CAN","0x201","发送成功","4","00 00 80 3F"
"4488","11:12:24.618","标准帧","数据帧","CAN","0x0","接收成功","8","11 C7 35 84 48 0F 21 1F"
"4489","11:12:24.618","标准帧","数据帧","CAN","0x201","发送成功","4","00 00 80 3F"
"4490","11:12:24.618","标准帧","数据帧","CAN","0x0","接收成功","8","11 C7 3A 84 48 0E 21 1F"
"4491","11:12:24.618","标准帧","数据帧","CAN","0x201","发送成功","4","00 00 80 3F"
"4492","11:12:24.618","标准帧","数据帧","CAN","0x0","接收成功","8","11 C7 3E 84 38 0E 21 1F"
"4493","11:12:24.618","标准帧","数据帧","CAN","0x201","发送成功","4","00 00 80 3F"
"4494","11:12:24.618","标准帧","数据帧","CAN","0x0","接收成功","8","11 C7 41 84 38 10 21 1F"
"4495","11:12:24.618","标准帧","数据帧","CAN","0x201","发送成功","4","00 00 80 3F"
"4496","11:12:24.618","标准帧","数据帧","CAN","0x0","接收成功","8","11 C7 44 84 38 10 21 1F"
"4497","11:12:24.618","标准帧","数据帧","CAN","0x201","发送成功","4","00 00 80 3F"
"4498","11:12:24.618","标准帧","数据帧","CAN","0x0","接收成功","8","11 C7 48 84 28 10 21 1F"
"4499","11:12:24.618","标准帧","数据帧","CAN","0x201","发送成功","4","00 00 80 3F"
"4500","11:12:24.618","标准帧","数据帧","CAN","0x0","接收成功","8","11 C7 4B 84 08 12 21 1F"
"4501","11:12:24.629","标准帧","数据帧","CAN","0x201","发送成功","4","00 00 80 3F"
"4502","11:12:24.629","标准帧","数据帧","CAN","0x0","接收成功","8","11 C7 50 84 18 14 21 1F"
"4503","11:12:24.629","标准帧","数据帧","CAN","0x201","发送成功","4","00 00 80 3F"
"4504","11:12:24.629","标准帧","数据帧","CAN","0x0","接收成功","8","11 C7 55 84 18 14 21 1F"
"4505","11:12:24.629","标准帧","数据帧","CAN","0x201","发送成功","4","00 00 80 3F"
"4506","11:12:24.629","标准帧","数据帧","CAN","0x0","接收成功","8","11 C7 59 84 28 14 21 1F"
"4507","11:12:24.629","标准帧","数据帧","CAN","0x201","发送成功","4","00 00 80 3F"
"4508","11:12:24.629","标准帧","数据帧","CAN","0x0","接收成功","8","11 C7 5C 84 28 14 21 1F"
"4509","11:12:24.629","标准帧","数据帧","CAN","0x201","发送成功","4","00 00 80 3F"
"4510","11:12:24.629","标准帧","数据帧","CAN","0x0","接收成功","8","11 C7 5F 84 38 13 21 1F"
"4511","11:12:24.629","标准帧","数据帧","CAN","0x201","发送成功","4","00 00 80 3F"
"4512","11:12:24.629","标准帧","数据帧","CAN","0x0","接收成功","8","11 C7 60 84 58 13 21 1F"
"4513","11:12:24.629","标准帧","数据帧","CAN","0x201","发送成功","4","00 00 80 3F"
"4514","11:12:24.629","标准帧","数据帧","CAN","0x0","接收成功","8","11 C7 64 84 58 12 21 1F"
"4515","11:12:24.640","标准帧","数据帧","CAN","0x201","发送成功","4","00 00 80 3F"
"4516","11:12:24.640","标准帧","数据帧","CAN","0x0","接收成功","8","11 C7 68 84 68 11 21 1F"
"4517","11:12:24.640","标准帧","数据帧","CAN","0x201","发送成功","4","00 00 80 3F"
"4518","11:12:24.640","标准帧","数据帧","CAN","0x0","接收成功","8","11 C7 6D 84 58 10 21 1F"
"4519","11:12:24.640","标准帧","数据帧","CAN","0x201","发送成功","4","00 00 80 3F"
"4520","11:12:24.640","标准帧","数据帧","CAN","0x0","接收成功","8","11 C7 71 84 68 0F 21 1F"
"4521","11:12:24.640","标准帧","数据帧","CAN","0x201","发送成功","4","00 00 80 3F"
"4522","11:12:24.640","标准帧","数据帧","CAN","0x0","接收成功","8","11 C7 75 84 68 0F 21 1F"
"4523","11:12:24.640","标准帧","数据帧","CAN","0x201","发送成功","4","00 00 80 3F"
"4524","11:12:24.640","标准帧","数据帧","CAN","0x0","接收成功","8","11 C7 78 84 48 0F 21 1F"
"4525","11:12:24.640","标准帧","数据帧","CAN","0x201","发送成功","4","00 00 80 3F"
"4526","11:12:24.640","标准帧","数据帧","CAN","0x0","接收成功","8","11 C7 7D 84 48 0F 21 1F"
"4527","11:12:24.640","标准帧","数据帧","CAN","0x201","发送成功","4","00 00 80 3F"
"4528","11:12:24.640","标准帧","数据帧","CAN","0x0","接收成功","8","11 C7 80 84 38 10 21 1F"
"4529","11:12:24.651","标准帧","数据帧","CAN","0x201","发送成功","4","00 00 80 3F"
"4530","11:12:24.651","标准帧","数据帧","CAN","0x0","接收成功","8","11 C7 84 84 48 10 21 1F"
"4531","11:12:24.651","标准帧","数据帧","CAN","0x201","发送成功","4","00 00 80 3F"
"4532","11:12:24.651","标准帧","数据帧","CAN","0x0","接收成功","8","11 C7 87 84 08 11 21 1F"
"4533","11:12:24.651","标准帧","数据帧","CAN","0x201","发送成功","4","00 00 80 3F"
"4534","11:12:24.651","标准帧","数据帧","CAN","0x0","接收成功","8","11 C7 8A 84 08 13 21 1F"
"4535","11:12:24.651","标准帧","数据帧","CAN","0x201","发送成功","4","00 00 80 3F"
"4536","11:12:24.651","标准帧","数据帧","CAN","0x0","接收成功","8","11 C7 8E 84 08 14 21 1F"
"4537","11:12:24.651","标准帧","数据帧","CAN","0x201","发送成功","4","00 00 80 3F"
"4538","11:12:24.651","标准帧","数据帧","CAN","0x0","接收成功","8","11 C7 92 84 08 14 21 1F"
"4539","11:12:24.651","标准帧","数据帧","CAN","0x201","发送成功","4","00 00 80 3F"
"4540","11:12:24.651","标准帧","数据帧","CAN","0x0","接收成功","8","11 C7 95 84 18 14 21 1F"
"4541","11:12:24.651","标准帧","数据帧","CAN","0x201","发送成功","4","00 00 80 3F"
"4542","11:12:24.651","标准帧","数据帧","CAN","0x0","接收成功","8","11 C7 98 84 18 14 21 1F"
"4543","11:12:24.651","标准帧","数据帧","CAN","0x201","发送成功","4","00 00 80 3F"
"4544","11:12:24.651","标准帧","数据帧","CAN","0x0","接收成功","8","11 C7 99 84 18 14 21 1F"
"4545","11:12:24.651","标准帧","数据帧","CAN","0x201","发送成功","4","00 00 80 3F"
"4546","11:12:24.651","标准帧","数据帧","CAN","0x0","接收成功","8","11 C7 9C 84 28 14 21 1F"
"4547","11:12:24.661","标准帧","数据帧","CAN","0x201","发送成功","4","00 00 80 3F"
"4548","11:12:24.661","标准帧","数据帧","CAN","0x0","接收成功","8","11 C7 A0 84 48 13 21 1F"
"4549","11:12:24.661","标准帧","数据帧","CAN","0x201","发送成功","4","00 00 80 3F"
"4550","11:12:24.661","标准帧","数据帧","CAN","0x0","接收成功","8","11 C7 A5 84 58 12 21 1F"
"4551","11:12:24.661","标准帧","数据帧","CAN","0x201","发送成功","4","00 00 80 3F"
"4552","11:12:24.661","标准帧","数据帧","CAN","0x0","接收成功","8","11 C7 A9 84 58 10 21 1F"
"4553","11:12:24.661","标准帧","数据帧","CAN","0x201","发送成功","4","00 00 80 3F"
"4554","11:12:24.661","标准帧","数据帧","CAN","0x0","接收成功","8","11 C7 AA 84 78 10 21 1F"
"4555","11:12:24.661","标准帧","数据帧","CAN","0x201","发送成功","4","00 00 80 3F"
"4556","11:12:24.661","标准帧","数据帧","CAN","0x0","接收成功","8","11 C7 AE 84 78 0E 21 1F"
"4557","11:12:24.661","标准帧","数据帧","CAN","0x201","发送成功","4","00 00 80 3F"
"4558","11:12:24.661","标准帧","数据帧","CAN","0x0","接收成功","8","11 C7 B2 84 88 0E 21 1F"
"4559","11:12:24.661","标准帧","数据帧","CAN","0x201","发送成功","4","00 00 80 3F"
"4560","11:12:24.661","标准帧","数据帧","CAN","0x0","接收成功","8","11 C7 B6 84 68 0C 21 1F"
"4561","11:12:24.661","标准帧","数据帧","CAN","0x201","发送成功","4","00 00 80 3F"
"4562","11:12:24.661","标准帧","数据帧","CAN","0x0","接收成功","8","11 C7 B9 84 58 0D 21 1F"
"4563","11:12:24.671","标准帧","数据帧","CAN","0x201","发送成功","4","00 00 80 3F"
"4564","11:12:24.671","标准帧","数据帧","CAN","0x0","接收成功","8","11 C7 BE 84 38 0E 21 1F"
"4565","11:12:24.671","标准帧","数据帧","CAN","0x201","发送成功","4","00 00 80 3F"
"4566","11:12:24.671","标准帧","数据帧","CAN","0x0","接收成功","8","11 C7 C1 84 38 0F 21 1F"
"4567","11:12:24.671","标准帧","数据帧","CAN","0x201","发送成功","4","00 00 80 3F"
"4568","11:12:24.671","标准帧","数据帧","CAN","0x0","接收成功","8","11 C7 C2 84 38 0F 21 1F"
"4569","11:12:24.671","标准帧","数据帧","CAN","0x201","发送成功","4","00 00 80 3F"
"4570","11:12:24.671","标准帧","数据帧","CAN","0x0","接收成功","8","11 C7 C5 84 28 10 21 1F"
"4571","11:12:24.671","标准帧","数据帧","CAN","0x201","发送成功","4","00 00 80 3F"
"4572","11:12:24.671","标准帧","数据帧","CAN","0x0","接收成功","8","11 C7 C8 84 18 11 21 1F"
"4573","11:12:24.671","标准帧","数据帧","CAN","0x201","发送成功","4","00 00 80 3F"
"4574","11:12:24.671","标准帧","数据帧","CAN","0x0","接收成功","8","11 C7 CB 84 18 14 21 1F"
"4575","11:12:24.671","标准帧","数据帧","CAN","0x201","发送成功","4","00 00 80 3F"
"4576","11:12:24.671","标准帧","数据帧","CAN","0x0","接收成功","8","11 C7 CF 83 F8 14 21 1F"
"4577","11:12:24.671","标准帧","数据帧","CAN","0x201","发送成功","4","00 00 80 3F"
"4578","11:12:24.682","标准帧","数据帧","CAN","0x0","接收成功","8","11 C7 D3 84 08 16 21 1F"
"4579","11:12:24.682","标准帧","数据帧","CAN","0x201","发送成功","4","00 00 80 3F"
"4580","11:12:24.682","标准帧","数据帧","CAN","0x0","接收成功","8","11 C7 D4 84 08 16 21 1F"
"4581","11:12:24.682","标准帧","数据帧","CAN","0x201","发送成功","4","00 00 80 3F"
"4582","11:12:24.682","标准帧","数据帧","CAN","0x0","接收成功","8","11 C7 D8 84 18 16 21 1F"
"4583","11:12:24.682","标准帧","数据帧","CAN","0x201","发送成功","4","00 00 80 3F"
"4584","11:12:24.682","标准帧","数据帧","CAN","0x0","接收成功","8","11 C7 DB 84 18 16 21 1F"
"4585","11:12:24.682","标准帧","数据帧","CAN","0x201","发送成功","4","00 00 80 3F"
"4586","11:12:24.682","标准帧","数据帧","CAN","0x0","接收成功","8","11 C7 DF 84 28 16 21 1F"
"4587","11:12:24.682","标准帧","数据帧","CAN","0x201","发送成功","4","00 00 80 3F"
"4588","11:12:24.682","标准帧","数据帧","CAN","0x201","发送成功","4","00 00 80 3F"
"4589","11:12:24.682","标准帧","数据帧","CAN","0x0","接收成功","8","11 C7 E2 84 48 15 21 1F"
"4590","11:12:24.682","标准帧","数据帧","CAN","0x0","接收成功","8","11 C7 E3 84 48 13 21 1F"
"4591","11:12:24.682","标准帧","数据帧","CAN","0x201","发送成功","4","00 00 80 3F"
"4592","11:12:24.682","标准帧","数据帧","CAN","0x0","接收成功","8","11 C7 E7 84 58 13 21 1F"
"4593","11:12:24.682","标准帧","数据帧","CAN","0x201","发送成功","4","00 00 80 3F"
"4594","11:12:24.682","标准帧","数据帧","CAN","0x0","接收成功","8","11 C7 EB 84 68 11 21 1F"
"4595","11:12:24.682","标准帧","数据帧","CAN","0x201","发送成功","4","00 00 80 3F"
"4596","11:12:24.682","标准帧","数据帧","CAN","0x0","接收成功","8","11 C7 EC 84 68 11 21 1F"
"4597","11:12:24.682","标准帧","数据帧","CAN","0x201","发送成功","4","00 00 80 3F"
"4598","11:12:24.682","标准帧","数据帧","CAN","0x0","接收成功","8","11 C7 EF 84 88 10 21 1F"
"4599","11:12:24.704","标准帧","数据帧","CAN","0x201","发送成功","4","00 00 80 3F"
"4600","11:12:24.704","标准帧","数据帧","CAN","0x0","接收成功","8","11 C7 F3 84 68 0E 21 1F"
"4601","11:12:24.704","标准帧","数据帧","CAN","0x201","发送成功","4","00 00 80 3F"
"4602","11:12:24.704","标准帧","数据帧","CAN","0x0","接收成功","8","11 C7 F6 84 68 0E 21 1F"
"4603","11:12:24.704","标准帧","数据帧","CAN","0x201","发送成功","4","00 00 80 3F"
"4604","11:12:24.704","标准帧","数据帧","CAN","0x0","接收成功","8","11 C7 FA 84 58 0E 21 1F"
"4605","11:12:24.704","标准帧","数据帧","CAN","0x201","发送成功","4","00 00 80 3F"
"4606","11:12:24.704","标准帧","数据帧","CAN","0x0","接收成功","8","11 C7 FF 84 38 0F 21 1F"
"4607","11:12:24.704","标准帧","数据帧","CAN","0x201","发送成功","4","00 00 80 3F"
"4608","11:12:24.704","标准帧","数据帧","CAN","0x0","接收成功","8","11 C8 02 84 38 10 21 1F"
"4609","11:12:24.704","标准帧","数据帧","CAN","0x201","发送成功","4","00 00 80 3F"
"4610","11:12:24.704","标准帧","数据帧","CAN","0x0","接收成功","8","11 C8 03 84 18 11 21 1F"
"4611","11:12:24.704","标准帧","数据帧","CAN","0x201","发送成功","4","00 00 80 3F"
"4612","11:12:24.704","标准帧","数据帧","CAN","0x0","接收成功","8","11 C8 05 84 28 12 21 1F"
"4613","11:12:24.704","标准帧","数据帧","CAN","0x201","发送成功","4","00 00 80 3F"
"4614","11:12:24.704","标准帧","数据帧","CAN","0x0","接收成功","8","11 C8 12 84 28 13 21 1F"
"4615","11:12:24.704","标准帧","数据帧","CAN","0x201","发送成功","4","00 00 80 3F"
"4616","11:12:24.704","标准帧","数据帧","CAN","0x0","接收成功","8","11 C8 16 84 18 13 21 1F"
"4617","11:12:24.704","标准帧","数据帧","CAN","0x201","发送成功","4","00 00 80 3F"
"4618","11:12:24.704","标准帧","数据帧","CAN","0x0","接收成功","8","11 C8 17 84 28 13 21 1F"
"4619","11:12:24.704","标准帧","数据帧","CAN","0x201","发送成功","4","00 00 80 3F"
"4620","11:12:24.704","标准帧","数据帧","CAN","0x0","接收成功","8","11 C8 1C 84 18 14 21 1F"
"4621","11:12:24.704","标准帧","数据帧","CAN","0x201","发送成功","4","00 00 80 3F"
"4622","11:12:24.704","标准帧","数据帧","CAN","0x0","接收成功","8","11 C8 1F 84 48 12 21 1F"
"4623","11:12:24.704","标准帧","数据帧","CAN","0x201","发送成功","4","00 00 80 3F"
"4624","11:12:24.704","标准帧","数据帧","CAN","0x0","接收成功","8","11 C8 20 84 48 12 21 1F"
"4625","11:12:24.704","标准帧","数据帧","CAN","0x201","发送成功","4","00 00 80 3F"
"4626","11:12:24.704","标准帧","数据帧","CAN","0x0","接收成功","8","11 C8 24 84 48 11 21 1F"
"4627","11:12:24.714","标准帧","数据帧","CAN","0x201","发送成功","4","00 00 80 3F"
"4628","11:12:24.714","标准帧","数据帧","CAN","0x0","接收成功","8","11 C8 2B 84 58 10 21 1F"
"4629","11:12:24.714","标准帧","数据帧","CAN","0x201","发送成功","4","00 00 80 3F"
"4630","11:12:24.714","标准帧","数据帧","CAN","0x0","接收成功","8","11 C8 2E 84 58 0F 21 1F"
"4631","11:12:24.714","标准帧","数据帧","CAN","0x201","发送成功","4","00 00 80 3F"
"4632","11:12:24.714","标准帧","数据帧","CAN","0x0","接收成功","8","11 C8 2F 84 58 0F 21 1F"
"4633","11:12:24.714","标准帧","数据帧","CAN","0x201","发送成功","4","00 00 80 3F"
"4634","11:12:24.714","标准帧","数据帧","CAN","0x0","接收成功","8","11 C8 33 84 68 0E 21 1F"
"4635","11:12:24.714","标准帧","数据帧","CAN","0x201","发送成功","4","00 00 80 3F"
"4636","11:12:24.714","标准帧","数据帧","CAN","0x0","接收成功","8","11 C8 36 84 58 0E 21 1F"
"4637","11:12:24.714","标准帧","数据帧","CAN","0x201","发送成功","4","00 00 80 3F"
"4638","11:12:24.714","标准帧","数据帧","CAN","0x0","接收成功","8","11 C8 37 84 58 0E 21 1F"
"4639","11:12:24.714","标准帧","数据帧","CAN","0x201","发送成功","4","00 00 80 3F"
"4640","11:12:24.714","标准帧","数据帧","CAN","0x0","接收成功","8","11 C8 3A 84 58 0E 21 1F"
"4641","11:12:24.714","标准帧","数据帧","CAN","0x201","发送成功","4","00 00 80 3F"
"4642","11:12:24.714","标准帧","数据帧","CAN","0x0","接收成功","8","11 C8 3F 84 58 0E 21 1F"
"4643","11:12:24.714","标准帧","数据帧","CAN","0x201","发送成功","4","00 00 80 3F"
"4644","11:12:24.714","标准帧","数据帧","CAN","0x0","接收成功","8","11 C8 42 84 28 0F 21 1F"
"4645","11:12:24.714","标准帧","数据帧","CAN","0x201","发送成功","4","00 00 80 3F"
"4646","11:12:24.714","标准帧","数据帧","CAN","0x0","接收成功","8","11 C8 42 84 28 0F 21 1F"
"4647","11:12:24.725","标准帧","数据帧","CAN","0x201","发送成功","4","00 00 80 3F"
"4648","11:12:24.725","标准帧","数据帧","CAN","0x0","接收成功","8","11 C8 46 84 28 10 21 1F"
"4649","11:12:24.725","标准帧","数据帧","CAN","0x201","发送成功","4","00 00 80 3F"
"4650","11:12:24.725","标准帧","数据帧","CAN","0x0","接收成功","8","11 C8 49 84 38 12 21 1F"
"4651","11:12:24.725","标准帧","数据帧","CAN","0x201","发送成功","4","00 00 80 3F"
"4652","11:12:24.725","标准帧","数据帧","CAN","0x0","接收成功","8","11 C8 4A 84 38 12 21 1F"
"4653","11:12:24.725","标准帧","数据帧","CAN","0x201","发送成功","4","00 00 80 3F"
"4654","11:12:24.725","标准帧","数据帧","CAN","0x0","接收成功","8","11 C8 4E 84 28 11 21 1F"
"4655","11:12:24.725","标准帧","数据帧","CAN","0x201","发送成功","4","00 00 80 3F"
"4656","11:12:24.725","标准帧","数据帧","CAN","0x0","接收成功","8","11 C8 51 84 18 13 21 1F"
"4657","11:12:24.725","标准帧","数据帧","CAN","0x201","发送成功","4","00 00 80 3F"
"4658","11:12:24.725","标准帧","数据帧","CAN","0x0","接收成功","8","11 C8 52 84 18 13 21 1F"
"4659","11:12:24.725","标准帧","数据帧","CAN","0x201","发送成功","4","00 00 80 3F"
"4660","11:12:24.725","标准帧","数据帧","CAN","0x0","接收成功","8","11 C8 57 84 38 14 21 1F"
"4661","11:12:24.725","标准帧","数据帧","CAN","0x201","发送成功","4","00 00 80 3F"
"4662","11:12:24.725","标准帧","数据帧","CAN","0x0","接收成功","8","11 C8 5A 84 28 13 21 1F"
"4663","11:12:24.725","标准帧","数据帧","CAN","0x201","发送成功","4","00 00 80 3F"
"4664","11:12:24.725","标准帧","数据帧","CAN","0x0","接收成功","8","11 C8 5D 84 28 13 21 1F"
"4665","11:12:24.736","标准帧","数据帧","CAN","0x201","发送成功","4","00 00 80 3F"
"4666","11:12:24.736","标准帧","数据帧","CAN","0x0","接收成功","8","11 C8 61 84 28 14 21 1F"
"4667","11:12:24.736","标准帧","数据帧","CAN","0x201","发送成功","4","00 00 80 3F"
"4668","11:12:24.736","标准帧","数据帧","CAN","0x0","接收成功","8","11 C8 65 84 28 13 21 1F"
"4669","11:12:24.736","标准帧","数据帧","CAN","0x201","发送成功","4","00 00 80 3F"
"4670","11:12:24.736","标准帧","数据帧","CAN","0x0","接收成功","8","11 C8 6A 84 38 12 21 1F"
"4671","11:12:24.736","标准帧","数据帧","CAN","0x201","发送成功","4","00 00 80 3F"
"4672","11:12:24.736","标准帧","数据帧","CAN","0x0","接收成功","8","11 C8 6E 84 48 11 21 1F"
"4673","11:12:24.736","标准帧","数据帧","CAN","0x201","发送成功","4","00 00 80 3F"
"4674","11:12:24.736","标准帧","数据帧","CAN","0x0","接收成功","8","11 C8 71 84 48 11 21 1F"
"4675","11:12:24.736","标准帧","数据帧","CAN","0x201","发送成功","4","00 00 80 3F"
"4676","11:12:24.736","标准帧","数据帧","CAN","0x0","接收成功","8","11 C8 75 84 58 11 21 1F"
"4677","11:12:24.736","标准帧","数据帧","CAN","0x201","发送成功","4","00 00 80 3F"
"4678","11:12:24.736","标准帧","数据帧","CAN","0x0","接收成功","8","11 C8 78 84 48 10 21 1F"
"4679","11:12:24.736","标准帧","数据帧","CAN","0x201","发送成功","4","00 00 80 3F"
"4680","11:12:24.736","标准帧","数据帧","CAN","0x201","发送成功","4","00 00 80 3F"
"4681","11:12:24.736","标准帧","数据帧","CAN","0x0","接收成功","8","11 C8 7B 84 38 10 21 1F"
"4682","11:12:24.736","标准帧","数据帧","CAN","0x0","接收成功","8","11 C8 7C 84 38 10 21 1F"
"4683","11:12:24.747","标准帧","数据帧","CAN","0x201","发送成功","4","00 00 80 3F"
"4684","11:12:24.747","标准帧","数据帧","CAN","0x0","接收成功","8","11 C8 81 84 48 10 21 1F"
"4685","11:12:24.747","标准帧","数据帧","CAN","0x201","发送成功","4","00 00 80 3F"
"4686","11:12:24.747","标准帧","数据帧","CAN","0x0","接收成功","8","11 C8 85 84 58 0F 21 1F"
"4687","11:12:24.747","标准帧","数据帧","CAN","0x201","发送成功","4","00 00 80 3F"
"4688","11:12:24.747","标准帧","数据帧","CAN","0x0","接收成功","8","11 C8 86 84 48 0F 21 1F"
"4689","11:12:24.747","标准帧","数据帧","CAN","0x201","发送成功","4","00 00 80 3F"
"4690","11:12:24.747","标准帧","数据帧","CAN","0x0","接收成功","8","11 C8 89 84 48 0F 21 1F"
"4691","11:12:24.747","标准帧","数据帧","CAN","0x201","发送成功","4","00 00 80 3F"
"4692","11:12:24.747","标准帧","数据帧","CAN","0x0","接收成功","8","11 C8 8C 84 48 0F 21 1F"
"4693","11:12:24.747","标准帧","数据帧","CAN","0x201","发送成功","4","00 00 80 3F"
"4694","11:12:24.747","标准帧","数据帧","CAN","0x201","发送成功","4","00 00 80 3F"
"4695","11:12:24.747","标准帧","数据帧","CAN","0x0","接收成功","8","11 C8 90 84 38 0F 21 1F"
"4696","11:12:24.747","标准帧","数据帧","CAN","0x0","接收成功","8","11 C8 90 84 38 0F 21 1F"
"4697","11:12:24.747","标准帧","数据帧","CAN","0x201","发送成功","4","00 00 80 3F"
"4698","11:12:24.747","标准帧","数据帧","CAN","0x0","接收成功","8","11 C8 94 84 28 0F 21 1F"
"4699","11:12:24.757","标准帧","数据帧","CAN","0x201","发送成功","4","00 00 80 3F"
"4700","11:12:24.757","标准帧","数据帧","CAN","0x0","接收成功","8","11 C8 99 84 38 10 21 1F"
"4701","11:12:24.757","标准帧","数据帧","CAN","0x201","发送成功","4","00 00 80 3F"
"4702","11:12:24.757","标准帧","数据帧","CAN","0x0","接收成功","8","11 C8 9D 84 48 10 21 1F"
"4703","11:12:24.757","标准帧","数据帧","CAN","0x201","发送成功","4","00 00 80 3F"
"4704","11:12:24.757","标准帧","数据帧","CAN","0x0","接收成功","8","11 C8 A1 84 28 10 21 1F"
"4705","11:12:24.757","标准帧","数据帧","CAN","0x201","发送成功","4","00 00 80 3F"
"4706","11:12:24.757","标准帧","数据帧","CAN","0x0","接收成功","8","11 C8 A4 84 38 11 21 1F"
"4707","11:12:24.757","标准帧","数据帧","CAN","0x201","发送成功","4","00 00 80 3F"
"4708","11:12:24.757","标准帧","数据帧","CAN","0x0","接收成功","8","11 C8 A8 84 28 11 21 1F"
"4709","11:12:24.757","标准帧","数据帧","CAN","0x201","发送成功","4","00 00 80 3F"
"4710","11:12:24.757","标准帧","数据帧","CAN","0x0","接收成功","8","11 C8 AD 84 28 12 21 1F"
"4711","11:12:24.757","标准帧","数据帧","CAN","0x201","发送成功","4","00 00 80 3F"
"4712","11:12:24.757","标准帧","数据帧","CAN","0x0","接收成功","8","11 C8 B1 84 28 12 21 1F"
"4713","11:12:24.757","标准帧","数据帧","CAN","0x201","发送成功","4","00 00 80 3F"
"4714","11:12:24.757","标准帧","数据帧","CAN","0x0","接收成功","8","11 C8 B4 84 38 12 21 1F"
"4715","11:12:24.768","标准帧","数据帧","CAN","0x201","发送成功","4","00 00 80 3F"
"4716","11:12:24.768","标准帧","数据帧","CAN","0x0","接收成功","8","11 C8 B9 84 28 12 21 1F"
"4717","11:12:24.768","标准帧","数据帧","CAN","0x201","发送成功","4","00 00 80 3F"
"4718","11:12:24.768","标准帧","数据帧","CAN","0x0","接收成功","8","11 C8 BB 84 28 12 21 1F"
"4719","11:12:24.768","标准帧","数据帧","CAN","0x201","发送成功","4","00 00 80 3F"
"4720","11:12:24.768","标准帧","数据帧","CAN","0x0","接收成功","8","11 C8 BC 84 38 12 21 1F"
"4721","11:12:24.768","标准帧","数据帧","CAN","0x201","发送成功","4","00 00 80 3F"
"4722","11:12:24.768","标准帧","数据帧","CAN","0x0","接收成功","8","11 C8 C1 84 48 12 21 1F"
"4723","11:12:24.768","标准帧","数据帧","CAN","0x201","发送成功","4","00 00 80 3F"
"4724","11:12:24.768","标准帧","数据帧","CAN","0x0","接收成功","8","11 C8 C5 84 48 11 21 1F"
"4725","11:12:24.768","标准帧","数据帧","CAN","0x201","发送成功","4","00 00 80 3F"
"4726","11:12:24.768","标准帧","数据帧","CAN","0x0","接收成功","8","11 C8 C9 84 48 11 21 1F"
"4727","11:12:24.768","标准帧","数据帧","CAN","0x201","发送成功","4","00 00 80 3F"
"4728","11:12:24.768","标准帧","数据帧","CAN","0x0","接收成功","8","11 C8 CC 84 48 11 21 1F"
"4729","11:12:24.788","标准帧","数据帧","CAN","0x201","发送成功","4","00 00 80 3F"
"4730","11:12:24.788","标准帧","数据帧","CAN","0x0","接收成功","8","11 C8 D0 84 48 10 21 1F"
"4731","11:12:24.788","标准帧","数据帧","CAN","0x201","发送成功","4","00 00 80 3F"
"4732","11:12:24.788","标准帧","数据帧","CAN","0x0","接收成功","8","11 C8 D4 84 48 11 21 1F"
"4733","11:12:24.788","标准帧","数据帧","CAN","0x201","发送成功","4","00 00 80 3F"
"4734","11:12:24.788","标准帧","数据帧","CAN","0x0","接收成功","8","11 C8 DA 84 28 10 21 1F"
"4735","11:12:24.788","标准帧","数据帧","CAN","0x201","发送成功","4","00 00 80 3F"
"4736","11:12:24.788","标准帧","数据帧","CAN","0x0","接收成功","8","11 C8 DE 84 28 11 21 1F"
"4737","11:12:24.788","标准帧","数据帧","CAN","0x201","发送成功","4","00 00 80 3F"
"4738","11:12:24.788","标准帧","数据帧","CAN","0x0","接收成功","8","11 C8 E2 84 28 12 21 1F"
"4739","11:12:24.788","标准帧","数据帧","CAN","0x201","发送成功","4","00 00 80 3F"
"4740","11:12:24.788","标准帧","数据帧","CAN","0x0","接收成功","8","11 C8 E5 84 38 12 21 1F"
"4741","11:12:24.788","标准帧","数据帧","CAN","0x201","发送成功","4","00 00 80 3F"
"4742","11:12:24.788","标准帧","数据帧","CAN","0x0","接收成功","8","11 C8 E9 84 28 14 21 1F"
"4743","11:12:24.788","标准帧","数据帧","CAN","0x201","发送成功","4","00 00 80 3F"
"4744","11:12:24.788","标准帧","数据帧","CAN","0x0","接收成功","8","11 C8 ED 84 18 14 21 1F"
"4745","11:12:24.788","标准帧","数据帧","CAN","0x201","发送成功","4","00 00 80 3F"
"4746","11:12:24.788","标准帧","数据帧","CAN","0x0","接收成功","8","11 C8 F1 84 38 13 21 1F"
"4747","11:12:24.788","标准帧","数据帧","CAN","0x201","发送成功","4","00 00 80 3F"
"4748","11:12:24.788","标准帧","数据帧","CAN","0x0","接收成功","8","11 C8 F2 84 38 13 21 1F"
"4749","11:12:24.788","标准帧","数据帧","CAN","0x201","发送成功","4","00 00 80 3F"
"4750","11:12:24.788","标准帧","数据帧","CAN","0x0","接收成功","8","11 C8 F6 84 38 13 21 1F"
"4751","11:12:24.788","标准帧","数据帧","CAN","0x201","发送成功","4","00 00 80 3F"
"4752","11:12:24.788","标准帧","数据帧","CAN","0x0","接收成功","8","11 C8 FA 84 28 12 21 1F"
"4753","11:12:24.788","标准帧","数据帧","CAN","0x201","发送成功","4","00 00 80 3F"
"4754","11:12:24.788","标准帧","数据帧","CAN","0x0","接收成功","8","11 C8 FF 84 48 11 21 1F"
"4755","11:12:24.788","标准帧","数据帧","CAN","0x201","发送成功","4","00 00 80 3F"
"4756","11:12:24.788","标准帧","数据帧","CAN","0x0","接收成功","8","11 C9 05 84 68 10 21 1F"
"4757","11:12:24.799","标准帧","数据帧","CAN","0x201","发送成功","4","00 00 80 3F"
"4758","11:12:24.799","标准帧","数据帧","CAN","0x0","接收成功","8","11 C9 09 84 68 0E 21 1F"
"4759","11:12:24.799","标准帧","数据帧","CAN","0x201","发送成功","4","00 00 80 3F"
"4760","11:12:24.799","标准帧","数据帧","CAN","0x0","接收成功","8","11 C9 0C 84 58 0E 21 1F"
"4761","11:12:24.799","标准帧","数据帧","CAN","0x201","发送成功","4","00 00 80 3F"
"4762","11:12:24.799","标准帧","数据帧","CAN","0x0","接收成功","8","11 C9 18 84 48 0D 21 1F"
"4763","11:12:24.799","标准帧","数据帧","CAN","0x201","发送成功","4","00 00 80 3F"
"4764","11:12:24.799","标准帧","数据帧","CAN","0x0","接收成功","8","11 C9 1C 84 38 0F 21 1F"
"4765","11:12:24.799","标准帧","数据帧","CAN","0x201","发送成功","4","00 00 80 3F"
"4766","11:12:24.799","标准帧","数据帧","CAN","0x0","接收成功","8","11 C9 1D 84 38 0F 21 1F"
"4767","11:12:24.799","标准帧","数据帧","CAN","0x201","发送成功","4","00 00 80 3F"
"4768","11:12:24.799","标准帧","数据帧","CAN","0x0","接收成功","8","11 C9 20 84 18 10 21 1F"
"4769","11:12:24.809","标准帧","数据帧","CAN","0x201","发送成功","4","00 00 80 3F"
"4770","11:12:24.809","标准帧","数据帧","CAN","0x0","接收成功","8","11 C9 24 84 28 11 21 1F"
"4771","11:12:24.809","标准帧","数据帧","CAN","0x201","发送成功","4","00 00 80 3F"
"4772","11:12:24.809","标准帧","数据帧","CAN","0x0","接收成功","8","11 C9 27 84 18 12 21 1F"
"4773","11:12:24.809","标准帧","数据帧","CAN","0x201","发送成功","4","00 00 80 3F"
"4774","11:12:24.809","标准帧","数据帧","CAN","0x0","接收成功","8","11 C9 2B 84 18 14 21 1F"
"4775","11:12:24.809","标准帧","数据帧","CAN","0x201","发送成功","4","00 00 80 3F"
"4776","11:12:24.809","标准帧","数据帧","CAN","0x0","接收成功","8","11 C9 31 84 08 15 21 1F"
"4777","11:12:24.809","标准帧","数据帧","CAN","0x201","发送成功","4","00 00 80 3F"
"4778","11:12:24.809","标准帧","数据帧","CAN","0x0","接收成功","8","11 C9 36 84 28 15 21 1F"
"4779","11:12:24.809","标准帧","数据帧","CAN","0x201","发送成功","4","00 00 80 3F"
"4780","11:12:24.809","标准帧","数据帧","CAN","0x0","接收成功","8","11 C9 3A 84 38 14 21 1F"
"4781","11:12:24.809","标准帧","数据帧","CAN","0x201","发送成功","4","00 00 80 3F"
"4782","11:12:24.820","标准帧","数据帧","CAN","0x0","接收成功","8","11 C9 3D 84 48 14 21 1F"
"4783","11:12:24.820","标准帧","数据帧","CAN","0x201","发送成功","4","00 00 80 3F"
"4784","11:12:24.820","标准帧","数据帧","CAN","0x0","接收成功","8","11 C9 3E 84 48 14 21 1F"
"4785","11:12:24.820","标准帧","数据帧","CAN","0x201","发送成功","4","00 00 80 3F"
"4786","11:12:24.820","标准帧","数据帧","CAN","0x0","接收成功","8","11 C9 41 84 38 13 21 1F"
"4787","11:12:24.820","标准帧","数据帧","CAN","0x201","发送成功","4","00 00 80 3F"
"4788","11:12:24.820","标准帧","数据帧","CAN","0x0","接收成功","8","11 C9 46 84 58 12 21 1F"
"4789","11:12:24.820","标准帧","数据帧","CAN","0x201","发送成功","4","00 00 80 3F"
"4790","11:12:24.820","标准帧","数据帧","CAN","0x0","接收成功","8","11 C9 4A 84 78 10 21 1F"
"4791","11:12:24.820","标准帧","数据帧","CAN","0x201","发送成功","4","00 00 80 3F"
"4792","11:12:24.820","标准帧","数据帧","CAN","0x0","接收成功","8","11 C9 4D 84 68 0F 21 1F"
"4793","11:12:24.820","标准帧","数据帧","CAN","0x201","发送成功","4","00 00 80 3F"
"4794","11:12:24.820","标准帧","数据帧","CAN","0x0","接收成功","8","11 C9 4E 84 68 0F 21 1F"
"4795","11:12:24.820","标准帧","数据帧","CAN","0x201","发送成功","4","00 00 80 3F"
"4796","11:12:24.820","标准帧","数据帧","CAN","0x0","接收成功","8","11 C9 52 84 68 0F 21 1F"
"4797","11:12:24.820","标准帧","数据帧","CAN","0x201","发送成功","4","00 00 80 3F"
"4798","11:12:24.820","标准帧","数据帧","CAN","0x0","接收成功","8","11 C9 55 84 38 10 21 1F"
"4799","11:12:24.820","标准帧","数据帧","CAN","0x201","发送成功","4","00 00 80 3F"
"4800","11:12:24.820","标准帧","数据帧","CAN","0x0","接收成功","8","11 C9 59 84 48 11 21 1F"
"4801","11:12:24.831","标准帧","数据帧","CAN","0x201","发送成功","4","00 00 80 3F"
"4802","11:12:24.831","标准帧","数据帧","CAN","0x0","接收成功","8","11 C9 5F 84 38 11 21 1F"
"4803","11:12:24.831","标准帧","数据帧","CAN","0x201","发送成功","4","00 00 80 3F"
"4804","11:12:24.831","标准帧","数据帧","CAN","0x0","接收成功","8","11 C9 63 84 38 12 21 1F"
"4805","11:12:24.831","标准帧","数据帧","CAN","0x201","发送成功","4","00 00 80 3F"
"4806","11:12:24.831","标准帧","数据帧","CAN","0x0","接收成功","8","11 C9 64 84 38 12 21 1F"
"4807","11:12:24.831","标准帧","数据帧","CAN","0x201","发送成功","4","00 00 80 3F"
"4808","11:12:24.831","标准帧","数据帧","CAN","0x0","接收成功","8","11 C9 67 84 28 12 21 1F"
"4809","11:12:24.831","标准帧","数据帧","CAN","0x201","发送成功","4","00 00 80 3F"
"4810","11:12:24.831","标准帧","数据帧","CAN","0x0","接收成功","8","11 C9 6A 84 28 13 21 1F"
"4811","11:12:24.831","标准帧","数据帧","CAN","0x201","发送成功","4","00 00 80 3F"
"4812","11:12:24.831","标准帧","数据帧","CAN","0x0","接收成功","8","11 C9 6D 84 28 13 21 1F"
"4813","11:12:24.831","标准帧","数据帧","CAN","0x201","发送成功","4","00 00 80 3F"
"4814","11:12:24.831","标准帧","数据帧","CAN","0x0","接收成功","8","11 C9 6E 84 28 13 21 1F"
"4815","11:12:24.831","标准帧","数据帧","CAN","0x201","发送成功","4","00 00 80 3F"
"4816","11:12:24.831","标准帧","数据帧","CAN","0x0","接收成功","8","11 C9 71 84 28 13 21 1F"
"4817","11:12:24.841","标准帧","数据帧","CAN","0x201","发送成功","4","00 00 80 3F"
"4818","11:12:24.841","标准帧","数据帧","CAN","0x0","接收成功","8","11 C9 75 84 08 13 21 1F"
"4819","11:12:24.841","标准帧","数据帧","CAN","0x201","发送成功","4","00 00 80 3F"
"4820","11:12:24.841","标准帧","数据帧","CAN","0x0","接收成功","8","11 C9 78 84 38 14 21 1F"
"4821","11:12:24.841","标准帧","数据帧","CAN","0x201","发送成功","4","00 00 80 3F"
"4822","11:12:24.841","标准帧","数据帧","CAN","0x0","接收成功","8","11 C9 7E 84 38 12 21 1F"
"4823","11:12:24.841","标准帧","数据帧","CAN","0x201","发送成功","4","00 00 80 3F"
"4824","11:12:24.841","标准帧","数据帧","CAN","0x0","接收成功","8","11 C9 82 84 48 11 21 1F"
"4825","11:12:24.841","标准帧","数据帧","CAN","0x201","发送成功","4","00 00 80 3F"
"4826","11:12:24.841","标准帧","数据帧","CAN","0x0","接收成功","8","11 C9 86 84 58 11 21 1F"
"4827","11:12:24.841","标准帧","数据帧","CAN","0x201","发送成功","4","00 00 80 3F"
"4828","11:12:24.841","标准帧","数据帧","CAN","0x0","接收成功","8","11 C9 87 84 68 0F 21 1F"
"4829","11:12:24.841","标准帧","数据帧","CAN","0x201","发送成功","4","00 00 80 3F"
"4830","11:12:24.841","标准帧","数据帧","CAN","0x0","接收成功","8","11 C9 8B 84 88 0E 21 1F"
"4831","11:12:24.841","标准帧","数据帧","CAN","0x201","发送成功","4","00 00 80 3F"
"4832","11:12:24.841","标准帧","数据帧","CAN","0x0","接收成功","8","11 C9 8F 84 58 0D 21 1F"
"4833","11:12:24.841","标准帧","数据帧","CAN","0x201","发送成功","4","00 00 80 3F"
"4834","11:12:24.841","标准帧","数据帧","CAN","0x0","接收成功","8","11 C9 92 84 78 0D 21 1F"
"4835","11:12:24.852","标准帧","数据帧","CAN","0x201","发送成功","4","00 00 80 3F"
"4836","11:12:24.852","标准帧","数据帧","CAN","0x0","接收成功","8","11 C9 96 84 58 0D 21 1F"
"4837","11:12:24.852","标准帧","数据帧","CAN","0x201","发送成功","4","00 00 80 3F"
"4838","11:12:24.852","标准帧","数据帧","CAN","0x0","接收成功","8","11 C9 99 84 48 0D 21 1F"
"4839","11:12:24.852","标准帧","数据帧","CAN","0x201","发送成功","4","00 00 80 3F"
"4840","11:12:24.852","标准帧","数据帧","CAN","0x0","接收成功","8","11 C9 9A 84 48 0E 21 1F"
"4841","11:12:24.852","标准帧","数据帧","CAN","0x201","发送成功","4","00 00 80 3F"
"4842","11:12:24.852","标准帧","数据帧","CAN","0x0","接收成功","8","11 C9 9E 84 38 0F 21 1F"
"4843","11:12:24.852","标准帧","数据帧","CAN","0x201","发送成功","4","00 00 80 3F"
"4844","11:12:24.852","标准帧","数据帧","CAN","0x0","接收成功","8","11 C9 A0 84 38 10 21 1F"
"4845","11:12:24.852","标准帧","数据帧","CAN","0x201","发送成功","4","00 00 80 3F"
"4846","11:12:24.852","标准帧","数据帧","CAN","0x0","接收成功","8","11 C9 A1 84 28 10 21 1F"
"4847","11:12:24.852","标准帧","数据帧","CAN","0x201","发送成功","4","00 00 80 3F"
"4848","11:12:24.852","标准帧","数据帧","CAN","0x0","接收成功","8","11 C9 A5 84 28 11 21 1F"
"4849","11:12:24.852","标准帧","数据帧","CAN","0x201","发送成功","4","00 00 80 3F"
"4850","11:12:24.852","标准帧","数据帧","CAN","0x0","接收成功","8","11 C9 A8 84 28 11 21 1F"
"4851","11:12:24.852","标准帧","数据帧","CAN","0x201","发送成功","4","00 00 80 3F"
"4852","11:12:24.852","标准帧","数据帧","CAN","0x0","接收成功","8","11 C9 A9 84 18 12 21 1F"
"4853","11:12:24.852","标准帧","数据帧","CAN","0x201","发送成功","4","00 00 80 3F"
"4854","11:12:24.852","标准帧","数据帧","CAN","0x0","接收成功","8","11 C9 AC 84 08 13 21 1F"
"4855","11:12:24.873","标准帧","数据帧","CAN","0x201","发送成功","4","00 00 80 3F"
"4856","11:12:24.873","标准帧","数据帧","CAN","0x0","接收成功","8","11 C9 B1 84 18 15 21 1F"
"4857","11:12:24.873","标准帧","数据帧","CAN","0x201","发送成功","4","00 00 80 3F"
"4858","11:12:24.873","标准帧","数据帧","CAN","0x0","接收成功","8","11 C9 B5 84 18 15 21 1F"
"4859","11:12:24.873","标准帧","数据帧","CAN","0x201","发送成功","4","00 00 80 3F"
"4860","11:12:24.873","标准帧","数据帧","CAN","0x0","接收成功","8","11 C9 B6 84 18 15 21 1F"
"4861","11:12:24.873","标准帧","数据帧","CAN","0x201","发送成功","4","00 00 80 3F"
"4862","11:12:24.873","标准帧","数据帧","CAN","0x0","接收成功","8","11 C9 B9 84 28 15 21 1F"
"4863","11:12:24.873","标准帧","数据帧","CAN","0x201","发送成功","4","00 00 80 3F"
"4864","11:12:24.873","标准帧","数据帧","CAN","0x0","接收成功","8","11 C9 BD 84 28 15 21 1F"
"4865","11:12:24.873","标准帧","数据帧","CAN","0x201","发送成功","4","00 00 80 3F"
"4866","11:12:24.873","标准帧","数据帧","CAN","0x0","接收成功","8","11 C9 C0 84 38 12 21 1F"
"4867","11:12:24.873","标准帧","数据帧","CAN","0x201","发送成功","4","00 00 80 3F"
"4868","11:12:24.873","标准帧","数据帧","CAN","0x0","接收成功","8","11 C9 C4 84 48 12 21 1F"
"4869","11:12:24.873","标准帧","数据帧","CAN","0x201","发送成功","4","00 00 80 3F"
"4870","11:12:24.873","标准帧","数据帧","CAN","0x0","接收成功","8","11 C9 C8 84 48 11 21 1F"
"4871","11:12:24.873","标准帧","数据帧","CAN","0x201","发送成功","4","00 00 80 3F"
"4872","11:12:24.873","标准帧","数据帧","CAN","0x0","接收成功","8","11 C9 CD 84 58 11 21 1F"
"4873","11:12:24.873","标准帧","数据帧","CAN","0x201","发送成功","4","00 00 80 3F"
"4874","11:12:24.873","标准帧","数据帧","CAN","0x0","接收成功","8","11 C9 D1 84 58 10 21 1F"
"4875","11:12:24.873","标准帧","数据帧","CAN","0x201","发送成功","4","00 00 80 3F"
"4876","11:12:24.873","标准帧","数据帧","CAN","0x0","接收成功","8","11 C9 D3 84 58 10 21 1F"
"4877","11:12:24.873","标准帧","数据帧","CAN","0x201","发送成功","4","00 00 80 3F"
"4878","11:12:24.873","标准帧","数据帧","CAN","0x0","接收成功","8","11 C9 D4 84 58 10 21 1F"
"4879","11:12:24.873","标准帧","数据帧","CAN","0x201","发送成功","4","00 00 80 3F"
"4880","11:12:24.873","标准帧","数据帧","CAN","0x0","接收成功","8","11 C9 D8 84 58 0F 21 1F"
"4881","11:12:24.873","标准帧","数据帧","CAN","0x201","发送成功","4","00 00 80 3F"
"4882","11:12:24.873","标准帧","数据帧","CAN","0x0","接收成功","8","11 C9 DC 84 48 0F 21 1F"
"4883","11:12:24.873","标准帧","数据帧","CAN","0x201","发送成功","4","00 00 80 3F"
"4884","11:12:24.873","标准帧","数据帧","CAN","0x0","接收成功","8","11 C9 E0 84 28 0F 21 1F"
"4885","11:12:24.873","标准帧","数据帧","CAN","0x201","发送成功","4","00 00 80 3F"
"4886","11:12:24.873","标准帧","数据帧","CAN","0x0","接收成功","8","11 C9 E4 84 28 10 21 1F"
"4887","11:12:24.873","标准帧","数据帧","CAN","0x201","发送成功","4","00 00 80 3F"
"4888","11:12:24.884","标准帧","数据帧","CAN","0x0","接收成功","8","11 C9 E7 84 28 10 21 1F"
"4889","11:12:24.884","标准帧","数据帧","CAN","0x201","发送成功","4","00 00 80 3F"
"4890","11:12:24.884","标准帧","数据帧","CAN","0x0","接收成功","8","11 C9 E7 84 28 10 21 1F"
"4891","11:12:24.884","标准帧","数据帧","CAN","0x201","发送成功","4","00 00 80 3F"
"4892","11:12:24.884","标准帧","数据帧","CAN","0x0","接收成功","8","11 C9 EB 84 48 10 21 1F"
"4893","11:12:24.884","标准帧","数据帧","CAN","0x201","发送成功","4","00 00 80 3F"
"4894","11:12:24.884","标准帧","数据帧","CAN","0x0","接收成功","8","11 C9 EF 84 38 0F 21 1F"
"4895","11:12:24.884","标准帧","数据帧","CAN","0x201","发送成功","4","00 00 80 3F"
"4896","11:12:24.884","标准帧","数据帧","CAN","0x0","接收成功","8","11 C9 F2 84 38 10 21 1F"
"4897","11:12:24.884","标准帧","数据帧","CAN","0x201","发送成功","4","00 00 80 3F"
"4898","11:12:24.884","标准帧","数据帧","CAN","0x0","接收成功","8","11 C9 F3 84 38 10 21 1F"
"4899","11:12:24.884","标准帧","数据帧","CAN","0x201","发送成功","4","00 00 80 3F"
"4900","11:12:24.884","标准帧","数据帧","CAN","0x0","接收成功","8","11 C9 F7 84 28 10 21 1F"
"4901","11:12:24.884","标准帧","数据帧","CAN","0x201","发送成功","4","00 00 80 3F"
"4902","11:12:24.884","标准帧","数据帧","CAN","0x0","接收成功","8","11 C9 F8 84 48 11 21 1F"
"4903","11:12:24.884","标准帧","数据帧","CAN","0x201","发送成功","4","00 00 80 3F"
"4904","11:12:24.884","标准帧","数据帧","CAN","0x0","接收成功","8","11 C9 FC 84 28 10 21 1F"
"4905","11:12:24.884","标准帧","数据帧","CAN","0x201","发送成功","4","00 00 80 3F"
"4906","11:12:24.884","标准帧","数据帧","CAN","0x0","接收成功","8","11 C9 FF 84 28 10 21 1F"
"4907","11:12:24.884","标准帧","数据帧","CAN","0x201","发送成功","4","00 00 80 3F"
"4908","11:12:24.884","标准帧","数据帧","CAN","0x0","接收成功","8","11 C9 FF 84 38 10 21 1F"
"4909","11:12:24.905","标准帧","数据帧","CAN","0x201","发送成功","4","00 00 80 3F"
"4910","11:12:24.905","标准帧","数据帧","CAN","0x0","接收成功","8","11 CA 03 84 58 11 21 1F"
"4911","11:12:24.905","标准帧","数据帧","CAN","0x201","发送成功","4","00 00 80 3F"
"4912","11:12:24.905","标准帧","数据帧","CAN","0x0","接收成功","8","11 CA 07 84 38 0F 21 1F"
"4913","11:12:24.905","标准帧","数据帧","CAN","0x201","发送成功","4","00 00 80 3F"
"4914","11:12:24.905","标准帧","数据帧","CAN","0x0","接收成功","8","11 CA 0C 84 38 10 21 1F"
"4915","11:12:24.905","标准帧","数据帧","CAN","0x201","发送成功","4","00 00 80 3F"
"4916","11:12:24.905","标准帧","数据帧","CAN","0x201","发送成功","4","00 00 80 3F"
"4917","11:12:24.905","标准帧","数据帧","CAN","0x0","接收成功","8","11 CA 10 84 38 10 21 1F"
"4918","11:12:24.905","标准帧","数据帧","CAN","0x0","接收成功","8","11 CA 10 84 38 10 21 1F"
"4919","11:12:24.905","标准帧","数据帧","CAN","0x201","发送成功","4","00 00 80 3F"
"4920","11:12:24.905","标准帧","数据帧","CAN","0x0","接收成功","8","11 CA 14 84 48 10 21 1F"
"4921","11:12:24.905","标准帧","数据帧","CAN","0x201","发送成功","4","00 00 80 3F"
"4922","11:12:24.905","标准帧","数据帧","CAN","0x0","接收成功","8","11 CA 20 84 48 10 21 1F"
"4923","11:12:24.905","标准帧","数据帧","CAN","0x201","发送成功","4","00 00 80 3F"
"4924","11:12:24.905","标准帧","数据帧","CAN","0x0","接收成功","8","11 CA 23 84 18 10 21 1F"
"4925","11:12:24.905","标准帧","数据帧","CAN","0x201","发送成功","4","00 00 80 3F"
"4926","11:12:24.905","标准帧","数据帧","CAN","0x0","接收成功","8","11 CA 24 84 08 11 21 1F"
"4927","11:12:24.905","标准帧","数据帧","CAN","0x201","发送成功","4","00 00 80 3F"
"4928","11:12:24.905","标准帧","数据帧","CAN","0x0","接收成功","8","11 CA 27 84 08 13 21 1F"
"4929","11:12:24.905","标准帧","数据帧","CAN","0x201","发送成功","4","00 00 80 3F"
"4930","11:12:24.905","标准帧","数据帧","CAN","0x0","接收成功","8","11 CA 2B 84 28 14 21 1F"
"4931","11:12:24.905","标准帧","数据帧","CAN","0x201","发送成功","4","00 00 80 3F"
"4932","11:12:24.905","标准帧","数据帧","CAN","0x0","接收成功","8","11 CA 2F 84 28 12 21 1F"
"4933","11:12:24.905","标准帧","数据帧","CAN","0x201","发送成功","4","00 00 80 3F"
"4934","11:12:24.905","标准帧","数据帧","CAN","0x0","接收成功","8","11 CA 34 84 48 13 21 1F"
"4935","11:12:24.905","标准帧","数据帧","CAN","0x201","发送成功","4","00 00 80 3F"
"4936","11:12:24.905","标准帧","数据帧","CAN","0x0","接收成功","8","11 CA 37 84 28 12 21 1F"
"4937","11:12:24.926","标准帧","数据帧","CAN","0x201","发送成功","4","00 00 80 3F"
"4938","11:12:24.926","标准帧","数据帧","CAN","0x0","接收成功","8","11 CA 39 84 38 12 21 1F"
"4939","11:12:24.926","标准帧","数据帧","CAN","0x201","发送成功","4","00 00 80 3F"
"4940","11:12:24.926","标准帧","数据帧","CAN","0x0","接收成功","8","11 CA 3D 84 38 13 21 1F"
"4941","11:12:24.926","标准帧","数据帧","CAN","0x201","发送成功","4","00 00 80 3F"
"4942","11:12:24.926","标准帧","数据帧","CAN","0x0","接收成功","8","11 CA 3E 84 28 13 21 1F"
"4943","11:12:24.926","标准帧","数据帧","CAN","0x201","发送成功","4","00 00 80 3F"
"4944","11:12:24.926","标准帧","数据帧","CAN","0x0","接收成功","8","11 CA 41 84 38 13 21 1F"
"4945","11:12:24.926","标准帧","数据帧","CAN","0x201","发送成功","4","00 00 80 3F"
"4946","11:12:24.926","标准帧","数据帧","CAN","0x0","接收成功","8","11 CA 42 84 38 13 21 1F"
"4947","11:12:24.926","标准帧","数据帧","CAN","0x201","发送成功","4","00 00 80 3F"
"4948","11:12:24.926","标准帧","数据帧","CAN","0x0","接收成功","8","11 CA 46 84 38 13 21 1F"
"4949","11:12:24.926","标准帧","数据帧","CAN","0x201","发送成功","4","00 00 80 3F"
"4950","11:12:24.926","标准帧","数据帧","CAN","0x0","接收成功","8","11 CA 4B 84 38 12 21 1F"
"4951","11:12:24.926","标准帧","数据帧","CAN","0x201","发送成功","4","00 00 80 3F"
"4952","11:12:24.926","标准帧","数据帧","CAN","0x0","接收成功","8","11 CA 4F 84 48 12 21 1F"
"4953","11:12:24.926","标准帧","数据帧","CAN","0x201","发送成功","4","00 00 80 3F"
"4954","11:12:24.926","标准帧","数据帧","CAN","0x201","发送成功","4","00 00 80 3F"
"4955","11:12:24.926","标准帧","数据帧","CAN","0x0","接收成功","8","11 CA 52 84 38 12 21 1F"
"4956","11:12:24.926","标准帧","数据帧","CAN","0x0","接收成功","8","11 CA 53 84 48 12 21 1F"
"4957","11:12:24.926","标准帧","数据帧","CAN","0x201","发送成功","4","00 00 80 3F"
"4958","11:12:24.926","标准帧","数据帧","CAN","0x0","接收成功","8","11 CA 56 84 48 11 21 1F"
"4959","11:12:24.926","标准帧","数据帧","CAN","0x201","发送成功","4","00 00 80 3F"
"4960","11:12:24.926","标准帧","数据帧","CAN","0x0","接收成功","8","11 CA 5A 84 48 10 21 1F"
"4961","11:12:24.926","标准帧","数据帧","CAN","0x201","发送成功","4","00 00 80 3F"
"4962","11:12:24.926","标准帧","数据帧","CAN","0x0","接收成功","8","11 CA 5E 84 38 0F 21 1F"
"4963","11:12:24.926","标准帧","数据帧","CAN","0x201","发送成功","4","00 00 80 3F"
"4964","11:12:24.926","标准帧","数据帧","CAN","0x0","接收成功","8","11 CA 63 84 68 0F 21 1F"
"4965","11:12:24.926","标准帧","数据帧","CAN","0x201","发送成功","4","00 00 80 3F"
"4966","11:12:24.926","标准帧","数据帧","CAN","0x0","接收成功","8","11 CA 67 84 58 0E 21 1F"
"4967","11:12:24.926","标准帧","数据帧","CAN","0x201","发送成功","4","00 00 80 3F"
"4968","11:12:24.926","标准帧","数据帧","CAN","0x0","接收成功","8","11 CA 6A 84 58 0E 21 1F"
"4969","11:12:24.926","标准帧","数据帧","CAN","0x201","发送成功","4","00 00 80 3F"
"4970","11:12:24.926","标准帧","数据帧","CAN","0x0","接收成功","8","11 CA 6E 84 48 0F 21 1F"
"4971","11:12:24.937","标准帧","数据帧","CAN","0x201","发送成功","4","00 00 80 3F"
"4972","11:12:24.937","标准帧","数据帧","CAN","0x0","接收成功","8","11 CA 72 84 38 0E 21 1F"
"4973","11:12:24.937","标准帧","数据帧","CAN","0x201","发送成功","4","00 00 80 3F"
"4974","11:12:24.937","标准帧","数据帧","CAN","0x0","接收成功","8","11 CA 75 84 48 0F 21 1F"
"4975","11:12:24.937","标准帧","数据帧","CAN","0x201","发送成功","4","00 00 80 3F"
"4976","11:12:24.937","标准帧","数据帧","CAN","0x0","接收成功","8","11 CA 76 84 48 0F 21 1F"
"4977","11:12:24.937","标准帧","数据帧","CAN","0x201","发送成功","4","00 00 80 3F"
"4978","11:12:24.937","标准帧","数据帧","CAN","0x0","接收成功","8","11 CA 7A 84 38 0F 21 1F"
"4979","11:12:24.937","标准帧","数据帧","CAN","0x201","发送成功","4","00 00 80 3F"
"4980","11:12:24.937","标准帧","数据帧","CAN","0x0","接收成功","8","11 CA 7B 84 48 10 21 1F"
"4981","11:12:24.937","标准帧","数据帧","CAN","0x201","发送成功","4","00 00 80 3F"
"4982","11:12:24.937","标准帧","数据帧","CAN","0x0","接收成功","8","11 CA 7E 84 28 10 21 1F"
"4983","11:12:24.937","标准帧","数据帧","CAN","0x201","发送成功","4","00 00 80 3F"
"4984","11:12:24.937","标准帧","数据帧","CAN","0x0","接收成功","8","11 CA 82 84 38 11 21 1F"
"4985","11:12:24.937","标准帧","数据帧","CAN","0x201","发送成功","4","00 00 80 3F"
"4986","11:12:24.937","标准帧","数据帧","CAN","0x0","接收成功","8","11 CA 85 84 08 12 21 1F"
"4987","11:12:24.937","标准帧","数据帧","CAN","0x201","发送成功","4","00 00 80 3F"
"4988","11:12:24.937","标准帧","数据帧","CAN","0x0","接收成功","8","11 CA 88 84 18 14 21 1F"
"4989","11:12:24.947","标准帧","数据帧","CAN","0x201","发送成功","4","00 00 80 3F"
"4990","11:12:24.947","标准帧","数据帧","CAN","0x0","接收成功","8","11 CA 8E 84 18 14 21 1F"
"4991","11:12:24.947","标准帧","数据帧","CAN","0x201","发送成功","4","00 00 80 3F"
"4992","11:12:24.947","标准帧","数据帧","CAN","0x0","接收成功","8","11 CA 91 84 28 14 21 1F"
"4993","11:12:24.947","标准帧","数据帧","CAN","0x201","发送成功","4","00 00 80 3F"
"4994","11:12:24.947","标准帧","数据帧","CAN","0x0","接收成功","8","11 CA 94 84 38 14 21 1F"
"4995","11:12:24.947","标准帧","数据帧","CAN","0x201","发送成功","4","00 00 80 3F"
"4996","11:12:24.947","标准帧","数据帧","CAN","0x0","接收成功","8","11 CA 98 84 38 14 21 1F"
"4997","11:12:24.947","标准帧","数据帧","CAN","0x201","发送成功","4","00 00 80 3F"
"4998","11:12:24.947","标准帧","数据帧","CAN","0x0","接收成功","8","11 CA 99 84 38 14 21 1F"
"4999","11:12:24.947","标准帧","数据帧","CAN","0x201","发送成功","4","00 00 80 3F"
"5000","11:12:24.947","标准帧","数据帧","CAN","0x0","接收成功","8","11 CA 9D 84 68 13 21 1F"
"5001","11:12:24.947","标准帧","数据帧","CAN","0x201","发送成功","4","00 00 80 3F"
"5002","11:12:24.947","标准帧","数据帧","CAN","0x0","接收成功","8","11 CA A2 84 58 12 21 1F"
"5003","11:12:24.947","标准帧","数据帧","CAN","0x201","发送成功","4","00 00 80 3F"
"5004","11:12:24.947","标准帧","数据帧","CAN","0x0","接收成功","8","11 CA A6 84 78 10 21 1F"
"5005","11:12:24.958","标准帧","数据帧","CAN","0x201","发送成功","4","00 00 80 3F"
"5006","11:12:24.958","标准帧","数据帧","CAN","0x0","接收成功","8","11 CA AA 84 88 0F 21 1F"
"5007","11:12:24.958","标准帧","数据帧","CAN","0x201","发送成功","4","00 00 80 3F"
"5008","11:12:24.958","标准帧","数据帧","CAN","0x0","接收成功","8","11 CA AD 84 38 0F 21 1F"
"5009","11:12:24.958","标准帧","数据帧","CAN","0x201","发送成功","4","00 00 80 3F"
"5010","11:12:24.958","标准帧","数据帧","CAN","0x0","接收成功","8","11 CA B0 84 58 10 21 1F"
"5011","11:12:24.958","标准帧","数据帧","CAN","0x201","发送成功","4","00 00 80 3F"
"5012","11:12:24.958","标准帧","数据帧","CAN","0x0","接收成功","8","11 CA B3 84 38 0F 21 1F"
"5013","11:12:24.958","标准帧","数据帧","CAN","0x201","发送成功","4","00 00 80 3F"
"5014","11:12:24.958","标准帧","数据帧","CAN","0x0","接收成功","8","11 CA B7 84 48 0F 21 1F"
"5015","11:12:24.958","标准帧","数据帧","CAN","0x201","发送成功","4","00 00 80 3F"
"5016","11:12:24.958","标准帧","数据帧","CAN","0x0","接收成功","8","11 CA B8 84 48 0F 21 1F"
"5017","11:12:24.958","标准帧","数据帧","CAN","0x201","发送成功","4","00 00 80 3F"
"5018","11:12:24.958","标准帧","数据帧","CAN","0x0","接收成功","8","11 CA BC 84 28 11 21 1F"
"5019","11:12:24.958","标准帧","数据帧","CAN","0x201","发送成功","4","00 00 80 3F"
"5020","11:12:24.958","标准帧","数据帧","CAN","0x0","接收成功","8","11 CA C0 84 18 12 21 1F"
"5021","11:12:24.969","标准帧","数据帧","CAN","0x201","发送成功","4","00 00 80 3F"
"5022","11:12:24.969","标准帧","数据帧","CAN","0x0","接收成功","8","11 CA C3 84 18 12 21 1F"
"5023","11:12:24.969","标准帧","数据帧","CAN","0x201","发送成功","4","00 00 80 3F"
"5024","11:12:24.969","标准帧","数据帧","CAN","0x201","发送成功","4","00 00 80 3F"
"5025","11:12:24.969","标准帧","数据帧","CAN","0x0","接收成功","8","11 CA C6 84 18 15 21 1F"
"5026","11:12:24.969","标准帧","数据帧","CAN","0x0","接收成功","8","11 CA C6 84 18 15 21 1F"
"5027","11:12:24.969","标准帧","数据帧","CAN","0x201","发送成功","4","00 00 80 3F"
"5028","11:12:24.969","标准帧","数据帧","CAN","0x0","接收成功","8","11 CA CA 84 18 15 21 1F"
"5029","11:12:24.969","标准帧","数据帧","CAN","0x201","发送成功","4","00 00 80 3F"
"5030","11:12:24.969","标准帧","数据帧","CAN","0x0","接收成功","8","11 CA CF 84 18 14 21 1F"
"5031","11:12:24.969","标准帧","数据帧","CAN","0x201","发送成功","4","00 00 80 3F"
"5032","11:12:24.969","标准帧","数据帧","CAN","0x0","接收成功","8","11 CA D3 84 38 14 21 1F"
"5033","11:12:24.969","标准帧","数据帧","CAN","0x201","发送成功","4","00 00 80 3F"
"5034","11:12:24.969","标准帧","数据帧","CAN","0x0","接收成功","8","11 CA D4 84 38 14 21 1F"
"5035","11:12:24.969","标准帧","数据帧","CAN","0x201","发送成功","4","00 00 80 3F"
"5036","11:12:24.969","标准帧","数据帧","CAN","0x0","接收成功","8","11 CA D7 84 48 13 21 1F"
"5037","11:12:24.969","标准帧","数据帧","CAN","0x201","发送成功","4","00 00 80 3F"
"5038","11:12:24.969","标准帧","数据帧","CAN","0x0","接收成功","8","11 CA DA 84 38 12 21 1F"
"5039","11:12:24.980","标准帧","数据帧","CAN","0x201","发送成功","4","00 00 80 3F"
"5040","11:12:24.980","标准帧","数据帧","CAN","0x0","接收成功","8","11 CA E1 84 78 10 21 1F"
"5041","11:12:24.980","标准帧","数据帧","CAN","0x201","发送成功","4","00 00 80 3F"
"5042","11:12:24.980","标准帧","数据帧","CAN","0x0","接收成功","8","11 CA E7 84 68 0D 21 1F"
"5043","11:12:24.980","标准帧","数据帧","CAN","0x201","发送成功","4","00 00 80 3F"
"5044","11:12:24.980","标准帧","数据帧","CAN","0x0","接收成功","8","11 CA EC 84 68 0D 21 1F"
"5045","11:12:24.980","标准帧","数据帧","CAN","0x201","发送成功","4","00 00 80 3F"
"5046","11:12:24.980","标准帧","数据帧","CAN","0x0","接收成功","8","11 CA F0 84 68 0D 21 1F"
"5047","11:12:24.980","标准帧","数据帧","CAN","0x201","发送成功","4","00 00 80 3F"
"5048","11:12:24.980","标准帧","数据帧","CAN","0x0","接收成功","8","11 CA F3 84 58 0D 21 1F"
"5049","11:12:24.980","标准帧","数据帧","CAN","0x201","发送成功","4","00 00 80 3F"
"5050","11:12:24.980","标准帧","数据帧","CAN","0x0","接收成功","8","11 CA F9 84 38 0E 21 1F"
"5051","11:12:24.992","标准帧","数据帧","CAN","0x201","发送成功","4","00 00 80 3F"
"5052","11:12:24.992","标准帧","数据帧","CAN","0x0","接收成功","8","11 CA FF 84 38 10 21 1F"
"5053","11:12:24.992","标准帧","数据帧","CAN","0x201","发送成功","4","00 00 80 3F"
"5054","11:12:24.992","标准帧","数据帧","CAN","0x0","接收成功","8","11 CB 03 84 18 12 21 1F"
"5055","11:12:24.992","标准帧","数据帧","CAN","0x201","发送成功","4","00 00 80 3F"
"5056","11:12:24.992","标准帧","数据帧","CAN","0x0","接收成功","8","11 CB 04 84 18 12 21 1F"
"5057","11:12:24.992","标准帧","数据帧","CAN","0x201","发送成功","4","00 00 80 3F"
"5058","11:12:24.992","标准帧","数据帧","CAN","0x0","接收成功","8","11 CB 07 84 08 13 21 1F"
"5059","11:12:24.992","标准帧","数据帧","CAN","0x201","发送成功","4","00 00 80 3F"
"5060","11:12:24.992","标准帧","数据帧","CAN","0x0","接收成功","8","11 CB 07 84 08 14 21 1F"
"5061","11:12:24.992","标准帧","数据帧","CAN","0x201","发送成功","4","00 00 80 3F"
"5062","11:12:24.992","标准帧","数据帧","CAN","0x0","接收成功","8","11 CB 0F 84 08 16 21 1F"
"5063","11:12:24.992","标准帧","数据帧","CAN","0x201","发送成功","4","00 00 80 3F"
"5064","11:12:24.992","标准帧","数据帧","CAN","0x0","接收成功","8","11 CB 13 84 08 16 21 1F"
"5065","11:12:24.992","标准帧","数据帧","CAN","0x201","发送成功","4","00 00 80 3F"
"5066","11:12:24.992","标准帧","数据帧","CAN","0x0","接收成功","8","11 CB 15 84 18 16 21 1F"
"5067","11:12:25.002","标准帧","数据帧","CAN","0x201","发送成功","4","00 00 80 3F"
"5068","11:12:25.002","标准帧","数据帧","CAN","0x0","接收成功","8","11 CB 19 84 38 15 21 1F"
"5069","11:12:25.002","标准帧","数据帧","CAN","0x201","发送成功","4","00 00 80 3F"
"5070","11:12:25.002","标准帧","数据帧","CAN","0x0","接收成功","8","11 CB 1B 84 48 14 21 1F"
"5071","11:12:25.002","标准帧","数据帧","CAN","0x201","发送成功","4","00 00 80 3F"
"5072","11:12:25.002","标准帧","数据帧","CAN","0x0","接收成功","8","11 CB 1E 84 68 13 21 1F"
"5073","11:12:25.013","标准帧","数据帧","CAN","0x201","发送成功","4","00 00 80 3F"
"5074","11:12:25.013","标准帧","数据帧","CAN","0x0","接收成功","8","11 CB 31 84 58 0F 21 1F"
"5075","11:12:25.013","标准帧","数据帧","CAN","0x201","发送成功","4","00 00 80 3F"
"5076","11:12:25.013","标准帧","数据帧","CAN","0x0","接收成功","8","11 CB 38 84 38 0E 21 1F"
"5077","11:12:25.013","标准帧","数据帧","CAN","0x201","发送成功","4","00 00 80 3F"
"5078","11:12:25.013","标准帧","数据帧","CAN","0x0","接收成功","8","11 CB 3C 84 38 0F 21 1F"
"5079","11:12:25.013","标准帧","数据帧","CAN","0x201","发送成功","4","00 00 80 3F"
"5080","11:12:25.013","标准帧","数据帧","CAN","0x0","接收成功","8","11 CB 41 84 38 11 21 1F"
"5081","11:12:25.013","标准帧","数据帧","CAN","0x201","发送成功","4","00 00 80 3F"
"5082","11:12:25.013","标准帧","数据帧","CAN","0x0","接收成功","8","11 CB 49 84 28 11 21 1F"
"5083","11:12:25.013","标准帧","数据帧","CAN","0x201","发送成功","4","00 00 80 3F"
"5084","11:12:25.013","标准帧","数据帧","CAN","0x0","接收成功","8","11 CB 4E 84 18 12 21 1F"
"5085","11:12:25.023","标准帧","数据帧","CAN","0x201","发送成功","4","00 00 80 3F"
"5086","11:12:25.023","标准帧","数据帧","CAN","0x0","接收成功","8","11 CB 50 84 18 12 21 1F"
"5087","11:12:25.023","标准帧","数据帧","CAN","0x201","发送成功","4","00 00 80 3F"
"5088","11:12:25.023","标准帧","数据帧","CAN","0x0","接收成功","8","11 CB 57 84 38 12 21 1F"
"5089","11:12:25.023","标准帧","数据帧","CAN","0x201","发送成功","4","00 00 80 3F"
"5090","11:12:25.023","标准帧","数据帧","CAN","0x0","接收成功","8","11 CB 58 84 38 12 21 1F"
"5091","11:12:25.023","标准帧","数据帧","CAN","0x201","发送成功","4","00 00 80 3F"
"5092","11:12:25.023","标准帧","数据帧","CAN","0x0","接收成功","8","11 CB 5D 84 48 11 21 1F"
"5093","11:12:25.023","标准帧","数据帧","CAN","0x201","发送成功","4","00 00 80 3F"
"5094","11:12:25.023","标准帧","数据帧","CAN","0x0","接收成功","8","11 CB 60 84 58 11 21 1F"
"5095","11:12:25.023","标准帧","数据帧","CAN","0x201","发送成功","4","00 00 80 3F"
"5096","11:12:25.023","标准帧","数据帧","CAN","0x0","接收成功","8","11 CB 62 84 48 10 21 1F"
"5097","11:12:25.023","标准帧","数据帧","CAN","0x201","发送成功","4","00 00 80 3F"
"5098","11:12:25.023","标准帧","数据帧","CAN","0x0","接收成功","8","11 CB 68 84 58 0F 21 1F"
"5099","11:12:25.023","标准帧","数据帧","CAN","0x201","发送成功","4","00 00 80 3F"
"5100","11:12:25.023","标准帧","数据帧","CAN","0x0","接收成功","8","11 CB 6A 84 58 0E 21 1F"
"5101","11:12:25.034","标准帧","数据帧","CAN","0x201","发送成功","4","00 00 80 3F"
"5102","11:12:25.034","标准帧","数据帧","CAN","0x0","接收成功","8","11 CB 70 84 58 0E 21 1F"
"5103","11:12:25.034","标准帧","数据帧","CAN","0x201","发送成功","4","00 00 80 3F"
"5104","11:12:25.034","标准帧","数据帧","CAN","0x0","接收成功","8","11 CB 75 84 48 0E 21 1F"
"5105","11:12:25.034","标准帧","数据帧","CAN","0x201","发送成功","4","00 00 80 3F"
"5106","11:12:25.034","标准帧","数据帧","CAN","0x0","接收成功","8","11 CB 7A 84 38 0F 21 1F"
"5107","11:12:25.034","标准帧","数据帧","CAN","0x201","发送成功","4","00 00 80 3F"
"5108","11:12:25.034","标准帧","数据帧","CAN","0x0","接收成功","8","11 CB 80 84 38 10 21 1F"
"5109","11:12:25.044","标准帧","数据帧","CAN","0x201","发送成功","4","00 00 80 3F"
"5110","11:12:25.044","标准帧","数据帧","CAN","0x0","接收成功","8","11 CB 8B 84 28 12 21 1F"
"5111","11:12:25.044","标准帧","数据帧","CAN","0x201","发送成功","4","00 00 80 3F"
"5112","11:12:25.044","标准帧","数据帧","CAN","0x0","接收成功","8","11 CB 8F 84 08 13 21 1F"
"5113","11:12:25.044","标准帧","数据帧","CAN","0x201","发送成功","4","00 00 80 3F"
"5114","11:12:25.044","标准帧","数据帧","CAN","0x0","接收成功","8","11 CB 97 84 28 14 21 1F"
"5115","11:12:25.044","标准帧","数据帧","CAN","0x201","发送成功","4","00 00 80 3F"
"5116","11:12:25.044","标准帧","数据帧","CAN","0x0","接收成功","8","11 CB 9B 84 18 14 21 1F"
"5117","11:12:25.044","标准帧","数据帧","CAN","0x201","发送成功","4","00 00 80 3F"
"5118","11:12:25.044","标准帧","数据帧","CAN","0x0","接收成功","8","11 CB 9F 84 28 13 21 1F"
"5119","11:12:25.044","标准帧","数据帧","CAN","0x201","发送成功","4","00 00 80 3F"
"5120","11:12:25.044","标准帧","数据帧","CAN","0x0","接收成功","8","11 CB A0 84 28 13 21 1F"
"5121","11:12:25.055","标准帧","数据帧","CAN","0x201","发送成功","4","00 00 80 3F"
"5122","11:12:25.055","标准帧","数据帧","CAN","0x0","接收成功","8","11 CB A6 84 58 13 21 1F"
"5123","11:12:25.055","标准帧","数据帧","CAN","0x201","发送成功","4","00 00 80 3F"
"5124","11:12:25.055","标准帧","数据帧","CAN","0x0","接收成功","8","11 CB AA 84 58 12 21 1F"
"5125","11:12:25.055","标准帧","数据帧","CAN","0x201","发送成功","4","00 00 80 3F"
"5126","11:12:25.055","标准帧","数据帧","CAN","0x0","接收成功","8","11 CB AD 84 58 12 21 1F"
"5127","11:12:25.055","标准帧","数据帧","CAN","0x201","发送成功","4","00 00 80 3F"
"5128","11:12:25.055","标准帧","数据帧","CAN","0x0","接收成功","8","11 CB AF 84 58 12 21 1F"
"5129","11:12:25.055","标准帧","数据帧","CAN","0x201","发送成功","4","00 00 80 3F"
"5130","11:12:25.055","标准帧","数据帧","CAN","0x0","接收成功","8","11 CB B3 84 58 10 21 1F"
"5131","11:12:25.055","标准帧","数据帧","CAN","0x201","发送成功","4","00 00 80 3F"
"5132","11:12:25.055","标准帧","数据帧","CAN","0x0","接收成功","8","11 CB B4 84 58 10 21 1F"
"5133","11:12:25.055","标准帧","数据帧","CAN","0x201","发送成功","4","00 00 80 3F"
"5134","11:12:25.055","标准帧","数据帧","CAN","0x0","接收成功","8","11 CB B7 84 48 10 21 1F"
"5135","11:12:25.055","标准帧","数据帧","CAN","0x201","发送成功","4","00 00 80 3F"
"5136","11:12:25.055","标准帧","数据帧","CAN","0x0","接收成功","8","11 CB BE 84 58 0F 21 1F"
"5137","11:12:25.055","标准帧","数据帧","CAN","0x201","发送成功","4","00 00 80 3F"
"5138","11:12:25.065","标准帧","数据帧","CAN","0x0","接收成功","8","11 CB C2 84 48 0F 21 1F"
"5139","11:12:25.065","标准帧","数据帧","CAN","0x201","发送成功","4","00 00 80 3F"
"5140","11:12:25.065","标准帧","数据帧","CAN","0x0","接收成功","8","11 CB C2 84 48 0F 21 1F"
"5141","11:12:25.065","标准帧","数据帧","CAN","0x201","发送成功","4","00 00 80 3F"
"5142","11:12:25.065","标准帧","数据帧","CAN","0x0","接收成功","8","11 CB C6 84 48 10 21 1F"
"5143","11:12:25.065","标准帧","数据帧","CAN","0x201","发送成功","4","00 00 80 3F"
"5144","11:12:25.065","标准帧","数据帧","CAN","0x0","接收成功","8","11 CB CA 84 48 10 21 1F"
"5145","11:12:25.065","标准帧","数据帧","CAN","0x201","发送成功","4","00 00 80 3F"
"5146","11:12:25.065","标准帧","数据帧","CAN","0x0","接收成功","8","11 CB CE 84 38 0F 21 1F"
"5147","11:12:25.065","标准帧","数据帧","CAN","0x201","发送成功","4","00 00 80 3F"
"5148","11:12:25.065","标准帧","数据帧","CAN","0x0","接收成功","8","11 CB D3 84 48 0F 21 1F"
"5149","11:12:25.065","标准帧","数据帧","CAN","0x201","发送成功","4","00 00 80 3F"
"5150","11:12:25.065","标准帧","数据帧","CAN","0x0","接收成功","8","11 CB D7 84 38 11 21 1F"
"5151","11:12:25.065","标准帧","数据帧","CAN","0x201","发送成功","4","00 00 80 3F"
"5152","11:12:25.065","标准帧","数据帧","CAN","0x0","接收成功","8","11 CB D8 84 38 11 21 1F"
"5153","11:12:25.077","标准帧","数据帧","CAN","0x201","发送成功","4","00 00 80 3F"
"5154","11:12:25.077","标准帧","数据帧","CAN","0x0","接收成功","8","11 CB DB 84 38 12 21 1F"
"5155","11:12:25.077","标准帧","数据帧","CAN","0x201","发送成功","4","00 00 80 3F"
"5156","11:12:25.077","标准帧","数据帧","CAN","0x0","接收成功","8","11 CB DE 84 28 11 21 1F"
"5157","11:12:25.077","标准帧","数据帧","CAN","0x201","发送成功","4","00 00 80 3F"
"5158","11:12:25.077","标准帧","数据帧","CAN","0x0","接收成功","8","11 CB DE 84 28 11 21 1F"
"5159","11:12:25.077","标准帧","数据帧","CAN","0x201","发送成功","4","00 00 80 3F"
"5160","11:12:25.077","标准帧","数据帧","CAN","0x0","接收成功","8","11 CB E2 84 38 12 21 1F"
"5161","11:12:25.077","标准帧","数据帧","CAN","0x201","发送成功","4","00 00 80 3F"
"5162","11:12:25.077","标准帧","数据帧","CAN","0x0","接收成功","8","11 CB E6 84 28 12 21 1F"
"5163","11:12:25.077","标准帧","数据帧","CAN","0x201","发送成功","4","00 00 80 3F"
"5164","11:12:25.077","标准帧","数据帧","CAN","0x0","接收成功","8","11 CB EB 84 28 13 21 1F"
"5165","11:12:25.077","标准帧","数据帧","CAN","0x201","发送成功","4","00 00 80 3F"
"5166","11:12:25.077","标准帧","数据帧","CAN","0x0","接收成功","8","11 CB EF 84 48 13 21 1F"
"5167","11:12:25.077","标准帧","数据帧","CAN","0x201","发送成功","4","00 00 80 3F"
"5168","11:12:25.077","标准帧","数据帧","CAN","0x0","接收成功","8","11 CB F3 84 38 12 21 1F"
"5169","11:12:25.088","标准帧","数据帧","CAN","0x201","发送成功","4","00 00 80 3F"
"5170","11:12:25.088","标准帧","数据帧","CAN","0x0","接收成功","8","11 CB F6 84 48 12 21 1F"
"5171","11:12:25.088","标准帧","数据帧","CAN","0x201","发送成功","4","00 00 80 3F"
"5172","11:12:25.088","标准帧","数据帧","CAN","0x0","接收成功","8","11 CB F9 84 48 12 21 1F"
"5173","11:12:25.088","标准帧","数据帧","CAN","0x201","发送成功","4","00 00 80 3F"
"5174","11:12:25.088","标准帧","数据帧","CAN","0x0","接收成功","8","11 CB FD 84 38 11 21 1F"
"5175","11:12:25.088","标准帧","数据帧","CAN","0x201","发送成功","4","00 00 80 3F"
"5176","11:12:25.088","标准帧","数据帧","CAN","0x0","接收成功","8","11 CC 02 84 58 11 21 1F"
"5177","11:12:25.088","标准帧","数据帧","CAN","0x201","发送成功","4","00 00 80 3F"
"5178","11:12:25.088","标准帧","数据帧","CAN","0x0","接收成功","8","11 CC 03 84 58 11 21 1F"
"5179","11:12:25.088","标准帧","数据帧","CAN","0x201","发送成功","4","00 00 80 3F"
"5180","11:12:25.088","标准帧","数据帧","CAN","0x0","接收成功","8","11 CC 07 84 58 10 21 1F"
"5181","11:12:25.088","标准帧","数据帧","CAN","0x201","发送成功","4","00 00 80 3F"
"5182","11:12:25.088","标准帧","数据帧","CAN","0x0","接收成功","8","11 CC 0A 84 48 10 21 1F"
"5183","11:12:25.088","标准帧","数据帧","CAN","0x201","发送成功","4","00 00 80 3F"
"5184","11:12:25.088","标准帧","数据帧","CAN","0x0","接收成功","8","11 CC 0D 84 48 10 21 1F"
"5185","11:12:25.099","标准帧","数据帧","CAN","0x201","发送成功","4","00 00 80 3F"
"5186","11:12:25.099","标准帧","数据帧","CAN","0x0","接收成功","8","11 CC 12 84 48 10 21 1F"
"5187","11:12:25.099","标准帧","数据帧","CAN","0x201","发送成功","4","00 00 80 3F"
"5188","11:12:25.099","标准帧","数据帧","CAN","0x0","接收成功","8","11 CC 17 84 18 12 21 1F"
"5189","11:12:25.099","标准帧","数据帧","CAN","0x201","发送成功","4","00 00 80 3F"
"5190","11:12:25.099","标准帧","数据帧","CAN","0x0","接收成功","8","11 CC 1A 84 28 13 21 1F"
"5191","11:12:25.099","标准帧","数据帧","CAN","0x201","发送成功","4","00 00 80 3F"
"5192","11:12:25.099","标准帧","数据帧","CAN","0x0","接收成功","8","11 CC 1B 84 18 13 21 1F"
"5193","11:12:25.099","标准帧","数据帧","CAN","0x201","发送成功","4","00 00 80 3F"
"5194","11:12:25.099","标准帧","数据帧","CAN","0x0","接收成功","8","11 CC 1E 84 18 13 21 1F"
"5195","11:12:25.099","标准帧","数据帧","CAN","0x201","发送成功","4","00 00 80 3F"
"5196","11:12:25.099","标准帧","数据帧","CAN","0x0","接收成功","8","11 CC 1F 84 18 13 21 1F"
"5197","11:12:25.099","标准帧","数据帧","CAN","0x201","发送成功","4","00 00 80 3F"
"5198","11:12:25.099","标准帧","数据帧","CAN","0x0","接收成功","8","11 CC 23 84 08 15 21 1F"
"5199","11:12:25.110","标准帧","数据帧","CAN","0x201","发送成功","4","00 00 80 3F"
"5200","11:12:25.110","标准帧","数据帧","CAN","0x0","接收成功","8","11 CC 2F 84 38 14 21 1F"
"5201","11:12:25.110","标准帧","数据帧","CAN","0x201","发送成功","4","00 00 80 3F"
"5202","11:12:25.110","标准帧","数据帧","CAN","0x0","接收成功","8","11 CC 32 84 48 12 21 1F"
"5203","11:12:25.110","标准帧","数据帧","CAN","0x201","发送成功","4","00 00 80 3F"
"5204","11:12:25.110","标准帧","数据帧","CAN","0x0","接收成功","8","11 CC 33 84 48 12 21 1F"
"5205","11:12:25.110","标准帧","数据帧","CAN","0x201","发送成功","4","00 00 80 3F"
"5206","11:12:25.110","标准帧","数据帧","CAN","0x0","接收成功","8","11 CC 38 84 58 11 21 1F"
"5207","11:12:25.110","标准帧","数据帧","CAN","0x201","发送成功","4","00 00 80 3F"
"5208","11:12:25.110","标准帧","数据帧","CAN","0x0","接收成功","8","11 CC 3D 84 68 10 21 1F"
"5209","11:12:25.110","标准帧","数据帧","CAN","0x201","发送成功","4","00 00 80 3F"
"5210","11:12:25.110","标准帧","数据帧","CAN","0x0","接收成功","8","11 CC 3E 84 68 0F 21 1F"
"5211","11:12:25.110","标准帧","数据帧","CAN","0x201","发送成功","4","00 00 80 3F"
"5212","11:12:25.110","标准帧","数据帧","CAN","0x0","接收成功","8","11 CC 44 84 78 0E 21 1F"
"5213","11:12:25.110","标准帧","数据帧","CAN","0x201","发送成功","4","00 00 80 3F"
"5214","11:12:25.110","标准帧","数据帧","CAN","0x0","接收成功","8","11 CC 47 84 78 0D 21 1F"
"5215","11:12:25.120","标准帧","数据帧","CAN","0x201","发送成功","4","00 00 80 3F"
"5216","11:12:25.120","标准帧","数据帧","CAN","0x0","接收成功","8","11 CC 4A 84 68 0D 21 1F"
"5217","11:12:25.120","标准帧","数据帧","CAN","0x201","发送成功","4","00 00 80 3F"
"5218","11:12:25.120","标准帧","数据帧","CAN","0x0","接收成功","8","11 CC 4F 84 58 0D 21 1F"
"5219","11:12:25.120","标准帧","数据帧","CAN","0x201","发送成功","4","00 00 80 3F"
"5220","11:12:25.120","标准帧","数据帧","CAN","0x0","接收成功","8","11 CC 50 84 48 0E 21 1F"
"5221","11:12:25.120","标准帧","数据帧","CAN","0x201","发送成功","4","00 00 80 3F"
"5222","11:12:25.120","标准帧","数据帧","CAN","0x0","接收成功","8","11 CC 54 84 38 0E 21 1F"
"5223","11:12:25.120","标准帧","数据帧","CAN","0x201","发送成功","4","00 00 80 3F"
"5224","11:12:25.120","标准帧","数据帧","CAN","0x0","接收成功","8","11 CC 58 84 38 10 21 1F"
"5225","11:12:25.120","标准帧","数据帧","CAN","0x201","发送成功","4","00 00 80 3F"
"5226","11:12:25.120","标准帧","数据帧","CAN","0x0","接收成功","8","11 CC 5C 84 08 10 21 1F"
"5227","11:12:25.120","标准帧","数据帧","CAN","0x201","发送成功","4","00 00 80 3F"
"5228","11:12:25.120","标准帧","数据帧","CAN","0x0","接收成功","8","11 CC 5C 84 08 11 21 1F"
"5229","11:12:25.120","标准帧","数据帧","CAN","0x201","发送成功","4","00 00 80 3F"
"5230","11:12:25.120","标准帧","数据帧","CAN","0x0","接收成功","8","11 CC 60 83 F8 14 21 1F"
"5231","11:12:25.120","标准帧","数据帧","CAN","0x201","发送成功","4","00 00 80 3F"
"5232","11:12:25.120","标准帧","数据帧","CAN","0x201","发送成功","4","00 00 80 3F"
"5233","11:12:25.120","标准帧","数据帧","CAN","0x0","接收成功","8","11 CC 62 84 08 15 21 1F"
"5234","11:12:25.120","标准帧","数据帧","CAN","0x0","接收成功","8","11 CC 63 84 08 15 21 1F"
"5235","11:12:25.131","标准帧","数据帧","CAN","0x201","发送成功","4","00 00 80 3F"
"5236","11:12:25.131","标准帧","数据帧","CAN","0x0","接收成功","8","11 CC 67 84 18 15 21 1F"
"5237","11:12:25.131","标准帧","数据帧","CAN","0x201","发送成功","4","00 00 80 3F"
"5238","11:12:25.131","标准帧","数据帧","CAN","0x0","接收成功","8","11 CC 6A 84 08 16 21 1F"
"5239","11:12:25.131","标准帧","数据帧","CAN","0x201","发送成功","4","00 00 80 3F"
"5240","11:12:25.131","标准帧","数据帧","CAN","0x0","接收成功","8","11 CC 6C 84 28 16 21 1F"
"5241","11:12:25.131","标准帧","数据帧","CAN","0x201","发送成功","4","00 00 80 3F"
"5242","11:12:25.131","标准帧","数据帧","CAN","0x0","接收成功","8","11 CC 70 84 28 16 21 1F"
"5243","11:12:25.131","标准帧","数据帧","CAN","0x201","发送成功","4","00 00 80 3F"
"5244","11:12:25.131","标准帧","数据帧","CAN","0x0","接收成功","8","11 CC 74 84 48 15 21 1F"
"5245","11:12:25.131","标准帧","数据帧","CAN","0x201","发送成功","4","00 00 80 3F"
"5246","11:12:25.131","标准帧","数据帧","CAN","0x0","接收成功","8","11 CC 78 84 48 14 21 1F"
"5247","11:12:25.131","标准帧","数据帧","CAN","0x201","发送成功","4","00 00 80 3F"
"5248","11:12:25.131","标准帧","数据帧","CAN","0x0","接收成功","8","11 CC 7B 84 58 13 21 1F"
"5249","11:12:25.131","标准帧","数据帧","CAN","0x201","发送成功","4","00 00 80 3F"
"5250","11:12:25.131","标准帧","数据帧","CAN","0x0","接收成功","8","11 CC 7C 84 58 13 21 1F"
"5251","11:12:25.142","标准帧","数据帧","CAN","0x201","发送成功","4","00 00 80 3F"
"5252","11:12:25.142","标准帧","数据帧","CAN","0x0","接收成功","8","11 CC 7F 84 58 11 21 1F"
"5253","11:12:25.142","标准帧","数据帧","CAN","0x201","发送成功","4","00 00 80 3F"
"5254","11:12:25.142","标准帧","数据帧","CAN","0x0","接收成功","8","11 CC 84 84 78 10 21 1F"
"5255","11:12:25.142","标准帧","数据帧","CAN","0x201","发送成功","4","00 00 80 3F"
"5256","11:12:25.142","标准帧","数据帧","CAN","0x0","接收成功","8","11 CC 87 84 68 0F 21 1F"
"5257","11:12:25.142","标准帧","数据帧","CAN","0x201","发送成功","4","00 00 80 3F"
"5258","11:12:25.142","标准帧","数据帧","CAN","0x0","接收成功","8","11 CC 8B 84 68 0F 21 1F"
"5259","11:12:25.142","标准帧","数据帧","CAN","0x201","发送成功","4","00 00 80 3F"
"5260","11:12:25.142","标准帧","数据帧","CAN","0x0","接收成功","8","11 CC 8F 84 58 0E 21 1F"
"5261","11:12:25.142","标准帧","数据帧","CAN","0x201","发送成功","4","00 00 80 3F"
"5262","11:12:25.142","标准帧","数据帧","CAN","0x0","接收成功","8","11 CC 92 84 38 0F 21 1F"
"5263","11:12:25.142","标准帧","数据帧","CAN","0x201","发送成功","4","00 00 80 3F"
"5264","11:12:25.142","标准帧","数据帧","CAN","0x0","接收成功","8","11 CC 93 84 38 0F 21 1F"
"5265","11:12:25.142","标准帧","数据帧","CAN","0x201","发送成功","4","00 00 80 3F"
"5266","11:12:25.142","标准帧","数据帧","CAN","0x0","接收成功","8","11 CC 98 84 28 10 21 1F"
"5267","11:12:25.195","标准帧","数据帧","CAN","0x201","发送成功","4","00 00 80 3F"
"5268","11:12:25.195","标准帧","数据帧","CAN","0x0","接收成功","8","11 CC 9C 84 08 11 21 1F"
"5269","11:12:25.195","标准帧","数据帧","CAN","0x201","发送成功","4","00 00 80 3F"
"5270","11:12:25.195","标准帧","数据帧","CAN","0x0","接收成功","8","11 CC 9F 84 08 13 21 1F"
"5271","11:12:25.195","标准帧","数据帧","CAN","0x201","发送成功","4","00 00 80 3F"
"5272","11:12:25.195","标准帧","数据帧","CAN","0x0","接收成功","8","11 CC A2 83 F8 13 21 1F"
"5273","11:12:25.195","标准帧","数据帧","CAN","0x201","发送成功","4","00 00 80 3F"
"5274","11:12:25.195","标准帧","数据帧","CAN","0x0","接收成功","8","11 CC A7 84 18 14 21 1F"
"5275","11:12:25.195","标准帧","数据帧","CAN","0x201","发送成功","4","00 00 80 3F"
"5276","11:12:25.195","标准帧","数据帧","CAN","0x0","接收成功","8","11 CC B1 84 28 14 21 1F"
"5277","11:12:25.195","标准帧","数据帧","CAN","0x201","发送成功","4","00 00 80 3F"
"5278","11:12:25.195","标准帧","数据帧","CAN","0x0","接收成功","8","11 CD 1B 84 38 0F 21 1F"
"5279","11:12:25.195","标准帧","数据帧","CAN","0x201","发送成功","4","00 00 80 3F"
"5280","11:12:25.195","标准帧","数据帧","CAN","0x0","接收成功","8","11 CD 1C 84 38 10 21 1F"
"5281","11:12:25.195","标准帧","数据帧","CAN","0x201","发送成功","4","00 00 80 3F"
"5282","11:12:25.195","标准帧","数据帧","CAN","0x0","接收成功","8","11 CD 21 84 48 10 21 1F"
"5283","11:12:25.195","标准帧","数据帧","CAN","0x201","发送成功","4","00 00 80 3F"
"5284","11:12:25.195","标准帧","数据帧","CAN","0x0","接收成功","8","11 CD 25 84 18 10 21 1F"
"5285","11:12:25.206","标准帧","数据帧","CAN","0x201","发送成功","4","00 00 80 3F"
"5286","11:12:25.206","标准帧","数据帧","CAN","0x0","接收成功","8","11 CD 28 84 18 11 21 1F"
"5287","11:12:25.206","标准帧","数据帧","CAN","0x201","发送成功","4","00 00 80 3F"
"5288","11:12:25.206","标准帧","数据帧","CAN","0x0","接收成功","8","11 CD 35 84 18 12 21 1F"
"5289","11:12:25.206","标准帧","数据帧","CAN","0x201","发送成功","4","00 00 80 3F"
"5290","11:12:25.206","标准帧","数据帧","CAN","0x0","接收成功","8","11 CD 39 84 38 12 21 1F"
"5291","11:12:25.206","标准帧","数据帧","CAN","0x201","发送成功","4","00 00 80 3F"
"5292","11:12:25.206","标准帧","数据帧","CAN","0x0","接收成功","8","11 CD 3A 84 38 12 21 1F"
"5293","11:12:25.206","标准帧","数据帧","CAN","0x201","发送成功","4","00 00 80 3F"
"5294","11:12:25.206","标准帧","数据帧","CAN","0x0","接收成功","8","11 CD 3E 84 48 11 21 1F"
"5295","11:12:25.238","标准帧","数据帧","CAN","0x201","发送成功","4","00 00 80 3F"
"5296","11:12:25.238","标准帧","数据帧","CAN","0x0","接收成功","8","11 CD 42 84 58 10 21 1F"
"5297","11:12:25.238","标准帧","数据帧","CAN","0x201","发送成功","4","00 00 80 3F"
"5298","11:12:25.238","标准帧","数据帧","CAN","0x0","接收成功","8","11 CD 48 84 58 10 21 1F"
"5299","11:12:25.238","标准帧","数据帧","CAN","0x201","发送成功","4","00 00 80 3F"
"5300","11:12:25.238","标准帧","数据帧","CAN","0x0","接收成功","8","11 CD 4C 84 48 10 21 1F"
"5301","11:12:25.238","标准帧","数据帧","CAN","0x201","发送成功","4","00 00 80 3F"
"5302","11:12:25.238","标准帧","数据帧","CAN","0x0","接收成功","8","11 CD 4C 84 48 10 21 1F"
"5303","11:12:25.238","标准帧","数据帧","CAN","0x201","发送成功","4","00 00 80 3F"
"5304","11:12:25.249","标准帧","数据帧","CAN","0x0","接收成功","8","11 CD 50 84 48 10 21 1F"
"5305","11:12:25.249","标准帧","数据帧","CAN","0x201","发送成功","4","00 00 80 3F"
"5306","11:12:25.249","标准帧","数据帧","CAN","0x0","接收成功","8","11 CD 9B 84 58 0F 21 1F"
"5307","11:12:25.249","标准帧","数据帧","CAN","0x201","发送成功","4","00 00 80 3F"
"5308","11:12:25.249","标准帧","数据帧","CAN","0x0","接收成功","8","11 CD 9B 84 58 0F 21 1F"
"5309","11:12:25.249","标准帧","数据帧","CAN","0x201","发送成功","4","00 00 80 3F"
"5310","11:12:25.249","标准帧","数据帧","CAN","0x0","接收成功","8","11 CD A1 84 58 0F 21 1F"
"5311","11:12:25.249","标准帧","数据帧","CAN","0x201","发送成功","4","00 00 80 3F"
"5312","11:12:25.249","标准帧","数据帧","CAN","0x0","接收成功","8","11 CD A4 84 48 0F 21 1F"
"5313","11:12:25.249","标准帧","数据帧","CAN","0x201","发送成功","4","00 00 80 3F"
"5314","11:12:25.249","标准帧","数据帧","CAN","0x0","接收成功","8","11 CD A9 84 48 0F 21 1F"
"5315","11:12:25.249","标准帧","数据帧","CAN","0x201","发送成功","4","00 00 80 3F"
"5316","11:12:25.249","标准帧","数据帧","CAN","0x0","接收成功","8","11 CD AD 84 38 0F 21 1F"
"5317","11:12:25.249","标准帧","数据帧","CAN","0x201","发送成功","4","00 00 80 3F"
"5318","11:12:25.249","标准帧","数据帧","CAN","0x201","发送成功","4","00 00 80 3F"
"5319","11:12:25.249","标准帧","数据帧","CAN","0x0","接收成功","8","11 CD B0 84 28 10 21 1F"
"5320","11:12:25.249","标准帧","数据帧","CAN","0x0","接收成功","8","11 CD B0 84 28 10 21 1F"
"5321","11:12:25.260","标准帧","数据帧","CAN","0x201","发送成功","4","00 00 80 3F"
"5322","11:12:25.260","标准帧","数据帧","CAN","0x0","接收成功","8","11 CD B4 84 28 11 21 1F"
"5323","11:12:25.260","标准帧","数据帧","CAN","0x201","发送成功","4","00 00 80 3F"
"5324","11:12:25.260","标准帧","数据帧","CAN","0x0","接收成功","8","11 CD B7 84 08 12 21 1F"
"5325","11:12:25.260","标准帧","数据帧","CAN","0x201","发送成功","4","00 00 80 3F"
"5326","11:12:25.260","标准帧","数据帧","CAN","0x0","接收成功","8","11 CD BB 84 08 13 21 1F"
"5327","11:12:25.260","标准帧","数据帧","CAN","0x201","发送成功","4","00 00 80 3F"
"5328","11:12:25.260","标准帧","数据帧","CAN","0x0","接收成功","8","11 CD BE 84 18 14 21 1F"
"5329","11:12:25.260","标准帧","数据帧","CAN","0x201","发送成功","4","00 00 80 3F"
"5330","11:12:25.260","标准帧","数据帧","CAN","0x0","接收成功","8","11 CD C1 84 18 14 21 1F"
"5331","11:12:25.260","标准帧","数据帧","CAN","0x201","发送成功","4","00 00 80 3F"
"5332","11:12:25.260","标准帧","数据帧","CAN","0x0","接收成功","8","11 CD C5 84 18 15 21 1F"
"5333","11:12:25.260","标准帧","数据帧","CAN","0x201","发送成功","4","00 00 80 3F"
"5334","11:12:25.260","标准帧","数据帧","CAN","0x0","接收成功","8","11 CD CB 84 48 14 21 1F"
"5335","11:12:25.270","标准帧","数据帧","CAN","0x201","发送成功","4","00 00 80 3F"
"5336","11:12:25.270","标准帧","数据帧","CAN","0x0","接收成功","8","11 CD CF 84 48 13 21 1F"
"5337","11:12:25.270","标准帧","数据帧","CAN","0x201","发送成功","4","00 00 80 3F"
"5338","11:12:25.270","标准帧","数据帧","CAN","0x0","接收成功","8","11 CD D3 84 68 13 21 1F"
"5339","11:12:25.270","标准帧","数据帧","CAN","0x201","发送成功","4","00 00 80 3F"
"5340","11:12:25.270","标准帧","数据帧","CAN","0x0","接收成功","8","11 CD D8 84 78 12 21 1F"
"5341","11:12:25.270","标准帧","数据帧","CAN","0x201","发送成功","4","00 00 80 3F"
"5342","11:12:25.270","标准帧","数据帧","CAN","0x0","接收成功","8","11 CD DB 84 68 0F 21 1F"
"5343","11:12:25.270","标准帧","数据帧","CAN","0x201","发送成功","4","00 00 80 3F"
"5344","11:12:25.270","标准帧","数据帧","CAN","0x0","接收成功","8","11 CD E0 84 58 10 21 1F"
"5345","11:12:25.270","标准帧","数据帧","CAN","0x201","发送成功","4","00 00 80 3F"
"5346","11:12:25.270","标准帧","数据帧","CAN","0x0","接收成功","8","11 CD E4 84 58 10 21 1F"
"5347","11:12:25.270","标准帧","数据帧","CAN","0x201","发送成功","4","00 00 80 3F"
"5348","11:12:25.270","标准帧","数据帧","CAN","0x0","接收成功","8","11 CD E7 84 48 10 21 1F"
"5349","11:12:25.270","标准帧","数据帧","CAN","0x201","发送成功","4","00 00 80 3F"
"5350","11:12:25.270","标准帧","数据帧","CAN","0x0","接收成功","8","11 CD E8 84 48 10 21 1F"
"5351","11:12:25.281","标准帧","数据帧","CAN","0x201","发送成功","4","00 00 80 3F"
"5352","11:12:25.281","标准帧","数据帧","CAN","0x0","接收成功","8","11 CD EB 84 48 10 21 1F"
"5353","11:12:25.281","标准帧","数据帧","CAN","0x201","发送成功","4","00 00 80 3F"
"5354","11:12:25.281","标准帧","数据帧","CAN","0x0","接收成功","8","11 CD EE 84 28 11 21 1F"
"5355","11:12:25.281","标准帧","数据帧","CAN","0x201","发送成功","4","00 00 80 3F"
"5356","11:12:25.281","标准帧","数据帧","CAN","0x0","接收成功","8","11 CD F2 84 28 11 21 1F"
"5357","11:12:25.281","标准帧","数据帧","CAN","0x201","发送成功","4","00 00 80 3F"
"5358","11:12:25.281","标准帧","数据帧","CAN","0x0","接收成功","8","11 CD F7 84 18 12 21 1F"
"5359","11:12:25.281","标准帧","数据帧","CAN","0x201","发送成功","4","00 00 80 3F"
"5360","11:12:25.281","标准帧","数据帧","CAN","0x0","接收成功","8","11 CD FA 84 08 15 21 1F"
"5361","11:12:25.281","标准帧","数据帧","CAN","0x201","发送成功","4","00 00 80 3F"
"5362","11:12:25.281","标准帧","数据帧","CAN","0x0","接收成功","8","11 CD FB 84 08 15 21 1F"
"5363","11:12:25.281","标准帧","数据帧","CAN","0x201","发送成功","4","00 00 80 3F"
"5364","11:12:25.281","标准帧","数据帧","CAN","0x0","接收成功","8","11 CD FF 84 18 15 21 1F"
"5365","11:12:25.291","标准帧","数据帧","CAN","0x201","发送成功","4","00 00 80 3F"
"5366","11:12:25.291","标准帧","数据帧","CAN","0x0","接收成功","8","11 CE 04 84 18 15 21 1F"
"5367","11:12:25.291","标准帧","数据帧","CAN","0x201","发送成功","4","00 00 80 3F"
"5368","11:12:25.291","标准帧","数据帧","CAN","0x0","接收成功","8","11 CE 0D 84 38 13 21 1F"
"5369","11:12:25.291","标准帧","数据帧","CAN","0x201","发送成功","4","00 00 80 3F"
"5370","11:12:25.291","标准帧","数据帧","CAN","0x0","接收成功","8","11 CE 12 84 68 12 21 1F"
"5371","11:12:25.291","标准帧","数据帧","CAN","0x201","发送成功","4","00 00 80 3F"
"5372","11:12:25.291","标准帧","数据帧","CAN","0x0","接收成功","8","11 CE 16 84 68 0F 21 1F"
"5373","11:12:25.291","标准帧","数据帧","CAN","0x201","发送成功","4","00 00 80 3F"
"5374","11:12:25.291","标准帧","数据帧","CAN","0x0","接收成功","8","11 CE 19 84 68 0F 21 1F"
"5375","11:12:25.291","标准帧","数据帧","CAN","0x201","发送成功","4","00 00 80 3F"
"5376","11:12:25.291","标准帧","数据帧","CAN","0x0","接收成功","8","11 CE 1D 84 78 0E 21 1F"
"5377","11:12:25.291","标准帧","数据帧","CAN","0x201","发送成功","4","00 00 80 3F"
"5378","11:12:25.291","标准帧","数据帧","CAN","0x0","接收成功","8","11 CE 1D 84 68 0D 21 1F"
"5379","11:12:25.302","标准帧","数据帧","CAN","0x201","发送成功","4","00 00 80 3F"
"5380","11:12:25.302","标准帧","数据帧","CAN","0x0","接收成功","8","11 CE 22 84 58 0C 21 1F"
"5381","11:12:25.302","标准帧","数据帧","CAN","0x201","发送成功","4","00 00 80 3F"
"5382","11:12:25.302","标准帧","数据帧","CAN","0x0","接收成功","8","11 CE 27 84 68 0D 21 1F"
"5383","11:12:25.302","标准帧","数据帧","CAN","0x201","发送成功","4","00 00 80 3F"
"5384","11:12:25.302","标准帧","数据帧","CAN","0x0","接收成功","8","11 CE 2C 84 48 0D 21 1F"
"5385","11:12:25.302","标准帧","数据帧","CAN","0x201","发送成功","4","00 00 80 3F"
"5386","11:12:25.302","标准帧","数据帧","CAN","0x0","接收成功","8","11 CE 2F 84 38 0F 21 1F"
"5387","11:12:25.302","标准帧","数据帧","CAN","0x201","发送成功","4","00 00 80 3F"
"5388","11:12:25.302","标准帧","数据帧","CAN","0x201","发送成功","4","00 00 80 3F"
"5389","11:12:25.302","标准帧","数据帧","CAN","0x0","接收成功","8","11 CE 32 84 28 0F 21 1F"
"5390","11:12:25.302","标准帧","数据帧","CAN","0x0","接收成功","8","11 CE 33 84 28 0F 21 1F"
"5391","11:12:25.313","标准帧","数据帧","CAN","0x201","发送成功","4","00 00 80 3F"
"5392","11:12:25.313","标准帧","数据帧","CAN","0x0","接收成功","8","11 CE 3F 84 08 14 21 1F"
"5393","11:12:25.313","标准帧","数据帧","CAN","0x201","发送成功","4","00 00 80 3F"
"5394","11:12:25.313","标准帧","数据帧","CAN","0x0","接收成功","8","11 CE 43 84 08 15 21 1F"
"5395","11:12:25.313","标准帧","数据帧","CAN","0x201","发送成功","4","00 00 80 3F"
"5396","11:12:25.313","标准帧","数据帧","CAN","0x0","接收成功","8","11 CE 47 84 18 15 21 1F"
"5397","11:12:25.313","标准帧","数据帧","CAN","0x201","发送成功","4","00 00 80 3F"
"5398","11:12:25.313","标准帧","数据帧","CAN","0x0","接收成功","8","11 CE 48 84 18 15 21 1F"
"5399","11:12:25.313","标准帧","数据帧","CAN","0x201","发送成功","4","00 00 80 3F"
"5400","11:12:25.313","标准帧","数据帧","CAN","0x0","接收成功","8","11 CE 4D 84 28 15 21 1F"
"5401","11:12:25.313","标准帧","数据帧","CAN","0x201","发送成功","4","00 00 80 3F"
"5402","11:12:25.313","标准帧","数据帧","CAN","0x0","接收成功","8","11 CE 51 84 48 14 21 1F"
"5403","11:12:25.313","标准帧","数据帧","CAN","0x201","发送成功","4","00 00 80 3F"
"5404","11:12:25.313","标准帧","数据帧","CAN","0x0","接收成功","8","11 CE 52 84 48 14 21 1F"
"5405","11:12:25.313","标准帧","数据帧","CAN","0x201","发送成功","4","00 00 80 3F"
"5406","11:12:25.313","标准帧","数据帧","CAN","0x0","接收成功","8","11 CE 55 84 58 13 21 1F"
"5407","11:12:25.345","标准帧","数据帧","CAN","0x201","发送成功","4","00 00 80 3F"
"5408","11:12:25.345","标准帧","数据帧","CAN","0x0","接收成功","8","11 CE 59 84 58 11 21 1F"
"5409","11:12:25.345","标准帧","数据帧","CAN","0x201","发送成功","4","00 00 80 3F"
"5410","11:12:25.345","标准帧","数据帧","CAN","0x0","接收成功","8","11 CE 5C 84 58 11 21 1F"
"5411","11:12:25.345","标准帧","数据帧","CAN","0x201","发送成功","4","00 00 80 3F"
"5412","11:12:25.345","标准帧","数据帧","CAN","0x0","接收成功","8","11 CE A6 84 58 0F 21 1F"
"5413","11:12:25.345","标准帧","数据帧","CAN","0x201","发送成功","4","00 00 80 3F"
"5414","11:12:25.345","标准帧","数据帧","CAN","0x0","接收成功","8","11 CE A9 84 58 0F 21 1F"
"5415","11:12:25.345","标准帧","数据帧","CAN","0x201","发送成功","4","00 00 80 3F"
"5416","11:12:25.355","标准帧","数据帧","CAN","0x0","接收成功","8","11 CE AD 84 38 10 21 1F"
"5417","11:12:25.355","标准帧","数据帧","CAN","0x201","发送成功","4","00 00 80 3F"
"5418","11:12:25.355","标准帧","数据帧","CAN","0x0","接收成功","8","11 CE AE 84 38 10 21 1F"
"5419","11:12:25.355","标准帧","数据帧","CAN","0x201","发送成功","4","00 00 80 3F"
"5420","11:12:25.355","标准帧","数据帧","CAN","0x0","接收成功","8","11 CE B0 84 38 11 21 1F"
"5421","11:12:25.355","标准帧","数据帧","CAN","0x201","发送成功","4","00 00 80 3F"
"5422","11:12:25.355","标准帧","数据帧","CAN","0x0","接收成功","8","11 CE B1 84 38 11 21 1F"
"5423","11:12:25.355","标准帧","数据帧","CAN","0x201","发送成功","4","00 00 80 3F"
"5424","11:12:25.355","标准帧","数据帧","CAN","0x0","接收成功","8","11 CE B5 84 28 12 21 1F"
"5425","11:12:25.355","标准帧","数据帧","CAN","0x201","发送成功","4","00 00 80 3F"
"5426","11:12:25.355","标准帧","数据帧","CAN","0x0","接收成功","8","11 CE B9 84 28 13 21 1F"
"5427","11:12:25.355","标准帧","数据帧","CAN","0x201","发送成功","4","00 00 80 3F"
"5428","11:12:25.355","标准帧","数据帧","CAN","0x0","接收成功","8","11 CE BD 84 28 14 21 1F"
"5429","11:12:25.355","标准帧","数据帧","CAN","0x201","发送成功","4","00 00 80 3F"
"5430","11:12:25.355","标准帧","数据帧","CAN","0x0","接收成功","8","11 CE C0 84 18 14 21 1F"
"5431","11:12:25.355","标准帧","数据帧","CAN","0x201","发送成功","4","00 00 80 3F"
"5432","11:12:25.355","标准帧","数据帧","CAN","0x0","接收成功","8","11 CE C1 84 18 15 21 1F"
"5433","11:12:25.355","标准帧","数据帧","CAN","0x201","发送成功","4","00 00 80 3F"
"5434","11:12:25.355","标准帧","数据帧","CAN","0x0","接收成功","8","11 CE C5 84 18 15 21 1F"
"5435","11:12:25.366","标准帧","数据帧","CAN","0x201","发送成功","4","00 00 80 3F"
"5436","11:12:25.366","标准帧","数据帧","CAN","0x0","接收成功","8","11 CE CB 84 28 16 21 1F"
"5437","11:12:25.366","标准帧","数据帧","CAN","0x201","发送成功","4","00 00 80 3F"
"5438","11:12:25.366","标准帧","数据帧","CAN","0x0","接收成功","8","11 CE CE 84 28 15 21 1F"
"5439","11:12:25.366","标准帧","数据帧","CAN","0x201","发送成功","4","00 00 80 3F"
"5440","11:12:25.366","标准帧","数据帧","CAN","0x0","接收成功","8","11 CE CF 84 28 15 21 1F"
"5441","11:12:25.366","标准帧","数据帧","CAN","0x201","发送成功","4","00 00 80 3F"
"5442","11:12:25.366","标准帧","数据帧","CAN","0x0","接收成功","8","11 CE D4 84 28 15 21 1F"
"5443","11:12:25.366","标准帧","数据帧","CAN","0x201","发送成功","4","00 00 80 3F"
"5444","11:12:25.366","标准帧","数据帧","CAN","0x0","接收成功","8","11 CE D7 84 38 16 21 1F"
"5445","11:12:25.366","标准帧","数据帧","CAN","0x201","发送成功","4","00 00 80 3F"
"5446","11:12:25.366","标准帧","数据帧","CAN","0x0","接收成功","8","11 CE DB 84 48 13 21 1F"
"5447","11:12:25.366","标准帧","数据帧","CAN","0x201","发送成功","4","00 00 80 3F"
"5448","11:12:25.366","标准帧","数据帧","CAN","0x0","接收成功","8","11 CE DF 84 48 13 21 1F"
"5449","11:12:25.366","标准帧","数据帧","CAN","0x201","发送成功","4","00 00 80 3F"
"5450","11:12:25.366","标准帧","数据帧","CAN","0x0","接收成功","8","11 CE E2 84 58 13 21 1F"
"5451","11:12:25.376","标准帧","数据帧","CAN","0x201","发送成功","4","00 00 80 3F"
"5452","11:12:25.376","标准帧","数据帧","CAN","0x0","接收成功","8","11 CE E7 84 38 12 21 1F"
"5453","11:12:25.376","标准帧","数据帧","CAN","0x201","发送成功","4","00 00 80 3F"
"5454","11:12:25.376","标准帧","数据帧","CAN","0x0","接收成功","8","11 CE EA 84 48 12 21 1F"
"5455","11:12:25.376","标准帧","数据帧","CAN","0x201","发送成功","4","00 00 80 3F"
"5456","11:12:25.376","标准帧","数据帧","CAN","0x0","接收成功","8","11 CE EB 84 48 12 21 1F"
"5457","11:12:25.376","标准帧","数据帧","CAN","0x201","发送成功","4","00 00 80 3F"
"5458","11:12:25.376","标准帧","数据帧","CAN","0x0","接收成功","8","11 CE EE 84 48 12 21 1F"
"5459","11:12:25.376","标准帧","数据帧","CAN","0x201","发送成功","4","00 00 80 3F"
"5460","11:12:25.376","标准帧","数据帧","CAN","0x0","接收成功","8","11 CE F2 84 58 11 21 1F"
"5461","11:12:25.376","标准帧","数据帧","CAN","0x201","发送成功","4","00 00 80 3F"
"5462","11:12:25.376","标准帧","数据帧","CAN","0x0","接收成功","8","11 CE F3 84 58 11 21 1F"
"5463","11:12:25.376","标准帧","数据帧","CAN","0x201","发送成功","4","00 00 80 3F"
"5464","11:12:25.376","标准帧","数据帧","CAN","0x0","接收成功","8","11 CE F7 84 48 11 21 1F"
"5465","11:12:25.376","标准帧","数据帧","CAN","0x201","发送成功","4","00 00 80 3F"
"5466","11:12:25.376","标准帧","数据帧","CAN","0x0","接收成功","8","11 CE FC 84 18 11 21 1F"
"5467","11:12:25.387","标准帧","数据帧","CAN","0x201","发送成功","4","00 00 80 3F"
"5468","11:12:25.387","标准帧","数据帧","CAN","0x0","接收成功","8","11 CF 00 84 38 11 21 1F"
"5469","11:12:25.387","标准帧","数据帧","CAN","0x201","发送成功","4","00 00 80 3F"
"5470","11:12:25.387","标准帧","数据帧","CAN","0x0","接收成功","8","11 CF 03 84 38 11 21 1F"
"5471","11:12:25.387","标准帧","数据帧","CAN","0x201","发送成功","4","00 00 80 3F"
"5472","11:12:25.387","标准帧","数据帧","CAN","0x0","接收成功","8","11 CF 07 84 48 11 21 1F"
"5473","11:12:25.387","标准帧","数据帧","CAN","0x201","发送成功","4","00 00 80 3F"
"5474","11:12:25.387","标准帧","数据帧","CAN","0x0","接收成功","8","11 CF 0A 84 48 11 21 1F"
"5475","11:12:25.387","标准帧","数据帧","CAN","0x201","发送成功","4","00 00 80 3F"
"5476","11:12:25.387","标准帧","数据帧","CAN","0x0","接收成功","8","11 CF 0B 84 48 11 21 1F"
"5477","11:12:25.387","标准帧","数据帧","CAN","0x201","发送成功","4","00 00 80 3F"
"5478","11:12:25.387","标准帧","数据帧","CAN","0x0","接收成功","8","11 CF 0F 84 48 12 21 1F"
"5479","11:12:25.387","标准帧","数据帧","CAN","0x201","发送成功","4","00 00 80 3F"
"5480","11:12:25.387","标准帧","数据帧","CAN","0x0","接收成功","8","11 CF 12 84 28 13 21 1F"
"5481","11:12:25.387","标准帧","数据帧","CAN","0x201","发送成功","4","00 00 80 3F"
"5482","11:12:25.387","标准帧","数据帧","CAN","0x0","接收成功","8","11 CF 13 84 28 13 21 1F"
"5483","11:12:25.387","标准帧","数据帧","CAN","0x201","发送成功","4","00 00 80 3F"
"5484","11:12:25.387","标准帧","数据帧","CAN","0x0","接收成功","8","11 CF 18 84 48 13 21 1F"
"5485","11:12:25.397","标准帧","数据帧","CAN","0x201","发送成功","4","00 00 80 3F"
"5486","11:12:25.397","标准帧","数据帧","CAN","0x0","接收成功","8","11 CF 1C 84 38 12 21 1F"
"5487","11:12:25.397","标准帧","数据帧","CAN","0x201","发送成功","4","00 00 80 3F"
"5488","11:12:25.397","标准帧","数据帧","CAN","0x0","接收成功","8","11 CF 1F 84 38 13 21 1F"
"5489","11:12:25.397","标准帧","数据帧","CAN","0x201","发送成功","4","00 00 80 3F"
"5490","11:12:25.397","标准帧","数据帧","CAN","0x0","接收成功","8","11 CF 24 84 48 13 21 1F"
"5491","11:12:25.397","标准帧","数据帧","CAN","0x201","发送成功","4","00 00 80 3F"
"5492","11:12:25.397","标准帧","数据帧","CAN","0x0","接收成功","8","11 CF 28 84 38 11 21 1F"
"5493","11:12:25.397","标准帧","数据帧","CAN","0x201","发送成功","4","00 00 80 3F"
"5494","11:12:25.397","标准帧","数据帧","CAN","0x0","接收成功","8","11 CF 2C 84 38 13 21 1F"
"5495","11:12:25.397","标准帧","数据帧","CAN","0x201","发送成功","4","00 00 80 3F"
"5496","11:12:25.397","标准帧","数据帧","CAN","0x0","接收成功","8","11 CF 2F 84 48 12 21 1F"
"5497","11:12:25.397","标准帧","数据帧","CAN","0x201","发送成功","4","00 00 80 3F"
"5498","11:12:25.397","标准帧","数据帧","CAN","0x0","接收成功","8","11 CF 34 84 38 11 21 1F"
"5499","11:12:25.408","标准帧","数据帧","CAN","0x201","发送成功","4","00 00 80 3F"
"5500","11:12:25.408","标准帧","数据帧","CAN","0x0","接收成功","8","11 CF 38 84 48 13 21 1F"
"5501","11:12:25.408","标准帧","数据帧","CAN","0x201","发送成功","4","00 00 80 3F"
"5502","11:12:25.408","标准帧","数据帧","CAN","0x0","接收成功","8","11 CF 3C 84 48 13 21 1F"
"5503","11:12:25.408","标准帧","数据帧","CAN","0x201","发送成功","4","00 00 80 3F"
"5504","11:12:25.408","标准帧","数据帧","CAN","0x0","接收成功","8","11 CF 4A 84 38 11 21 1F"
"5505","11:12:25.440","标准帧","数据帧","CAN","0x201","发送成功","4","00 00 80 3F"
"5506","11:12:25.440","标准帧","数据帧","CAN","0x0","接收成功","8","11 CF 50 84 28 13 21 1F"
"5507","11:12:25.440","标准帧","数据帧","CAN","0x201","发送成功","4","00 00 80 3F"
"5508","11:12:25.440","标准帧","数据帧","CAN","0x0","接收成功","8","11 CF 54 84 18 14 21 1F"
"5509","11:12:25.440","标准帧","数据帧","CAN","0x201","发送成功","4","00 00 80 3F"
"5510","11:12:25.440","标准帧","数据帧","CAN","0x0","接收成功","8","11 CF 55 84 18 14 21 1F"
"5511","11:12:25.440","标准帧","数据帧","CAN","0x201","发送成功","4","00 00 80 3F"
"5512","11:12:25.440","标准帧","数据帧","CAN","0x0","接收成功","8","11 CF 59 84 28 15 21 1F"
"5513","11:12:25.440","标准帧","数据帧","CAN","0x201","发送成功","4","00 00 80 3F"
"5514","11:12:25.440","标准帧","数据帧","CAN","0x0","接收成功","8","11 CF 5C 84 08 14 21 1F"
"5515","11:12:25.450","标准帧","数据帧","CAN","0x201","发送成功","4","00 00 80 3F"
"5516","11:12:25.450","标准帧","数据帧","CAN","0x0","接收成功","8","11 CF 61 84 38 15 21 1F"
"5517","11:12:25.450","标准帧","数据帧","CAN","0x201","发送成功","4","00 00 80 3F"
"5518","11:12:25.450","标准帧","数据帧","CAN","0x0","接收成功","8","11 CF AA 84 38 15 21 1F"
"5519","11:12:25.450","标准帧","数据帧","CAN","0x201","发送成功","4","00 00 80 3F"
"5520","11:12:25.450","标准帧","数据帧","CAN","0x0","接收成功","8","11 CF AC 84 48 15 21 1F"
"5521","11:12:25.450","标准帧","数据帧","CAN","0x201","发送成功","4","00 00 80 3F"
"5522","11:12:25.450","标准帧","数据帧","CAN","0x0","接收成功","8","11 CF B0 84 48 13 21 1F"
"5523","11:12:25.450","标准帧","数据帧","CAN","0x201","发送成功","4","00 00 80 3F"
"5524","11:12:25.450","标准帧","数据帧","CAN","0x0","接收成功","8","11 CF B4 84 68 13 21 1F"
"5525","11:12:25.450","标准帧","数据帧","CAN","0x201","发送成功","4","00 00 80 3F"
"5526","11:12:25.450","标准帧","数据帧","CAN","0x0","接收成功","8","11 CF B9 84 68 11 21 1F"
"5527","11:12:25.450","标准帧","数据帧","CAN","0x201","发送成功","4","00 00 80 3F"
"5528","11:12:25.450","标准帧","数据帧","CAN","0x0","接收成功","8","11 CF BC 84 68 10 21 1F"
"5529","11:12:25.461","标准帧","数据帧","CAN","0x201","发送成功","4","00 00 80 3F"
"5530","11:12:25.461","标准帧","数据帧","CAN","0x0","接收成功","8","11 CF C3 84 68 10 21 1F"
"5531","11:12:25.461","标准帧","数据帧","CAN","0x201","发送成功","4","00 00 80 3F"
"5532","11:12:25.461","标准帧","数据帧","CAN","0x0","接收成功","8","11 CF C7 84 48 10 21 1F"
"5533","11:12:25.461","标准帧","数据帧","CAN","0x201","发送成功","4","00 00 80 3F"
"5534","11:12:25.461","标准帧","数据帧","CAN","0x0","接收成功","8","11 CF CB 84 38 11 21 1F"
"5535","11:12:25.461","标准帧","数据帧","CAN","0x201","发送成功","4","00 00 80 3F"
"5536","11:12:25.461","标准帧","数据帧","CAN","0x0","接收成功","8","11 CF CC 84 38 11 21 1F"
"5537","11:12:25.461","标准帧","数据帧","CAN","0x201","发送成功","4","00 00 80 3F"
"5538","11:12:25.461","标准帧","数据帧","CAN","0x0","接收成功","8","11 CF CF 84 48 11 21 1F"
"5539","11:12:25.461","标准帧","数据帧","CAN","0x201","发送成功","4","00 00 80 3F"
"5540","11:12:25.461","标准帧","数据帧","CAN","0x0","接收成功","8","11 CF D3 84 38 11 21 1F"
"5541","11:12:25.461","标准帧","数据帧","CAN","0x201","发送成功","4","00 00 80 3F"
"5542","11:12:25.461","标准帧","数据帧","CAN","0x0","接收成功","8","11 CF D8 84 28 13 21 1F"
"5543","11:12:25.461","标准帧","数据帧","CAN","0x201","发送成功","4","00 00 80 3F"
"5544","11:12:25.461","标准帧","数据帧","CAN","0x0","接收成功","8","11 CF DB 84 18 13 21 1F"
"5545","11:12:25.472","标准帧","数据帧","CAN","0x201","发送成功","4","00 00 80 3F"
"5546","11:12:25.472","标准帧","数据帧","CAN","0x0","接收成功","8","11 CF DF 84 28 14 21 1F"
"5547","11:12:25.472","标准帧","数据帧","CAN","0x201","发送成功","4","00 00 80 3F"
"5548","11:12:25.472","标准帧","数据帧","CAN","0x0","接收成功","8","11 CF E2 84 28 14 21 1F"
"5549","11:12:25.472","标准帧","数据帧","CAN","0x201","发送成功","4","00 00 80 3F"
"5550","11:12:25.472","标准帧","数据帧","CAN","0x0","接收成功","8","11 CF E3 84 28 14 21 1F"
"5551","11:12:25.472","标准帧","数据帧","CAN","0x201","发送成功","4","00 00 80 3F"
"5552","11:12:25.472","标准帧","数据帧","CAN","0x0","接收成功","8","11 CF E7 84 38 13 21 1F"
"5553","11:12:25.472","标准帧","数据帧","CAN","0x201","发送成功","4","00 00 80 3F"
"5554","11:12:25.472","标准帧","数据帧","CAN","0x0","接收成功","8","11 CF EB 84 38 13 21 1F"
"5555","11:12:25.472","标准帧","数据帧","CAN","0x201","发送成功","4","00 00 80 3F"
"5556","11:12:25.472","标准帧","数据帧","CAN","0x0","接收成功","8","11 CF EF 84 58 11 21 1F"
"5557","11:12:25.472","标准帧","数据帧","CAN","0x201","发送成功","4","00 00 80 3F"
"5558","11:12:25.472","标准帧","数据帧","CAN","0x0","接收成功","8","11 CF F0 84 58 11 21 1F"
"5559","11:12:25.472","标准帧","数据帧","CAN","0x201","发送成功","4","00 00 80 3F"
"5560","11:12:25.472","标准帧","数据帧","CAN","0x0","接收成功","8","11 CF F4 84 68 11 21 1F"
"5561","11:12:25.472","标准帧","数据帧","CAN","0x201","发送成功","4","00 00 80 3F"
"5562","11:12:25.472","标准帧","数据帧","CAN","0x0","接收成功","8","11 CF F8 84 68 0F 21 1F"
"5563","11:12:25.483","标准帧","数据帧","CAN","0x201","发送成功","4","00 00 80 3F"
"5564","11:12:25.483","标准帧","数据帧","CAN","0x0","接收成功","8","11 CF FB 84 78 0E 21 1F"
"5565","11:12:25.483","标准帧","数据帧","CAN","0x201","发送成功","4","00 00 80 3F"
"5566","11:12:25.483","标准帧","数据帧","CAN","0x0","接收成功","8","11 CF FF 84 68 0E 21 1F"
"5567","11:12:25.483","标准帧","数据帧","CAN","0x201","发送成功","4","00 00 80 3F"
"5568","11:12:25.483","标准帧","数据帧","CAN","0x0","接收成功","8","11 D0 00 84 78 0D 21 1F"
"5569","11:12:25.483","标准帧","数据帧","CAN","0x201","发送成功","4","00 00 80 3F"
"5570","11:12:25.483","标准帧","数据帧","CAN","0x0","接收成功","8","11 D0 05 84 58 0D 21 1F"
"5571","11:12:25.483","标准帧","数据帧","CAN","0x201","发送成功","4","00 00 80 3F"
"5572","11:12:25.483","标准帧","数据帧","CAN","0x0","接收成功","8","11 D0 08 84 48 0E 21 1F"
"5573","11:12:25.483","标准帧","数据帧","CAN","0x201","发送成功","4","00 00 80 3F"
"5574","11:12:25.483","标准帧","数据帧","CAN","0x0","接收成功","8","11 D0 0B 84 38 0F 21 1F"
"5575","11:12:25.483","标准帧","数据帧","CAN","0x201","发送成功","4","00 00 80 3F"
"5576","11:12:25.483","标准帧","数据帧","CAN","0x0","接收成功","8","11 D0 0C 84 28 0F 21 1F"
"5577","11:12:25.483","标准帧","数据帧","CAN","0x201","发送成功","4","00 00 80 3F"
"5578","11:12:25.483","标准帧","数据帧","CAN","0x0","接收成功","8","11 D0 10 84 18 11 21 1F"
"5579","11:12:25.483","标准帧","数据帧","CAN","0x201","发送成功","4","00 00 80 3F"
"5580","11:12:25.483","标准帧","数据帧","CAN","0x0","接收成功","8","11 D0 13 84 08 12 21 1F"
"5581","11:12:25.483","标准帧","数据帧","CAN","0x201","发送成功","4","00 00 80 3F"
"5582","11:12:25.483","标准帧","数据帧","CAN","0x0","接收成功","8","11 D0 13 84 28 12 21 1F"
"5583","11:12:25.494","标准帧","数据帧","CAN","0x201","发送成功","4","00 00 80 3F"
"5584","11:12:25.494","标准帧","数据帧","CAN","0x0","接收成功","8","11 D0 18 84 18 13 21 1F"
"5585","11:12:25.494","标准帧","数据帧","CAN","0x201","发送成功","4","00 00 80 3F"
"5586","11:12:25.494","标准帧","数据帧","CAN","0x0","接收成功","8","11 D0 1B 84 28 13 21 1F"
"5587","11:12:25.494","标准帧","数据帧","CAN","0x201","发送成功","4","00 00 80 3F"
"5588","11:12:25.494","标准帧","数据帧","CAN","0x0","接收成功","8","11 D0 1B 84 08 14 21 1F"
"5589","11:12:25.494","标准帧","数据帧","CAN","0x201","发送成功","4","00 00 80 3F"
"5590","11:12:25.494","标准帧","数据帧","CAN","0x0","接收成功","8","11 D0 1F 84 08 15 21 1F"
"5591","11:12:25.494","标准帧","数据帧","CAN","0x201","发送成功","4","00 00 80 3F"
"5592","11:12:25.494","标准帧","数据帧","CAN","0x0","接收成功","8","11 D0 21 84 18 16 21 1F"
"5593","11:12:25.494","标准帧","数据帧","CAN","0x201","发送成功","4","00 00 80 3F"
"5594","11:12:25.494","标准帧","数据帧","CAN","0x0","接收成功","8","11 D0 22 84 18 16 21 1F"
"5595","11:12:25.494","标准帧","数据帧","CAN","0x201","发送成功","4","00 00 80 3F"
"5596","11:12:25.494","标准帧","数据帧","CAN","0x0","接收成功","8","11 D0 26 84 38 15 21 1F"
"5597","11:12:25.494","标准帧","数据帧","CAN","0x201","发送成功","4","00 00 80 3F"
"5598","11:12:25.494","标准帧","数据帧","CAN","0x0","接收成功","8","11 D0 2A 84 28 15 21 1F"
"5599","11:12:25.494","标准帧","数据帧","CAN","0x201","发送成功","4","00 00 80 3F"
"5600","11:12:25.494","标准帧","数据帧","CAN","0x0","接收成功","8","11 D0 30 84 38 13 21 1F"
"5601","11:12:25.504","标准帧","数据帧","CAN","0x201","发送成功","4","00 00 80 3F"
"5602","11:12:25.504","标准帧","数据帧","CAN","0x0","接收成功","8","11 D0 34 84 48 13 21 1F"
"5603","11:12:25.504","标准帧","数据帧","CAN","0x201","发送成功","4","00 00 80 3F"
"5604","11:12:25.504","标准帧","数据帧","CAN","0x0","接收成功","8","11 D0 38 84 58 11 21 1F"
"5605","11:12:25.504","标准帧","数据帧","CAN","0x201","发送成功","4","00 00 80 3F"
"5606","11:12:25.504","标准帧","数据帧","CAN","0x0","接收成功","8","11 D0 3B 84 58 10 21 1F"
"5607","11:12:25.504","标准帧","数据帧","CAN","0x201","发送成功","4","00 00 80 3F"
"5608","11:12:25.504","标准帧","数据帧","CAN","0x0","接收成功","8","11 D0 3F 84 68 10 21 1F"
"5609","11:12:25.504","标准帧","数据帧","CAN","0x201","发送成功","4","00 00 80 3F"
"5610","11:12:25.504","标准帧","数据帧","CAN","0x0","接收成功","8","11 D0 43 84 68 10 21 1F"
"5611","11:12:25.546","标准帧","数据帧","CAN","0x201","发送成功","4","00 00 80 3F"
"5612","11:12:25.546","标准帧","数据帧","CAN","0x0","接收成功","8","11 D0 51 84 28 10 21 1F"
"5613","11:12:25.546","标准帧","数据帧","CAN","0x201","发送成功","4","00 00 80 3F"
"5614","11:12:25.546","标准帧","数据帧","CAN","0x0","接收成功","8","11 D0 54 84 38 11 21 1F"
"5615","11:12:25.546","标准帧","数据帧","CAN","0x201","发送成功","4","00 00 80 3F"
"5616","11:12:25.546","标准帧","数据帧","CAN","0x0","接收成功","8","11 D0 5A 84 28 11 21 1F"
"5617","11:12:25.546","标准帧","数据帧","CAN","0x201","发送成功","4","00 00 80 3F"
"5618","11:12:25.546","标准帧","数据帧","CAN","0x0","接收成功","8","11 D0 5B 84 38 11 21 1F"
"5619","11:12:25.546","标准帧","数据帧","CAN","0x201","发送成功","4","00 00 80 3F"
"5620","11:12:25.546","标准帧","数据帧","CAN","0x0","接收成功","8","11 D0 5F 84 28 11 21 1F"
"5621","11:12:25.546","标准帧","数据帧","CAN","0x201","发送成功","4","00 00 80 3F"
"5622","11:12:25.546","标准帧","数据帧","CAN","0x0","接收成功","8","11 D0 60 84 38 12 21 1F"
"5623","11:12:25.546","标准帧","数据帧","CAN","0x201","发送成功","4","00 00 80 3F"
"5624","11:12:25.546","标准帧","数据帧","CAN","0x0","接收成功","8","11 D0 64 84 38 12 21 1F"
"5625","11:12:25.546","标准帧","数据帧","CAN","0x201","发送成功","4","00 00 80 3F"
"5626","11:12:25.546","标准帧","数据帧","CAN","0x0","接收成功","8","11 D0 69 84 38 11 21 1F"
"5627","11:12:25.546","标准帧","数据帧","CAN","0x201","发送成功","4","00 00 80 3F"
"5628","11:12:25.546","标准帧","数据帧","CAN","0x0","接收成功","8","11 D0 B5 84 28 14 21 1F"
"5629","11:12:25.546","标准帧","数据帧","CAN","0x201","发送成功","4","00 00 80 3F"
"5630","11:12:25.546","标准帧","数据帧","CAN","0x0","接收成功","8","11 D0 B8 84 28 14 21 1F"
"5631","11:12:25.557","标准帧","数据帧","CAN","0x201","发送成功","4","00 00 80 3F"
"5632","11:12:25.557","标准帧","数据帧","CAN","0x0","接收成功","8","11 D0 BC 84 38 14 21 1F"
"5633","11:12:25.557","标准帧","数据帧","CAN","0x201","发送成功","4","00 00 80 3F"
"5634","11:12:25.557","标准帧","数据帧","CAN","0x0","接收成功","8","11 D0 C0 84 48 14 21 1F"
"5635","11:12:25.557","标准帧","数据帧","CAN","0x201","发送成功","4","00 00 80 3F"
"5636","11:12:25.557","标准帧","数据帧","CAN","0x0","接收成功","8","11 D0 C4 84 48 13 21 1F"
"5637","11:12:25.557","标准帧","数据帧","CAN","0x201","发送成功","4","00 00 80 3F"
"5638","11:12:25.557","标准帧","数据帧","CAN","0x0","接收成功","8","11 D0 C8 84 58 11 21 1F"
"5639","11:12:25.557","标准帧","数据帧","CAN","0x201","发送成功","4","00 00 80 3F"
"5640","11:12:25.557","标准帧","数据帧","CAN","0x0","接收成功","8","11 D0 CC 84 68 10 21 1F"
"5641","11:12:25.557","标准帧","数据帧","CAN","0x201","发送成功","4","00 00 80 3F"
"5642","11:12:25.557","标准帧","数据帧","CAN","0x0","接收成功","8","11 D0 CF 84 58 0F 21 1F"
"5643","11:12:25.557","标准帧","数据帧","CAN","0x201","发送成功","4","00 00 80 3F"
"5644","11:12:25.557","标准帧","数据帧","CAN","0x0","接收成功","8","11 D0 D0 84 58 0F 21 1F"
"5645","11:12:25.557","标准帧","数据帧","CAN","0x201","发送成功","4","00 00 80 3F"
"5646","11:12:25.557","标准帧","数据帧","CAN","0x0","接收成功","8","11 D0 D4 84 48 0F 21 1F"
"5647","11:12:25.557","标准帧","数据帧","CAN","0x201","发送成功","4","00 00 80 3F"
"5648","11:12:25.557","标准帧","数据帧","CAN","0x0","接收成功","8","11 D0 D8 84 58 0F 21 1F"
"5649","11:12:25.568","标准帧","数据帧","CAN","0x201","发送成功","4","00 00 80 3F"
"5650","11:12:25.568","标准帧","数据帧","CAN","0x0","接收成功","8","11 D0 D9 84 48 0F 21 1F"
"5651","11:12:25.568","标准帧","数据帧","CAN","0x201","发送成功","4","00 00 80 3F"
"5652","11:12:25.568","标准帧","数据帧","CAN","0x0","接收成功","8","11 D0 E0 84 68 0E 21 1F"
"5653","11:12:25.568","标准帧","数据帧","CAN","0x201","发送成功","4","00 00 80 3F"
"5654","11:12:25.568","标准帧","数据帧","CAN","0x0","接收成功","8","11 D0 E3 84 38 0E 21 1F"
"5655","11:12:25.568","标准帧","数据帧","CAN","0x201","发送成功","4","00 00 80 3F"
"5656","11:12:25.568","标准帧","数据帧","CAN","0x0","接收成功","8","11 D0 E8 84 28 0F 21 1F"
"5657","11:12:25.568","标准帧","数据帧","CAN","0x201","发送成功","4","00 00 80 3F"
"5658","11:12:25.568","标准帧","数据帧","CAN","0x0","接收成功","8","11 D0 EB 84 38 10 21 1F"
"5659","11:12:25.568","标准帧","数据帧","CAN","0x201","发送成功","4","00 00 80 3F"
"5660","11:12:25.568","标准帧","数据帧","CAN","0x0","接收成功","8","11 D0 F0 84 18 11 21 1F"
"5661","11:12:25.579","标准帧","数据帧","CAN","0x201","发送成功","4","00 00 80 3F"
"5662","11:12:25.579","标准帧","数据帧","CAN","0x0","接收成功","8","11 D0 F2 84 08 12 21 1F"
"5663","11:12:25.579","标准帧","数据帧","CAN","0x201","发送成功","4","00 00 80 3F"
"5664","11:12:25.579","标准帧","数据帧","CAN","0x0","接收成功","8","11 D0 F7 84 08 13 21 1F"
"5665","11:12:25.579","标准帧","数据帧","CAN","0x201","发送成功","4","00 00 80 3F"
"5666","11:12:25.579","标准帧","数据帧","CAN","0x0","接收成功","8","11 D0 FC 84 28 13 21 1F"
"5667","11:12:25.579","标准帧","数据帧","CAN","0x201","发送成功","4","00 00 80 3F"
"5668","11:12:25.579","标准帧","数据帧","CAN","0x0","接收成功","8","11 D1 00 84 38 13 21 1F"
"5669","11:12:25.579","标准帧","数据帧","CAN","0x201","发送成功","4","00 00 80 3F"
"5670","11:12:25.579","标准帧","数据帧","CAN","0x0","接收成功","8","11 D1 03 84 38 13 21 1F"
"5671","11:12:25.579","标准帧","数据帧","CAN","0x201","发送成功","4","00 00 80 3F"
"5672","11:12:25.579","标准帧","数据帧","CAN","0x0","接收成功","8","11 D1 09 84 58 12 21 1F"
"5673","11:12:25.579","标准帧","数据帧","CAN","0x201","发送成功","4","00 00 80 3F"
"5674","11:12:25.579","标准帧","数据帧","CAN","0x0","接收成功","8","11 D1 0B 84 38 12 21 1F"
"5675","11:12:25.579","标准帧","数据帧","CAN","0x201","发送成功","4","00 00 80 3F"
"5676","11:12:25.589","标准帧","数据帧","CAN","0x0","接收成功","8","11 D1 0F 84 58 11 21 1F"
"5677","11:12:25.589","标准帧","数据帧","CAN","0x201","发送成功","4","00 00 80 3F"
"5678","11:12:25.589","标准帧","数据帧","CAN","0x0","接收成功","8","11 D1 10 84 68 11 21 1F"
"5679","11:12:25.589","标准帧","数据帧","CAN","0x201","发送成功","4","00 00 80 3F"
"5680","11:12:25.589","标准帧","数据帧","CAN","0x0","接收成功","8","11 D1 14 84 78 10 21 1F"
"5681","11:12:25.589","标准帧","数据帧","CAN","0x201","发送成功","4","00 00 80 3F"
"5682","11:12:25.589","标准帧","数据帧","CAN","0x0","接收成功","8","11 D1 19 84 48 0F 21 1F"
"5683","11:12:25.589","标准帧","数据帧","CAN","0x201","发送成功","4","00 00 80 3F"
"5684","11:12:25.589","标准帧","数据帧","CAN","0x0","接收成功","8","11 D1 1C 84 58 10 21 1F"
"5685","11:12:25.589","标准帧","数据帧","CAN","0x201","发送成功","4","00 00 80 3F"
"5686","11:12:25.589","标准帧","数据帧","CAN","0x0","接收成功","8","11 D1 1D 84 48 10 21 1F"
"5687","11:12:25.589","标准帧","数据帧","CAN","0x201","发送成功","4","00 00 80 3F"
"5688","11:12:25.589","标准帧","数据帧","CAN","0x0","接收成功","8","11 D1 23 84 38 0F 21 1F"
"5689","11:12:25.589","标准帧","数据帧","CAN","0x201","发送成功","4","00 00 80 3F"
"5690","11:12:25.589","标准帧","数据帧","CAN","0x0","接收成功","8","11 D1 27 84 28 10 21 1F"
"5691","11:12:25.589","标准帧","数据帧","CAN","0x201","发送成功","4","00 00 80 3F"
"5692","11:12:25.589","标准帧","数据帧","CAN","0x0","接收成功","8","11 D1 28 84 28 10 21 1F"
"5693","11:12:25.589","标准帧","数据帧","CAN","0x201","发送成功","4","00 00 80 3F"
"5694","11:12:25.589","标准帧","数据帧","CAN","0x0","接收成功","8","11 D1 2C 84 28 11 21 1F"
"5695","11:12:25.600","标准帧","数据帧","CAN","0x201","发送成功","4","00 00 80 3F"
"5696","11:12:25.600","标准帧","数据帧","CAN","0x0","接收成功","8","11 D1 2D 84 28 11 21 1F"
"5697","11:12:25.600","标准帧","数据帧","CAN","0x201","发送成功","4","00 00 80 3F"
"5698","11:12:25.600","标准帧","数据帧","CAN","0x0","接收成功","8","11 D1 31 84 08 13 21 1F"
"5699","11:12:25.600","标准帧","数据帧","CAN","0x201","发送成功","4","00 00 80 3F"
"5700","11:12:25.600","标准帧","数据帧","CAN","0x0","接收成功","8","11 D1 36 84 08 15 21 1F"
"5701","11:12:25.600","标准帧","数据帧","CAN","0x201","发送成功","4","00 00 80 3F"
"5702","11:12:25.600","标准帧","数据帧","CAN","0x0","接收成功","8","11 D1 3A 84 08 15 21 1F"
"5703","11:12:25.600","标准帧","数据帧","CAN","0x201","发送成功","4","00 00 80 3F"
"5704","11:12:25.600","标准帧","数据帧","CAN","0x0","接收成功","8","11 D1 3E 84 28 15 21 1F"
"5705","11:12:25.600","标准帧","数据帧","CAN","0x201","发送成功","4","00 00 80 3F"
"5706","11:12:25.600","标准帧","数据帧","CAN","0x0","接收成功","8","11 D1 3F 84 28 15 21 1F"
"5707","11:12:25.600","标准帧","数据帧","CAN","0x201","发送成功","4","00 00 80 3F"
"5708","11:12:25.600","标准帧","数据帧","CAN","0x0","接收成功","8","11 D1 43 84 48 14 21 1F"
"5709","11:12:25.610","标准帧","数据帧","CAN","0x201","发送成功","4","00 00 80 3F"
"5710","11:12:25.610","标准帧","数据帧","CAN","0x0","接收成功","8","11 D1 49 84 58 12 21 1F"
"5711","11:12:25.610","标准帧","数据帧","CAN","0x201","发送成功","4","00 00 80 3F"
"5712","11:12:25.610","标准帧","数据帧","CAN","0x0","接收成功","8","11 D1 4C 84 58 11 21 1F"
"5713","11:12:25.610","标准帧","数据帧","CAN","0x201","发送成功","4","00 00 80 3F"
"5714","11:12:25.610","标准帧","数据帧","CAN","0x0","接收成功","8","11 D1 4D 84 58 11 21 1F"
"5715","11:12:25.610","标准帧","数据帧","CAN","0x201","发送成功","4","00 00 80 3F"
"5716","11:12:25.610","标准帧","数据帧","CAN","0x0","接收成功","8","11 D1 5B 84 68 0D 21 1F"
"5717","11:12:25.610","标准帧","数据帧","CAN","0x201","发送成功","4","00 00 80 3F"
"5718","11:12:25.610","标准帧","数据帧","CAN","0x0","接收成功","8","11 D1 5E 84 78 0D 21 1F"
"5719","11:12:25.653","标准帧","数据帧","CAN","0x201","发送成功","4","00 00 80 3F"
"5720","11:12:25.653","标准帧","数据帧","CAN","0x0","接收成功","8","11 D1 60 84 68 0C 21 1F"
"5721","11:12:25.653","标准帧","数据帧","CAN","0x201","发送成功","4","00 00 80 3F"
"5722","11:12:25.653","标准帧","数据帧","CAN","0x0","接收成功","8","11 D1 66 84 38 0D 21 1F"
"5723","11:12:25.653","标准帧","数据帧","CAN","0x201","发送成功","4","00 00 80 3F"
"5724","11:12:25.653","标准帧","数据帧","CAN","0x0","接收成功","8","11 D1 69 84 18 0E 21 1F"
"5725","11:12:25.653","标准帧","数据帧","CAN","0x201","发送成功","4","00 00 80 3F"
"5726","11:12:25.653","标准帧","数据帧","CAN","0x0","接收成功","8","11 D1 6C 84 18 0F 21 1F"
"5727","11:12:25.653","标准帧","数据帧","CAN","0x201","发送成功","4","00 00 80 3F"
"5728","11:12:25.653","标准帧","数据帧","CAN","0x0","接收成功","8","11 D1 71 84 28 12 21 1F"
"5729","11:12:25.664","标准帧","数据帧","CAN","0x201","发送成功","4","00 00 80 3F"
"5730","11:12:25.664","标准帧","数据帧","CAN","0x0","接收成功","8","11 D1 CD 84 58 11 21 1F"
"5731","11:12:25.664","标准帧","数据帧","CAN","0x201","发送成功","4","00 00 80 3F"
"5732","11:12:25.664","标准帧","数据帧","CAN","0x0","接收成功","8","11 D1 D3 84 68 11 21 1F"
"5733","11:12:25.664","标准帧","数据帧","CAN","0x201","发送成功","4","00 00 80 3F"
"5734","11:12:25.664","标准帧","数据帧","CAN","0x0","接收成功","8","11 D1 D4 84 58 10 21 1F"
"5735","11:12:25.664","标准帧","数据帧","CAN","0x201","发送成功","4","00 00 80 3F"
"5736","11:12:25.664","标准帧","数据帧","CAN","0x0","接收成功","8","11 D1 D8 84 48 0F 21 1F"
"5737","11:12:25.664","标准帧","数据帧","CAN","0x201","发送成功","4","00 00 80 3F"
"5738","11:12:25.664","标准帧","数据帧","CAN","0x0","接收成功","8","11 D1 DC 84 68 0F 21 1F"
"5739","11:12:25.664","标准帧","数据帧","CAN","0x201","发送成功","4","00 00 80 3F"
"5740","11:12:25.664","标准帧","数据帧","CAN","0x0","接收成功","8","11 D1 E1 84 78 0E 21 1F"
"5741","11:12:25.664","标准帧","数据帧","CAN","0x201","发送成功","4","00 00 80 3F"
"5742","11:12:25.664","标准帧","数据帧","CAN","0x0","接收成功","8","11 D1 E7 84 48 10 21 1F"
"5743","11:12:25.664","标准帧","数据帧","CAN","0x201","发送成功","4","00 00 80 3F"
"5744","11:12:25.664","标准帧","数据帧","CAN","0x0","接收成功","8","11 D1 E7 84 48 10 21 1F"
"5745","11:12:25.664","标准帧","数据帧","CAN","0x201","发送成功","4","00 00 80 3F"
"5746","11:12:25.664","标准帧","数据帧","CAN","0x0","接收成功","8","11 D1 EB 84 28 10 21 1F"
"5747","11:12:25.674","标准帧","数据帧","CAN","0x201","发送成功","4","00 00 80 3F"
"5748","11:12:25.674","标准帧","数据帧","CAN","0x0","接收成功","8","11 D1 EF 84 28 11 21 1F"
"5749","11:12:25.674","标准帧","数据帧","CAN","0x201","发送成功","4","00 00 80 3F"
"5750","11:12:25.674","标准帧","数据帧","CAN","0x0","接收成功","8","11 D1 F3 84 38 12 21 1F"
"5751","11:12:25.674","标准帧","数据帧","CAN","0x201","发送成功","4","00 00 80 3F"
"5752","11:12:25.674","标准帧","数据帧","CAN","0x0","接收成功","8","11 D1 F7 84 18 12 21 1F"
"5753","11:12:25.674","标准帧","数据帧","CAN","0x201","发送成功","4","00 00 80 3F"
"5754","11:12:25.674","标准帧","数据帧","CAN","0x0","接收成功","8","11 D1 F8 84 18 12 21 1F"
"5755","11:12:25.674","标准帧","数据帧","CAN","0x201","发送成功","4","00 00 80 3F"
"5756","11:12:25.674","标准帧","数据帧","CAN","0x0","接收成功","8","11 D1 FC 84 28 13 21 1F"
"5757","11:12:25.674","标准帧","数据帧","CAN","0x201","发送成功","4","00 00 80 3F"
"5758","11:12:25.674","标准帧","数据帧","CAN","0x0","接收成功","8","11 D2 00 84 28 13 21 1F"
"5759","11:12:25.674","标准帧","数据帧","CAN","0x201","发送成功","4","00 00 80 3F"
"5760","11:12:25.674","标准帧","数据帧","CAN","0x0","接收成功","8","11 D2 05 84 28 13 21 1F"
"5761","11:12:25.674","标准帧","数据帧","CAN","0x201","发送成功","4","00 00 80 3F"
"5762","11:12:25.674","标准帧","数据帧","CAN","0x0","接收成功","8","11 D2 06 84 28 13 21 1F"
"5763","11:12:25.685","标准帧","数据帧","CAN","0x201","发送成功","4","00 00 80 3F"
"5764","11:12:25.685","标准帧","数据帧","CAN","0x0","接收成功","8","11 D2 0A 84 28 13 21 1F"
"5765","11:12:25.685","标准帧","数据帧","CAN","0x201","发送成功","4","00 00 80 3F"
"5766","11:12:25.685","标准帧","数据帧","CAN","0x0","接收成功","8","11 D2 11 84 28 13 21 1F"
"5767","11:12:25.685","标准帧","数据帧","CAN","0x201","发送成功","4","00 00 80 3F"
"5768","11:12:25.685","标准帧","数据帧","CAN","0x0","接收成功","8","11 D2 16 84 58 12 21 1F"
"5769","11:12:25.685","标准帧","数据帧","CAN","0x201","发送成功","4","00 00 80 3F"
"5770","11:12:25.685","标准帧","数据帧","CAN","0x201","发送成功","4","00 00 80 3F"
"5771","11:12:25.685","标准帧","数据帧","CAN","0x0","接收成功","8","11 D2 1A 84 58 11 21 1F"
"5772","11:12:25.685","标准帧","数据帧","CAN","0x0","接收成功","8","11 D2 1B 84 48 11 21 1F"
"5773","11:12:25.685","标准帧","数据帧","CAN","0x201","发送成功","4","00 00 80 3F"
"5774","11:12:25.685","标准帧","数据帧","CAN","0x0","接收成功","8","11 D2 1F 84 28 11 21 1F"
"5775","11:12:25.685","标准帧","数据帧","CAN","0x201","发送成功","4","00 00 80 3F"
"5776","11:12:25.685","标准帧","数据帧","CAN","0x0","接收成功","8","11 D2 22 84 48 11 21 1F"
"5777","11:12:25.696","标准帧","数据帧","CAN","0x201","发送成功","4","00 00 80 3F"
"5778","11:12:25.696","标准帧","数据帧","CAN","0x0","接收成功","8","11 D2 24 84 48 11 21 1F"
"5779","11:12:25.696","标准帧","数据帧","CAN","0x201","发送成功","4","00 00 80 3F"
"5780","11:12:25.696","标准帧","数据帧","CAN","0x0","接收成功","8","11 D2 29 84 58 10 21 1F"
"5781","11:12:25.696","标准帧","数据帧","CAN","0x201","发送成功","4","00 00 80 3F"
"5782","11:12:25.696","标准帧","数据帧","CAN","0x0","接收成功","8","11 D2 29 84 58 10 21 1F"
"5783","11:12:25.696","标准帧","数据帧","CAN","0x201","发送成功","4","00 00 80 3F"
"5784","11:12:25.696","标准帧","数据帧","CAN","0x0","接收成功","8","11 D2 2D 84 48 11 21 1F"
"5785","11:12:25.696","标准帧","数据帧","CAN","0x201","发送成功","4","00 00 80 3F"
"5786","11:12:25.696","标准帧","数据帧","CAN","0x0","接收成功","8","11 D2 33 84 48 11 21 1F"
"5787","11:12:25.696","标准帧","数据帧","CAN","0x201","发送成功","4","00 00 80 3F"
"5788","11:12:25.696","标准帧","数据帧","CAN","0x0","接收成功","8","11 D2 37 84 38 10 21 1F"
"5789","11:12:25.696","标准帧","数据帧","CAN","0x201","发送成功","4","00 00 80 3F"
"5790","11:12:25.696","标准帧","数据帧","CAN","0x0","接收成功","8","11 D2 37 84 38 10 21 1F"
"5791","11:12:25.696","标准帧","数据帧","CAN","0x201","发送成功","4","00 00 80 3F"
"5792","11:12:25.696","标准帧","数据帧","CAN","0x0","接收成功","8","11 D2 3E 84 48 10 21 1F"
"5793","11:12:25.707","标准帧","数据帧","CAN","0x201","发送成功","4","00 00 80 3F"
"5794","11:12:25.707","标准帧","数据帧","CAN","0x0","接收成功","8","11 D2 42 84 38 11 21 1F"
"5795","11:12:25.707","标准帧","数据帧","CAN","0x201","发送成功","4","00 00 80 3F"
"5796","11:12:25.707","标准帧","数据帧","CAN","0x0","接收成功","8","11 D2 47 84 48 12 21 1F"
"5797","11:12:25.707","标准帧","数据帧","CAN","0x201","发送成功","4","00 00 80 3F"
"5798","11:12:25.707","标准帧","数据帧","CAN","0x0","接收成功","8","11 D2 4B 84 38 10 21 1F"
"5799","11:12:25.707","标准帧","数据帧","CAN","0x201","发送成功","4","00 00 80 3F"
"5800","11:12:25.707","标准帧","数据帧","CAN","0x0","接收成功","8","11 D2 4F 84 38 11 21 1F"
"5801","11:12:25.707","标准帧","数据帧","CAN","0x201","发送成功","4","00 00 80 3F"
"5802","11:12:25.707","标准帧","数据帧","CAN","0x0","接收成功","8","11 D2 4F 84 48 11 21 1F"
"5803","11:12:25.707","标准帧","数据帧","CAN","0x201","发送成功","4","00 00 80 3F"
"5804","11:12:25.707","标准帧","数据帧","CAN","0x0","接收成功","8","11 D2 55 84 28 11 21 1F"
"5805","11:12:25.739","标准帧","数据帧","CAN","0x201","发送成功","4","00 00 80 3F"
"5806","11:12:25.739","标准帧","数据帧","CAN","0x0","接收成功","8","11 D2 63 84 38 11 21 1F"
"5807","11:12:25.739","标准帧","数据帧","CAN","0x201","发送成功","4","00 00 80 3F"
"5808","11:12:25.739","标准帧","数据帧","CAN","0x0","接收成功","8","11 D2 68 84 38 12 21 1F"
"5809","11:12:25.739","标准帧","数据帧","CAN","0x201","发送成功","4","00 00 80 3F"
"5810","11:12:25.739","标准帧","数据帧","CAN","0x0","接收成功","8","11 D2 69 84 68 12 21 1F"
"5811","11:12:25.739","标准帧","数据帧","CAN","0x201","发送成功","4","00 00 80 3F"
"5812","11:12:25.739","标准帧","数据帧","CAN","0x0","接收成功","8","11 D2 6D 84 58 10 21 1F"
"5813","11:12:25.739","标准帧","数据帧","CAN","0x201","发送成功","4","00 00 80 3F"
"5814","11:12:25.739","标准帧","数据帧","CAN","0x0","接收成功","8","11 D2 71 84 48 10 21 1F"
"5815","11:12:25.749","标准帧","数据帧","CAN","0x201","发送成功","4","00 00 80 3F"
"5816","11:12:25.749","标准帧","数据帧","CAN","0x0","接收成功","8","11 D2 77 84 38 11 21 1F"
"5817","11:12:25.749","标准帧","数据帧","CAN","0x201","发送成功","4","00 00 80 3F"
"5818","11:12:25.749","标准帧","数据帧","CAN","0x0","接收成功","8","11 D2 C8 84 28 0F 21 1F"
"5819","11:12:25.760","标准帧","数据帧","CAN","0x201","发送成功","4","00 00 80 3F"
"5820","11:12:25.760","标准帧","数据帧","CAN","0x0","接收成功","8","11 D2 CC 84 18 10 21 1F"
"5821","11:12:25.760","标准帧","数据帧","CAN","0x201","发送成功","4","00 00 80 3F"
"5822","11:12:25.760","标准帧","数据帧","CAN","0x0","接收成功","8","11 D2 CF 83 F8 12 21 1F"
"5823","11:12:25.760","标准帧","数据帧","CAN","0x201","发送成功","4","00 00 80 3F"
"5824","11:12:25.760","标准帧","数据帧","CAN","0x0","接收成功","8","11 D2 D3 83 F8 15 21 1F"
"5825","11:12:25.760","标准帧","数据帧","CAN","0x201","发送成功","4","00 00 80 3F"
"5826","11:12:25.760","标准帧","数据帧","CAN","0x0","接收成功","8","11 D2 D8 84 18 15 21 1F"
"5827","11:12:25.760","标准帧","数据帧","CAN","0x201","发送成功","4","00 00 80 3F"
"5828","11:12:25.760","标准帧","数据帧","CAN","0x0","接收成功","8","11 D2 DC 84 28 15 21 1F"
"5829","11:12:25.760","标准帧","数据帧","CAN","0x201","发送成功","4","00 00 80 3F"
"5830","11:12:25.760","标准帧","数据帧","CAN","0x0","接收成功","8","11 D2 DF 84 28 14 21 1F"
"5831","11:12:25.760","标准帧","数据帧","CAN","0x201","发送成功","4","00 00 80 3F"
"5832","11:12:25.760","标准帧","数据帧","CAN","0x0","接收成功","8","11 D2 E5 84 58 13 21 1F"
"5833","11:12:25.771","标准帧","数据帧","CAN","0x201","发送成功","4","00 00 80 3F"
"5834","11:12:25.771","标准帧","数据帧","CAN","0x0","接收成功","8","11 D2 EB 84 68 10 21 1F"
"5835","11:12:25.771","标准帧","数据帧","CAN","0x201","发送成功","4","00 00 80 3F"
"5836","11:12:25.771","标准帧","数据帧","CAN","0x0","接收成功","8","11 D2 EF 84 68 0F 21 1F"
"5837","11:12:25.771","标准帧","数据帧","CAN","0x201","发送成功","4","00 00 80 3F"
"5838","11:12:25.771","标准帧","数据帧","CAN","0x0","接收成功","8","11 D2 F0 84 78 0F 21 1F"
"5839","11:12:25.771","标准帧","数据帧","CAN","0x201","发送成功","4","00 00 80 3F"
"5840","11:12:25.771","标准帧","数据帧","CAN","0x0","接收成功","8","11 D2 F4 84 58 0F 21 1F"
"5841","11:12:25.771","标准帧","数据帧","CAN","0x201","发送成功","4","00 00 80 3F"
"5842","11:12:25.771","标准帧","数据帧","CAN","0x0","接收成功","8","11 D2 F8 84 68 0E 21 1F"
"5843","11:12:25.771","标准帧","数据帧","CAN","0x201","发送成功","4","00 00 80 3F"
"5844","11:12:25.771","标准帧","数据帧","CAN","0x0","接收成功","8","11 D2 FC 84 48 0F 21 1F"
"5845","11:12:25.782","标准帧","数据帧","CAN","0x201","发送成功","4","00 00 80 3F"
"5846","11:12:25.782","标准帧","数据帧","CAN","0x0","接收成功","8","11 D3 02 84 38 0F 21 1F"
"5847","11:12:25.782","标准帧","数据帧","CAN","0x201","发送成功","4","00 00 80 3F"
"5848","11:12:25.782","标准帧","数据帧","CAN","0x0","接收成功","8","11 D3 07 84 28 10 21 1F"
"5849","11:12:25.782","标准帧","数据帧","CAN","0x201","发送成功","4","00 00 80 3F"
"5850","11:12:25.782","标准帧","数据帧","CAN","0x0","接收成功","8","11 D3 0A 84 18 12 21 1F"
"5851","11:12:25.782","标准帧","数据帧","CAN","0x201","发送成功","4","00 00 80 3F"
"5852","11:12:25.782","标准帧","数据帧","CAN","0x0","接收成功","8","11 D3 12 84 18 14 21 1F"
"5853","11:12:25.782","标准帧","数据帧","CAN","0x201","发送成功","4","00 00 80 3F"
"5854","11:12:25.782","标准帧","数据帧","CAN","0x0","接收成功","8","11 D3 18 84 28 14 21 1F"
"5855","11:12:25.782","标准帧","数据帧","CAN","0x201","发送成功","4","00 00 80 3F"
"5856","11:12:25.782","标准帧","数据帧","CAN","0x0","接收成功","8","11 D3 1C 84 28 14 21 1F"
"5857","11:12:25.793","标准帧","数据帧","CAN","0x201","发送成功","4","00 00 80 3F"
"5858","11:12:25.793","标准帧","数据帧","CAN","0x0","接收成功","8","11 D3 21 84 38 13 21 1F"
"5859","11:12:25.793","标准帧","数据帧","CAN","0x201","发送成功","4","00 00 80 3F"
"5860","11:12:25.793","标准帧","数据帧","CAN","0x0","接收成功","8","11 D3 22 84 38 13 21 1F"
"5861","11:12:25.793","标准帧","数据帧","CAN","0x201","发送成功","4","00 00 80 3F"
"5862","11:12:25.793","标准帧","数据帧","CAN","0x0","接收成功","8","11 D3 26 84 48 11 21 1F"
"5863","11:12:25.793","标准帧","数据帧","CAN","0x201","发送成功","4","00 00 80 3F"
"5864","11:12:25.793","标准帧","数据帧","CAN","0x0","接收成功","8","11 D3 2C 84 68 10 21 1F"
"5865","11:12:25.793","标准帧","数据帧","CAN","0x201","发送成功","4","00 00 80 3F"
"5866","11:12:25.793","标准帧","数据帧","CAN","0x0","接收成功","8","11 D3 30 84 78 0F 21 1F"
"5867","11:12:25.793","标准帧","数据帧","CAN","0x201","发送成功","4","00 00 80 3F"
"5868","11:12:25.793","标准帧","数据帧","CAN","0x0","接收成功","8","11 D3 32 84 78 0E 21 1F"
"5869","11:12:25.793","标准帧","数据帧","CAN","0x201","发送成功","4","00 00 80 3F"
"5870","11:12:25.793","标准帧","数据帧","CAN","0x0","接收成功","8","11 D3 35 84 68 0D 21 1F"
"5871","11:12:25.793","标准帧","数据帧","CAN","0x201","发送成功","4","00 00 80 3F"
"5872","11:12:25.793","标准帧","数据帧","CAN","0x0","接收成功","8","11 D3 36 84 68 0D 21 1F"
"5873","11:12:25.793","标准帧","数据帧","CAN","0x201","发送成功","4","00 00 80 3F"
"5874","11:12:25.793","标准帧","数据帧","CAN","0x0","接收成功","8","11 D3 3C 84 68 0D 21 1F"
"5875","11:12:25.803","标准帧","数据帧","CAN","0x201","发送成功","4","00 00 80 3F"
"5876","11:12:25.803","标准帧","数据帧","CAN","0x0","接收成功","8","11 D3 3F 84 48 0D 21 1F"
"5877","11:12:25.803","标准帧","数据帧","CAN","0x201","发送成功","4","00 00 80 3F"
"5878","11:12:25.803","标准帧","数据帧","CAN","0x0","接收成功","8","11 D3 46 84 38 10 21 1F"
"5879","11:12:25.803","标准帧","数据帧","CAN","0x201","发送成功","4","00 00 80 3F"
"5880","11:12:25.803","标准帧","数据帧","CAN","0x0","接收成功","8","11 D3 4B 84 28 10 21 1F"
"5881","11:12:25.803","标准帧","数据帧","CAN","0x201","发送成功","4","00 00 80 3F"
"5882","11:12:25.803","标准帧","数据帧","CAN","0x0","接收成功","8","11 D3 4B 84 18 10 21 1F"
"5883","11:12:25.803","标准帧","数据帧","CAN","0x201","发送成功","4","00 00 80 3F"
"5884","11:12:25.803","标准帧","数据帧","CAN","0x0","接收成功","8","11 D3 4F 84 28 12 21 1F"
"5885","11:12:25.803","标准帧","数据帧","CAN","0x201","发送成功","4","00 00 80 3F"
"5886","11:12:25.803","标准帧","数据帧","CAN","0x0","接收成功","8","11 D3 54 84 18 12 21 1F"
"5887","11:12:25.813","标准帧","数据帧","CAN","0x201","发送成功","4","00 00 80 3F"
"5888","11:12:25.813","标准帧","数据帧","CAN","0x0","接收成功","8","11 D3 58 83 F8 15 21 1F"
"5889","11:12:25.813","标准帧","数据帧","CAN","0x201","发送成功","4","00 00 80 3F"
"5890","11:12:25.813","标准帧","数据帧","CAN","0x0","接收成功","8","11 D3 68 84 58 14 21 1F"
"5891","11:12:25.813","标准帧","数据帧","CAN","0x201","发送成功","4","00 00 80 3F"
"5892","11:12:25.813","标准帧","数据帧","CAN","0x0","接收成功","8","11 D3 6C 84 48 13 21 1F"
"5893","11:12:25.813","标准帧","数据帧","CAN","0x201","发送成功","4","00 00 80 3F"
"5894","11:12:25.813","标准帧","数据帧","CAN","0x0","接收成功","8","11 D3 6F 84 68 12 21 1F"
"5895","11:12:25.845","标准帧","数据帧","CAN","0x201","发送成功","4","00 00 80 3F"
"5896","11:12:25.845","标准帧","数据帧","CAN","0x0","接收成功","8","11 D3 76 84 58 11 21 1F"
"5897","11:12:25.845","标准帧","数据帧","CAN","0x201","发送成功","4","00 00 80 3F"
"5898","11:12:25.845","标准帧","数据帧","CAN","0x201","发送成功","4","00 00 80 3F"
"5899","11:12:25.845","标准帧","数据帧","CAN","0x0","接收成功","8","11 D3 7A 84 48 11 21 1F"
"5900","11:12:25.845","标准帧","数据帧","CAN","0x0","接收成功","8","11 D3 7B 84 78 10 21 1F"
"5901","11:12:25.845","标准帧","数据帧","CAN","0x201","发送成功","4","00 00 80 3F"
"5902","11:12:25.845","标准帧","数据帧","CAN","0x0","接收成功","8","11 D3 7E 84 68 10 21 1F"
"5903","11:12:25.845","标准帧","数据帧","CAN","0x201","发送成功","4","00 00 80 3F"
"5904","11:12:25.855","标准帧","数据帧","CAN","0x0","接收成功","8","11 D3 87 84 48 10 21 1F"
"5905","11:12:25.855","标准帧","数据帧","CAN","0x201","发送成功","4","00 00 80 3F"
"5906","11:12:25.855","标准帧","数据帧","CAN","0x0","接收成功","8","11 D3 88 84 48 10 21 1F"
"5907","11:12:25.866","标准帧","数据帧","CAN","0x201","发送成功","4","00 00 80 3F"
"5908","11:12:25.866","标准帧","数据帧","CAN","0x0","接收成功","8","11 D3 E2 84 28 13 21 1F"
"5909","11:12:25.866","标准帧","数据帧","CAN","0x201","发送成功","4","00 00 80 3F"
"5910","11:12:25.866","标准帧","数据帧","CAN","0x0","接收成功","8","11 D3 E7 84 28 14 21 1F"
"5911","11:12:25.866","标准帧","数据帧","CAN","0x201","发送成功","4","00 00 80 3F"
"5912","11:12:25.866","标准帧","数据帧","CAN","0x0","接收成功","8","11 D3 E8 84 28 14 21 1F"
"5913","11:12:25.866","标准帧","数据帧","CAN","0x201","发送成功","4","00 00 80 3F"
"5914","11:12:25.866","标准帧","数据帧","CAN","0x0","接收成功","8","11 D3 F0 84 38 14 21 1F"
"5915","11:12:25.866","标准帧","数据帧","CAN","0x201","发送成功","4","00 00 80 3F"
"5916","11:12:25.866","标准帧","数据帧","CAN","0x0","接收成功","8","11 D3 F6 84 38 13 21 1F"
"5917","11:12:25.866","标准帧","数据帧","CAN","0x201","发送成功","4","00 00 80 3F"
"5918","11:12:25.866","标准帧","数据帧","CAN","0x0","接收成功","8","11 D3 F7 84 38 13 21 1F"
"5919","11:12:25.866","标准帧","数据帧","CAN","0x201","发送成功","4","00 00 80 3F"
"5920","11:12:25.866","标准帧","数据帧","CAN","0x0","接收成功","8","11 D3 FB 84 58 12 21 1F"
"5921","11:12:25.876","标准帧","数据帧","CAN","0x201","发送成功","4","00 00 80 3F"
"5922","11:12:25.876","标准帧","数据帧","CAN","0x0","接收成功","8","11 D3 FD 84 58 12 21 1F"
"5923","11:12:25.876","标准帧","数据帧","CAN","0x201","发送成功","4","00 00 80 3F"
"5924","11:12:25.876","标准帧","数据帧","CAN","0x0","接收成功","8","11 D4 02 84 48 10 21 1F"
"5925","11:12:25.876","标准帧","数据帧","CAN","0x201","发送成功","4","00 00 80 3F"
"5926","11:12:25.876","标准帧","数据帧","CAN","0x0","接收成功","8","11 D4 05 84 68 10 21 1F"
"5927","11:12:25.876","标准帧","数据帧","CAN","0x201","发送成功","4","00 00 80 3F"
"5928","11:12:25.876","标准帧","数据帧","CAN","0x0","接收成功","8","11 D4 0B 84 58 0F 21 1F"
"5929","11:12:25.876","标准帧","数据帧","CAN","0x201","发送成功","4","00 00 80 3F"
"5930","11:12:25.876","标准帧","数据帧","CAN","0x0","接收成功","8","11 D4 0D 84 58 0F 21 1F"
"5931","11:12:25.876","标准帧","数据帧","CAN","0x201","发送成功","4","00 00 80 3F"
"5932","11:12:25.876","标准帧","数据帧","CAN","0x0","接收成功","8","11 D4 11 84 68 0F 21 1F"
"5933","11:12:25.876","标准帧","数据帧","CAN","0x201","发送成功","4","00 00 80 3F"
"5934","11:12:25.876","标准帧","数据帧","CAN","0x0","接收成功","8","11 D4 12 84 68 0F 21 1F"
"5935","11:12:25.887","标准帧","数据帧","CAN","0x201","发送成功","4","00 00 80 3F"
"5936","11:12:25.887","标准帧","数据帧","CAN","0x0","接收成功","8","11 D4 16 84 58 0E 21 1F"
"5937","11:12:25.887","标准帧","数据帧","CAN","0x201","发送成功","4","00 00 80 3F"
"5938","11:12:25.887","标准帧","数据帧","CAN","0x0","接收成功","8","11 D4 21 84 28 0F 21 1F"
"5939","11:12:25.887","标准帧","数据帧","CAN","0x201","发送成功","4","00 00 80 3F"
"5940","11:12:25.887","标准帧","数据帧","CAN","0x0","接收成功","8","11 D4 24 84 28 0F 21 1F"
"5941","11:12:25.887","标准帧","数据帧","CAN","0x201","发送成功","4","00 00 80 3F"
"5942","11:12:25.887","标准帧","数据帧","CAN","0x0","接收成功","8","11 D4 28 84 28 11 21 1F"
"5943","11:12:25.887","标准帧","数据帧","CAN","0x201","发送成功","4","00 00 80 3F"
"5944","11:12:25.887","标准帧","数据帧","CAN","0x0","接收成功","8","11 D4 29 84 28 11 21 1F"
"5945","11:12:25.898","标准帧","数据帧","CAN","0x201","发送成功","4","00 00 80 3F"
"5946","11:12:25.898","标准帧","数据帧","CAN","0x0","接收成功","8","11 D4 38 84 28 12 21 1F"
"5947","11:12:25.898","标准帧","数据帧","CAN","0x201","发送成功","4","00 00 80 3F"
"5948","11:12:25.898","标准帧","数据帧","CAN","0x0","接收成功","8","11 D4 3D 84 48 13 21 1F"
"5949","11:12:25.898","标准帧","数据帧","CAN","0x201","发送成功","4","00 00 80 3F"
"5950","11:12:25.898","标准帧","数据帧","CAN","0x0","接收成功","8","11 D4 41 84 58 12 21 1F"
"5951","11:12:25.898","标准帧","数据帧","CAN","0x201","发送成功","4","00 00 80 3F"
"5952","11:12:25.898","标准帧","数据帧","CAN","0x0","接收成功","8","11 D4 47 84 58 10 21 1F"
"5953","11:12:25.898","标准帧","数据帧","CAN","0x201","发送成功","4","00 00 80 3F"
"5954","11:12:25.898","标准帧","数据帧","CAN","0x0","接收成功","8","11 D4 4A 84 58 10 21 1F"
"5955","11:12:25.898","标准帧","数据帧","CAN","0x201","发送成功","4","00 00 80 3F"
"5956","11:12:25.898","标准帧","数据帧","CAN","0x0","接收成功","8","11 D4 51 84 58 0F 21 1F"
"5957","11:12:25.908","标准帧","数据帧","CAN","0x201","发送成功","4","00 00 80 3F"
"5958","11:12:25.908","标准帧","数据帧","CAN","0x0","接收成功","8","11 D4 52 84 58 0F 21 1F"
"5959","11:12:25.908","标准帧","数据帧","CAN","0x201","发送成功","4","00 00 80 3F"
"5960","11:12:25.908","标准帧","数据帧","CAN","0x0","接收成功","8","11 D4 58 84 48 0F 21 1F"
"5961","11:12:25.908","标准帧","数据帧","CAN","0x201","发送成功","4","00 00 80 3F"
"5962","11:12:25.908","标准帧","数据帧","CAN","0x0","接收成功","8","11 D4 5E 84 28 10 21 1F"
"5963","11:12:25.908","标准帧","数据帧","CAN","0x201","发送成功","4","00 00 80 3F"
"5964","11:12:25.908","标准帧","数据帧","CAN","0x0","接收成功","8","11 D4 63 84 18 11 21 1F"
"5965","11:12:25.908","标准帧","数据帧","CAN","0x201","发送成功","4","00 00 80 3F"
"5966","11:12:25.908","标准帧","数据帧","CAN","0x0","接收成功","8","11 D4 64 84 18 12 21 1F"
"5967","11:12:25.951","标准帧","数据帧","CAN","0x201","发送成功","4","00 00 80 3F"
"5968","11:12:25.951","标准帧","数据帧","CAN","0x0","接收成功","8","11 D4 76 84 28 14 21 1F"
"5969","11:12:25.951","标准帧","数据帧","CAN","0x201","发送成功","4","00 00 80 3F"
"5970","11:12:25.951","标准帧","数据帧","CAN","0x0","接收成功","8","11 D4 79 84 38 14 21 1F"
"5971","11:12:25.951","标准帧","数据帧","CAN","0x201","发送成功","4","00 00 80 3F"
"5972","11:12:25.951","标准帧","数据帧","CAN","0x0","接收成功","8","11 D4 7C 84 38 13 21 1F"
"5973","11:12:25.961","标准帧","数据帧","CAN","0x201","发送成功","4","00 00 80 3F"
"5974","11:12:25.961","标准帧","数据帧","CAN","0x0","接收成功","8","11 D4 8B 84 68 0E 21 1F"
"5975","11:12:25.961","标准帧","数据帧","CAN","0x201","发送成功","4","00 00 80 3F"
"5976","11:12:25.961","标准帧","数据帧","CAN","0x0","接收成功","8","11 D4 E9 84 28 11 21 1F"
"5977","11:12:25.961","标准帧","数据帧","CAN","0x201","发送成功","4","00 00 80 3F"
"5978","11:12:25.961","标准帧","数据帧","CAN","0x0","接收成功","8","11 D4 EB 84 18 11 21 1F"
"5979","11:12:25.961","标准帧","数据帧","CAN","0x201","发送成功","4","00 00 80 3F"
"5980","11:12:25.961","标准帧","数据帧","CAN","0x0","接收成功","8","11 D4 F1 84 18 13 21 1F"
"5981","11:12:25.972","标准帧","数据帧","CAN","0x201","发送成功","4","00 00 80 3F"
"5982","11:12:25.972","标准帧","数据帧","CAN","0x0","接收成功","8","11 D4 F5 84 18 14 21 1F"
"5983","11:12:25.972","标准帧","数据帧","CAN","0x201","发送成功","4","00 00 80 3F"
"5984","11:12:25.972","标准帧","数据帧","CAN","0x0","接收成功","8","11 D4 FC 84 38 14 21 1F"
"5985","11:12:25.972","标准帧","数据帧","CAN","0x201","发送成功","4","00 00 80 3F"
"5986","11:12:25.972","标准帧","数据帧","CAN","0x0","接收成功","8","11 D4 FF 84 48 13 21 1F"
"5987","11:12:25.972","标准帧","数据帧","CAN","0x201","发送成功","4","00 00 80 3F"
"5988","11:12:25.972","标准帧","数据帧","CAN","0x0","接收成功","8","11 D5 04 84 48 11 21 1F"
"5989","11:12:25.972","标准帧","数据帧","CAN","0x201","发送成功","4","00 00 80 3F"
"5990","11:12:25.972","标准帧","数据帧","CAN","0x0","接收成功","8","11 D5 05 84 48 11 21 1F"
"5991","11:12:25.972","标准帧","数据帧","CAN","0x201","发送成功","4","00 00 80 3F"
"5992","11:12:25.972","标准帧","数据帧","CAN","0x0","接收成功","8","11 D5 0E 84 68 10 21 1F"
"5993","11:12:25.972","标准帧","数据帧","CAN","0x201","发送成功","4","00 00 80 3F"
"5994","11:12:25.972","标准帧","数据帧","CAN","0x0","接收成功","8","11 D5 16 84 68 0E 21 1F"
"5995","11:12:25.983","标准帧","数据帧","CAN","0x201","发送成功","4","00 00 80 3F"
"5996","11:12:25.983","标准帧","数据帧","CAN","0x0","接收成功","8","11 D5 17 84 58 0E 21 1F"
"5997","11:12:25.983","标准帧","数据帧","CAN","0x201","发送成功","4","00 00 80 3F"
"5998","11:12:25.983","标准帧","数据帧","CAN","0x0","接收成功","8","11 D5 1F 84 48 10 21 1F"
"5999","11:12:25.983","标准帧","数据帧","CAN","0x201","发送成功","4","00 00 80 3F"
"6000","11:12:25.983","标准帧","数据帧","CAN","0x0","接收成功","8","11 D5 26 84 28 12 21 1F"
"6001","11:12:25.983","标准帧","数据帧","CAN","0x201","发送成功","4","00 00 80 3F"
"6002","11:12:25.983","标准帧","数据帧","CAN","0x0","接收成功","8","11 D5 29 84 28 12 21 1F"
"6003","11:12:25.983","标准帧","数据帧","CAN","0x201","发送成功","4","00 00 80 3F"
"6004","11:12:25.983","标准帧","数据帧","CAN","0x0","接收成功","8","11 D5 2F 84 38 13 21 1F"
"6005","11:12:25.993","标准帧","数据帧","CAN","0x201","发送成功","4","00 00 80 3F"
"6006","11:12:25.993","标准帧","数据帧","CAN","0x0","接收成功","8","11 D5 31 84 38 13 21 1F"
"6007","11:12:25.993","标准帧","数据帧","CAN","0x201","发送成功","4","00 00 80 3F"
"6008","11:12:25.993","标准帧","数据帧","CAN","0x0","接收成功","8","11 D5 38 84 28 13 21 1F"
"6009","11:12:25.993","标准帧","数据帧","CAN","0x201","发送成功","4","00 00 80 3F"
"6010","11:12:25.993","标准帧","数据帧","CAN","0x0","接收成功","8","11 D5 3D 84 28 14 21 1F"
"6011","11:12:25.993","标准帧","数据帧","CAN","0x201","发送成功","4","00 00 80 3F"
"6012","11:12:25.993","标准帧","数据帧","CAN","0x0","接收成功","8","11 D5 44 84 38 14 21 1F"
"6013","11:12:25.993","标准帧","数据帧","CAN","0x201","发送成功","4","00 00 80 3F"
"6014","11:12:25.993","标准帧","数据帧","CAN","0x0","接收成功","8","11 D5 46 84 48 13 21 1F"
"6015","11:12:26.004","标准帧","数据帧","CAN","0x201","发送成功","4","00 00 80 3F"
"6016","11:12:26.004","标准帧","数据帧","CAN","0x0","接收成功","8","11 D5 4C 84 48 12 21 1F"
"6017","11:12:26.004","标准帧","数据帧","CAN","0x201","发送成功","4","00 00 80 3F"
"6018","11:12:26.004","标准帧","数据帧","CAN","0x0","接收成功","8","11 D5 50 84 58 12 21 1F"
"6019","11:12:26.004","标准帧","数据帧","CAN","0x201","发送成功","4","00 00 80 3F"
"6020","11:12:26.004","标准帧","数据帧","CAN","0x0","接收成功","8","11 D5 56 84 58 11 21 1F"
"6021","11:12:26.004","标准帧","数据帧","CAN","0x201","发送成功","4","00 00 80 3F"
"6022","11:12:26.004","标准帧","数据帧","CAN","0x0","接收成功","8","11 D5 57 84 58 11 21 1F"
"6023","11:12:26.004","标准帧","数据帧","CAN","0x201","发送成功","4","00 00 80 3F"
"6024","11:12:26.004","标准帧","数据帧","CAN","0x0","接收成功","8","11 D5 5C 84 48 10 21 1F"
"6025","11:12:26.004","标准帧","数据帧","CAN","0x201","发送成功","4","00 00 80 3F"
"6026","11:12:26.004","标准帧","数据帧","CAN","0x0","接收成功","8","11 D5 5E 84 48 10 21 1F"
"6027","11:12:26.015","标准帧","数据帧","CAN","0x201","发送成功","4","00 00 80 3F"
"6028","11:12:26.015","标准帧","数据帧","CAN","0x0","接收成功","8","11 D5 64 84 58 11 21 1F"
"6029","11:12:26.015","标准帧","数据帧","CAN","0x201","发送成功","4","00 00 80 3F"
"6030","11:12:26.015","标准帧","数据帧","CAN","0x0","接收成功","8","11 D5 6B 84 38 11 21 1F"
"6031","11:12:26.015","标准帧","数据帧","CAN","0x201","发送成功","4","00 00 80 3F"
"6032","11:12:26.015","标准帧","数据帧","CAN","0x0","接收成功","8","11 D5 70 84 38 10 21 1F"
"6033","11:12:26.015","标准帧","数据帧","CAN","0x201","发送成功","4","00 00 80 3F"
"6034","11:12:26.015","标准帧","数据帧","CAN","0x0","接收成功","8","11 D5 7D 84 38 11 21 1F"
"6035","11:12:26.015","标准帧","数据帧","CAN","0x201","发送成功","4","00 00 80 3F"
"6036","11:12:26.015","标准帧","数据帧","CAN","0x0","接收成功","8","11 D5 80 84 38 11 21 1F"
"6037","11:12:26.057","标准帧","数据帧","CAN","0x201","发送成功","4","00 00 80 3F"
"6038","11:12:26.057","标准帧","数据帧","CAN","0x0","接收成功","8","11 D5 83 84 28 11 21 1F"
"6039","11:12:26.057","标准帧","数据帧","CAN","0x201","发送成功","4","00 00 80 3F"
"6040","11:12:26.057","标准帧","数据帧","CAN","0x0","接收成功","8","11 D5 8A 84 28 11 21 1F"
"6041","11:12:26.057","标准帧","数据帧","CAN","0x201","发送成功","4","00 00 80 3F"
"6042","11:12:26.057","标准帧","数据帧","CAN","0x0","接收成功","8","11 D5 96 84 48 11 21 1F"
"6043","11:12:26.057","标准帧","数据帧","CAN","0x201","发送成功","4","00 00 80 3F"
"6044","11:12:26.057","标准帧","数据帧","CAN","0x0","接收成功","8","11 D5 9A 84 38 11 21 1F"
"6045","11:12:26.068","标准帧","数据帧","CAN","0x201","发送成功","4","00 00 80 3F"
"6046","11:12:26.068","标准帧","数据帧","CAN","0x0","接收成功","8","11 D5 F5 84 58 0E 21 1F"
"6047","11:12:26.068","标准帧","数据帧","CAN","0x201","发送成功","4","00 00 80 3F"
"6048","11:12:26.068","标准帧","数据帧","CAN","0x0","接收成功","8","11 D5 F8 84 48 0E 21 1F"
"6049","11:12:26.068","标准帧","数据帧","CAN","0x201","发送成功","4","00 00 80 3F"
"6050","11:12:26.068","标准帧","数据帧","CAN","0x0","接收成功","8","11 D6 01 84 18 10 21 1F"
"6051","11:12:26.068","标准帧","数据帧","CAN","0x201","发送成功","4","00 00 80 3F"
"6052","11:12:26.068","标准帧","数据帧","CAN","0x0","接收成功","8","11 D6 02 84 28 11 21 1F"
"6053","11:12:26.068","标准帧","数据帧","CAN","0x201","发送成功","4","00 00 80 3F"
"6054","11:12:26.068","标准帧","数据帧","CAN","0x0","接收成功","8","11 D6 08 84 18 14 21 1F"
"6055","11:12:26.078","标准帧","数据帧","CAN","0x201","发送成功","4","00 00 80 3F"
"6056","11:12:26.078","标准帧","数据帧","CAN","0x0","接收成功","8","11 D6 0A 84 18 14 21 1F"
"6057","11:12:26.078","标准帧","数据帧","CAN","0x201","发送成功","4","00 00 80 3F"
"6058","11:12:26.078","标准帧","数据帧","CAN","0x0","接收成功","8","11 D6 10 84 18 15 21 1F"
"6059","11:12:26.078","标准帧","数据帧","CAN","0x201","发送成功","4","00 00 80 3F"
"6060","11:12:26.078","标准帧","数据帧","CAN","0x0","接收成功","8","11 D6 15 84 48 15 21 1F"
"6061","11:12:26.078","标准帧","数据帧","CAN","0x201","发送成功","4","00 00 80 3F"
"6062","11:12:26.078","标准帧","数据帧","CAN","0x0","接收成功","8","11 D6 1B 84 38 13 21 1F"
"6063","11:12:26.078","标准帧","数据帧","CAN","0x201","发送成功","4","00 00 80 3F"
"6064","11:12:26.078","标准帧","数据帧","CAN","0x0","接收成功","8","11 D6 1D 84 48 13 21 1F"
"6065","11:12:26.089","标准帧","数据帧","CAN","0x201","发送成功","4","00 00 80 3F"
"6066","11:12:26.089","标准帧","数据帧","CAN","0x0","接收成功","8","11 D6 2C 84 58 10 21 1F"
"6067","11:12:26.089","标准帧","数据帧","CAN","0x201","发送成功","4","00 00 80 3F"
"6068","11:12:26.089","标准帧","数据帧","CAN","0x0","接收成功","8","11 D6 32 84 48 0F 21 1F"
"6069","11:12:26.089","标准帧","数据帧","CAN","0x201","发送成功","4","00 00 80 3F"
"6070","11:12:26.089","标准帧","数据帧","CAN","0x0","接收成功","8","11 D6 35 84 58 0F 21 1F"
"6071","11:12:26.089","标准帧","数据帧","CAN","0x201","发送成功","4","00 00 80 3F"
"6072","11:12:26.089","标准帧","数据帧","CAN","0x0","接收成功","8","11 D6 3A 84 38 11 21 1F"
"6073","11:12:26.089","标准帧","数据帧","CAN","0x201","发送成功","4","00 00 80 3F"
"6074","11:12:26.089","标准帧","数据帧","CAN","0x0","接收成功","8","11 D6 3E 84 28 11 21 1F"
"6075","11:12:26.089","标准帧","数据帧","CAN","0x201","发送成功","4","00 00 80 3F"
"6076","11:12:26.089","标准帧","数据帧","CAN","0x0","接收成功","8","11 D6 44 84 18 13 21 1F"
"6077","11:12:26.099","标准帧","数据帧","CAN","0x201","发送成功","4","00 00 80 3F"
"6078","11:12:26.099","标准帧","数据帧","CAN","0x0","接收成功","8","11 D6 46 84 18 13 21 1F"
"6079","11:12:26.099","标准帧","数据帧","CAN","0x201","发送成功","4","00 00 80 3F"
"6080","11:12:26.099","标准帧","数据帧","CAN","0x0","接收成功","8","11 D6 4B 84 08 14 21 1F"
"6081","11:12:26.099","标准帧","数据帧","CAN","0x201","发送成功","4","00 00 80 3F"
"6082","11:12:26.099","标准帧","数据帧","CAN","0x0","接收成功","8","11 D6 4C 84 08 14 21 1F"
"6083","11:12:26.099","标准帧","数据帧","CAN","0x201","发送成功","4","00 00 80 3F"
"6084","11:12:26.099","标准帧","数据帧","CAN","0x0","接收成功","8","11 D6 56 84 48 14 21 1F"
"6085","11:12:26.099","标准帧","数据帧","CAN","0x201","发送成功","4","00 00 80 3F"
"6086","11:12:26.099","标准帧","数据帧","CAN","0x0","接收成功","8","11 D6 5C 84 48 12 21 1F"
"6087","11:12:26.099","标准帧","数据帧","CAN","0x201","发送成功","4","00 00 80 3F"
"6088","11:12:26.099","标准帧","数据帧","CAN","0x0","接收成功","8","11 D6 5E 84 48 12 21 1F"
"6089","11:12:26.099","标准帧","数据帧","CAN","0x201","发送成功","4","00 00 80 3F"
"6090","11:12:26.099","标准帧","数据帧","CAN","0x0","接收成功","8","11 D6 63 84 58 10 21 1F"
"6091","11:12:26.110","标准帧","数据帧","CAN","0x201","发送成功","4","00 00 80 3F"
"6092","11:12:26.110","标准帧","数据帧","CAN","0x0","接收成功","8","11 D6 65 84 58 10 21 1F"
"6093","11:12:26.110","标准帧","数据帧","CAN","0x201","发送成功","4","00 00 80 3F"
"6094","11:12:26.110","标准帧","数据帧","CAN","0x0","接收成功","8","11 D6 6E 84 88 0D 21 1F"
"6095","11:12:26.110","标准帧","数据帧","CAN","0x201","发送成功","4","00 00 80 3F"
"6096","11:12:26.110","标准帧","数据帧","CAN","0x0","接收成功","8","11 D6 74 84 58 0C 21 1F"
"6097","11:12:26.120","标准帧","数据帧","CAN","0x201","发送成功","4","00 00 80 3F"
"6098","11:12:26.120","标准帧","数据帧","CAN","0x0","接收成功","8","11 D6 78 84 58 0D 21 1F"
"6099","11:12:26.120","标准帧","数据帧","CAN","0x201","发送成功","4","00 00 80 3F"
"6100","11:12:26.120","标准帧","数据帧","CAN","0x0","接收成功","8","11 D6 8A 84 18 12 21 1F"
"6101","11:12:26.120","标准帧","数据帧","CAN","0x201","发送成功","4","00 00 80 3F"
"6102","11:12:26.120","标准帧","数据帧","CAN","0x0","接收成功","8","11 D6 8E 84 08 13 21 1F"
"6103","11:12:26.152","标准帧","数据帧","CAN","0x201","发送成功","4","00 00 80 3F"
"6104","11:12:26.152","标准帧","数据帧","CAN","0x0","接收成功","8","11 D6 97 84 28 14 21 1F"
"6105","11:12:26.152","标准帧","数据帧","CAN","0x201","发送成功","4","00 00 80 3F"
"6106","11:12:26.152","标准帧","数据帧","CAN","0x0","接收成功","8","11 D6 9D 84 38 14 21 1F"
"6107","11:12:26.163","标准帧","数据帧","CAN","0x201","发送成功","4","00 00 80 3F"
"6108","11:12:26.163","标准帧","数据帧","CAN","0x0","接收成功","8","11 D6 A3 84 58 13 21 1F"
"6109","11:12:26.163","标准帧","数据帧","CAN","0x201","发送成功","4","00 00 80 3F"
"6110","11:12:26.163","标准帧","数据帧","CAN","0x0","接收成功","8","11 D7 00 84 38 10 21 1F"
"6111","11:12:26.174","标准帧","数据帧","CAN","0x201","发送成功","4","00 00 80 3F"
"6112","11:12:26.174","标准帧","数据帧","CAN","0x0","接收成功","8","11 D7 07 84 28 11 21 1F"
"6113","11:12:26.174","标准帧","数据帧","CAN","0x201","发送成功","4","00 00 80 3F"
"6114","11:12:26.174","标准帧","数据帧","CAN","0x0","接收成功","8","11 D7 0D 84 28 11 21 1F"
"6115","11:12:26.174","标准帧","数据帧","CAN","0x201","发送成功","4","00 00 80 3F"
"6116","11:12:26.174","标准帧","数据帧","CAN","0x0","接收成功","8","11 D7 0F 84 28 11 21 1F"
"6117","11:12:26.174","标准帧","数据帧","CAN","0x201","发送成功","4","00 00 80 3F"
"6118","11:12:26.174","标准帧","数据帧","CAN","0x0","接收成功","8","11 D7 13 84 28 11 21 1F"
"6119","11:12:26.184","标准帧","数据帧","CAN","0x201","发送成功","4","00 00 80 3F"
"6120","11:12:26.184","标准帧","数据帧","CAN","0x0","接收成功","8","11 D7 20 84 28 13 21 1F"
"6121","11:12:26.184","标准帧","数据帧","CAN","0x201","发送成功","4","00 00 80 3F"
"6122","11:12:26.184","标准帧","数据帧","CAN","0x0","接收成功","8","11 D7 26 84 28 13 21 1F"
"6123","11:12:26.184","标准帧","数据帧","CAN","0x201","发送成功","4","00 00 80 3F"
"6124","11:12:26.184","标准帧","数据帧","CAN","0x0","接收成功","8","11 D7 29 84 18 13 21 1F"
"6125","11:12:26.184","标准帧","数据帧","CAN","0x201","发送成功","4","00 00 80 3F"
"6126","11:12:26.184","标准帧","数据帧","CAN","0x0","接收成功","8","11 D7 33 84 38 12 21 1F"
"6127","11:12:26.184","标准帧","数据帧","CAN","0x201","发送成功","4","00 00 80 3F"
"6128","11:12:26.184","标准帧","数据帧","CAN","0x0","接收成功","8","11 D7 35 84 28 12 21 1F"
"6129","11:12:26.184","标准帧","数据帧","CAN","0x201","发送成功","4","00 00 80 3F"
"6130","11:12:26.184","标准帧","数据帧","CAN","0x0","接收成功","8","11 D7 3B 84 58 11 21 1F"
"6131","11:12:26.184","标准帧","数据帧","CAN","0x201","发送成功","4","00 00 80 3F"
"6132","11:12:26.184","标准帧","数据帧","CAN","0x0","接收成功","8","11 D7 3C 84 58 11 21 1F"
"6133","11:12:26.195","标准帧","数据帧","CAN","0x201","发送成功","4","00 00 80 3F"
"6134","11:12:26.195","标准帧","数据帧","CAN","0x0","接收成功","8","11 D7 43 84 58 10 21 1F"
"6135","11:12:26.195","标准帧","数据帧","CAN","0x201","发送成功","4","00 00 80 3F"
"6136","11:12:26.195","标准帧","数据帧","CAN","0x0","接收成功","8","11 D7 4A 84 48 0E 21 1F"
"6137","11:12:26.195","标准帧","数据帧","CAN","0x201","发送成功","4","00 00 80 3F"
"6138","11:12:26.195","标准帧","数据帧","CAN","0x0","接收成功","8","11 D7 4D 84 58 0E 21 1F"
"6139","11:12:26.195","标准帧","数据帧","CAN","0x201","发送成功","4","00 00 80 3F"
"6140","11:12:26.195","标准帧","数据帧","CAN","0x0","接收成功","8","11 D7 53 84 58 0F 21 1F"
"6141","11:12:26.195","标准帧","数据帧","CAN","0x201","发送成功","4","00 00 80 3F"
"6142","11:12:26.195","标准帧","数据帧","CAN","0x0","接收成功","8","11 D7 54 84 58 0F 21 1F"
"6143","11:12:26.205","标准帧","数据帧","CAN","0x201","发送成功","4","00 00 80 3F"
"6144","11:12:26.205","标准帧","数据帧","CAN","0x0","接收成功","8","11 D7 60 84 28 11 21 1F"
"6145","11:12:26.205","标准帧","数据帧","CAN","0x201","发送成功","4","00 00 80 3F"
"6146","11:12:26.205","标准帧","数据帧","CAN","0x0","接收成功","8","11 D7 65 84 18 12 21 1F"
"6147","11:12:26.205","标准帧","数据帧","CAN","0x201","发送成功","4","00 00 80 3F"
"6148","11:12:26.205","标准帧","数据帧","CAN","0x0","接收成功","8","11 D7 67 84 18 13 21 1F"
"6149","11:12:26.205","标准帧","数据帧","CAN","0x201","发送成功","4","00 00 80 3F"
"6150","11:12:26.205","标准帧","数据帧","CAN","0x0","接收成功","8","11 D7 70 84 28 13 21 1F"
"6151","11:12:26.205","标准帧","数据帧","CAN","0x201","发送成功","4","00 00 80 3F"
"6152","11:12:26.205","标准帧","数据帧","CAN","0x0","接收成功","8","11 D7 75 84 58 13 21 1F"
"6153","11:12:26.216","标准帧","数据帧","CAN","0x201","发送成功","4","00 00 80 3F"
"6154","11:12:26.216","标准帧","数据帧","CAN","0x0","接收成功","8","11 D7 77 84 38 12 21 1F"
"6155","11:12:26.216","标准帧","数据帧","CAN","0x201","发送成功","4","00 00 80 3F"
"6156","11:12:26.216","标准帧","数据帧","CAN","0x0","接收成功","8","11 D7 7C 84 38 12 21 1F"
"6157","11:12:26.216","标准帧","数据帧","CAN","0x201","发送成功","4","00 00 80 3F"
"6158","11:12:26.216","标准帧","数据帧","CAN","0x0","接收成功","8","11 D7 82 84 68 10 21 1F"
"6159","11:12:26.216","标准帧","数据帧","CAN","0x201","发送成功","4","00 00 80 3F"
"6160","11:12:26.216","标准帧","数据帧","CAN","0x201","发送成功","4","00 00 80 3F"
"6161","11:12:26.216","标准帧","数据帧","CAN","0x0","接收成功","8","11 D7 90 84 48 0F 21 1F"
"6162","11:12:26.216","标准帧","数据帧","CAN","0x0","接收成功","8","11 D7 90 84 48 0F 21 1F"
"6163","11:12:26.260","标准帧","数据帧","CAN","0x201","发送成功","4","00 00 80 3F"
"6164","11:12:26.260","标准帧","数据帧","CAN","0x0","接收成功","8","11 D7 98 84 48 10 21 1F"
"6165","11:12:26.260","标准帧","数据帧","CAN","0x201","发送成功","4","00 00 80 3F"
"6166","11:12:26.260","标准帧","数据帧","CAN","0x0","接收成功","8","11 D7 9D 84 38 11 21 1F"
"6167","11:12:26.260","标准帧","数据帧","CAN","0x201","发送成功","4","00 00 80 3F"
"6168","11:12:26.260","标准帧","数据帧","CAN","0x0","接收成功","8","11 D7 A4 84 08 14 21 1F"
"6169","11:12:26.260","标准帧","数据帧","CAN","0x201","发送成功","4","00 00 80 3F"
"6170","11:12:26.260","标准帧","数据帧","CAN","0x0","接收成功","8","11 D7 A9 84 18 14 21 1F"
"6171","11:12:26.260","标准帧","数据帧","CAN","0x201","发送成功","4","00 00 80 3F"
"6172","11:12:26.260","标准帧","数据帧","CAN","0x0","接收成功","8","11 D8 01 84 58 11 21 1F"
"6173","11:12:26.271","标准帧","数据帧","CAN","0x201","发送成功","4","00 00 80 3F"
"6174","11:12:26.271","标准帧","数据帧","CAN","0x0","接收成功","8","11 D8 04 84 58 11 21 1F"
"6175","11:12:26.271","标准帧","数据帧","CAN","0x201","发送成功","4","00 00 80 3F"
"6176","11:12:26.271","标准帧","数据帧","CAN","0x0","接收成功","8","11 D8 10 84 48 0F 21 1F"
"6177","11:12:26.271","标准帧","数据帧","CAN","0x201","发送成功","4","00 00 80 3F"
"6178","11:12:26.271","标准帧","数据帧","CAN","0x0","接收成功","8","11 D8 11 84 48 10 21 1F"
"6179","11:12:26.271","标准帧","数据帧","CAN","0x201","发送成功","4","00 00 80 3F"
"6180","11:12:26.271","标准帧","数据帧","CAN","0x0","接收成功","8","11 D8 17 84 48 11 21 1F"
"6181","11:12:26.271","标准帧","数据帧","CAN","0x201","发送成功","4","00 00 80 3F"
"6182","11:12:26.271","标准帧","数据帧","CAN","0x0","接收成功","8","11 D8 19 84 38 11 21 1F"
"6183","11:12:26.282","标准帧","数据帧","CAN","0x201","发送成功","4","00 00 80 3F"
"6184","11:12:26.282","标准帧","数据帧","CAN","0x0","接收成功","8","11 D8 1E 84 18 12 21 1F"
"6185","11:12:26.282","标准帧","数据帧","CAN","0x201","发送成功","4","00 00 80 3F"
"6186","11:12:26.282","标准帧","数据帧","CAN","0x0","接收成功","8","11 D8 23 84 28 12 21 1F"
"6187","11:12:26.282","标准帧","数据帧","CAN","0x201","发送成功","4","00 00 80 3F"
"6188","11:12:26.282","标准帧","数据帧","CAN","0x0","接收成功","8","11 D8 29 84 18 13 21 1F"
"6189","11:12:26.282","标准帧","数据帧","CAN","0x201","发送成功","4","00 00 80 3F"
"6190","11:12:26.282","标准帧","数据帧","CAN","0x0","接收成功","8","11 D8 2F 84 28 14 21 1F"
"6191","11:12:26.293","标准帧","数据帧","CAN","0x201","发送成功","4","00 00 80 3F"
"6192","11:12:26.293","标准帧","数据帧","CAN","0x0","接收成功","8","11 D8 3C 84 58 11 21 1F"
"6193","11:12:26.293","标准帧","数据帧","CAN","0x201","发送成功","4","00 00 80 3F"
"6194","11:12:26.293","标准帧","数据帧","CAN","0x0","接收成功","8","11 D8 40 84 58 10 21 1F"
"6195","11:12:26.293","标准帧","数据帧","CAN","0x201","发送成功","4","00 00 80 3F"
"6196","11:12:26.293","标准帧","数据帧","CAN","0x0","接收成功","8","11 D8 42 84 58 10 21 1F"
"6197","11:12:26.293","标准帧","数据帧","CAN","0x201","发送成功","4","00 00 80 3F"
"6198","11:12:26.293","标准帧","数据帧","CAN","0x0","接收成功","8","11 D8 48 84 68 0F 21 1F"
"6199","11:12:26.293","标准帧","数据帧","CAN","0x201","发送成功","4","00 00 80 3F"
"6200","11:12:26.293","标准帧","数据帧","CAN","0x0","接收成功","8","11 D8 4E 84 58 0E 21 1F"
"6201","11:12:26.293","标准帧","数据帧","CAN","0x201","发送成功","4","00 00 80 3F"
"6202","11:12:26.293","标准帧","数据帧","CAN","0x0","接收成功","8","11 D8 53 84 48 0F 21 1F"
"6203","11:12:26.303","标准帧","数据帧","CAN","0x201","发送成功","4","00 00 80 3F"
"6204","11:12:26.303","标准帧","数据帧","CAN","0x0","接收成功","8","11 D8 55 84 48 0F 21 1F"
"6205","11:12:26.303","标准帧","数据帧","CAN","0x201","发送成功","4","00 00 80 3F"
"6206","11:12:26.303","标准帧","数据帧","CAN","0x0","接收成功","8","11 D8 5A 84 48 0F 21 1F"
"6207","11:12:26.303","标准帧","数据帧","CAN","0x201","发送成功","4","00 00 80 3F"
"6208","11:12:26.303","标准帧","数据帧","CAN","0x0","接收成功","8","11 D8 63 84 38 11 21 1F"
"6209","11:12:26.303","标准帧","数据帧","CAN","0x201","发送成功","4","00 00 80 3F"
"6210","11:12:26.303","标准帧","数据帧","CAN","0x0","接收成功","8","11 D8 68 84 38 12 21 1F"
"6211","11:12:26.303","标准帧","数据帧","CAN","0x201","发送成功","4","00 00 80 3F"
"6212","11:12:26.303","标准帧","数据帧","CAN","0x0","接收成功","8","11 D8 69 84 38 12 21 1F"
"6213","11:12:26.303","标准帧","数据帧","CAN","0x201","发送成功","4","00 00 80 3F"
"6214","11:12:26.303","标准帧","数据帧","CAN","0x0","接收成功","8","11 D8 6E 84 18 13 21 1F"
"6215","11:12:26.314","标准帧","数据帧","CAN","0x201","发送成功","4","00 00 80 3F"
"6216","11:12:26.314","标准帧","数据帧","CAN","0x0","接收成功","8","11 D8 73 84 28 13 21 1F"
"6217","11:12:26.314","标准帧","数据帧","CAN","0x201","发送成功","4","00 00 80 3F"
"6218","11:12:26.314","标准帧","数据帧","CAN","0x0","接收成功","8","11 D8 7C 84 28 15 21 1F"
"6219","11:12:26.314","标准帧","数据帧","CAN","0x201","发送成功","4","00 00 80 3F"
"6220","11:12:26.314","标准帧","数据帧","CAN","0x0","接收成功","8","11 D8 81 84 38 13 21 1F"
"6221","11:12:26.347","标准帧","数据帧","CAN","0x201","发送成功","4","00 00 80 3F"
"6222","11:12:26.347","标准帧","数据帧","CAN","0x0","接收成功","8","11 D8 86 84 48 13 21 1F"
"6223","11:12:26.347","标准帧","数据帧","CAN","0x201","发送成功","4","00 00 80 3F"
"6224","11:12:26.347","标准帧","数据帧","CAN","0x0","接收成功","8","11 D8 96 84 58 11 21 1F"
"6225","11:12:26.347","标准帧","数据帧","CAN","0x201","发送成功","4","00 00 80 3F"
"6226","11:12:26.347","标准帧","数据帧","CAN","0x0","接收成功","8","11 D8 97 84 58 10 21 1F"
"6227","11:12:26.347","标准帧","数据帧","CAN","0x201","发送成功","4","00 00 80 3F"
"6228","11:12:26.347","标准帧","数据帧","CAN","0x0","接收成功","8","11 D8 9E 84 58 0F 21 1F"
"6229","11:12:26.347","标准帧","数据帧","CAN","0x201","发送成功","4","00 00 80 3F"
"6230","11:12:26.347","标准帧","数据帧","CAN","0x0","接收成功","8","11 D8 A3 84 48 10 21 1F"
"6231","11:12:26.347","标准帧","数据帧","CAN","0x201","发送成功","4","00 00 80 3F"
"6232","11:12:26.347","标准帧","数据帧","CAN","0x0","接收成功","8","11 D8 A4 84 38 10 21 1F"
"6233","11:12:26.358","标准帧","数据帧","CAN","0x201","发送成功","4","00 00 80 3F"
"6234","11:12:26.358","标准帧","数据帧","CAN","0x0","接收成功","8","11 D8 AA 84 48 0F 21 1F"
"6235","11:12:26.358","标准帧","数据帧","CAN","0x201","发送成功","4","00 00 80 3F"
"6236","11:12:26.358","标准帧","数据帧","CAN","0x0","接收成功","8","11 D8 FB 84 18 12 21 1F"
"6237","11:12:26.368","标准帧","数据帧","CAN","0x201","发送成功","4","00 00 80 3F"
"6238","11:12:26.368","标准帧","数据帧","CAN","0x201","发送成功","4","00 00 80 3F"
"6239","11:12:26.368","标准帧","数据帧","CAN","0x0","接收成功","8","11 D8 FE 84 08 13 21 1F"
"6240","11:12:26.368","标准帧","数据帧","CAN","0x0","接收成功","8","11 D8 FF 84 08 14 21 1F"
"6241","11:12:26.368","标准帧","数据帧","CAN","0x201","发送成功","4","00 00 80 3F"
"6242","11:12:26.368","标准帧","数据帧","CAN","0x0","接收成功","8","11 D9 04 84 18 15 21 1F"
"6243","11:12:26.368","标准帧","数据帧","CAN","0x201","发送成功","4","00 00 80 3F"
"6244","11:12:26.368","标准帧","数据帧","CAN","0x0","接收成功","8","11 D9 0C 84 28 13 21 1F"
"6245","11:12:26.368","标准帧","数据帧","CAN","0x201","发送成功","4","00 00 80 3F"
"6246","11:12:26.368","标准帧","数据帧","CAN","0x0","接收成功","8","11 D9 12 84 38 12 21 1F"
"6247","11:12:26.368","标准帧","数据帧","CAN","0x201","发送成功","4","00 00 80 3F"
"6248","11:12:26.368","标准帧","数据帧","CAN","0x0","接收成功","8","11 D9 13 84 38 12 21 1F"
"6249","11:12:26.368","标准帧","数据帧","CAN","0x201","发送成功","4","00 00 80 3F"
"6250","11:12:26.368","标准帧","数据帧","CAN","0x0","接收成功","8","11 D9 19 84 58 11 21 1F"
"6251","11:12:26.379","标准帧","数据帧","CAN","0x201","发送成功","4","00 00 80 3F"
"6252","11:12:26.379","标准帧","数据帧","CAN","0x0","接收成功","8","11 D9 1E 84 68 0F 21 1F"
"6253","11:12:26.379","标准帧","数据帧","CAN","0x201","发送成功","4","00 00 80 3F"
"6254","11:12:26.379","标准帧","数据帧","CAN","0x0","接收成功","8","11 D9 26 84 68 0D 21 1F"
"6255","11:12:26.379","标准帧","数据帧","CAN","0x201","发送成功","4","00 00 80 3F"
"6256","11:12:26.379","标准帧","数据帧","CAN","0x0","接收成功","8","11 D9 2C 84 58 0D 21 1F"
"6257","11:12:26.379","标准帧","数据帧","CAN","0x201","发送成功","4","00 00 80 3F"
"6258","11:12:26.379","标准帧","数据帧","CAN","0x0","接收成功","8","11 D9 33 84 48 0D 21 1F"
"6259","11:12:26.390","标准帧","数据帧","CAN","0x201","发送成功","4","00 00 80 3F"
"6260","11:12:26.390","标准帧","数据帧","CAN","0x0","接收成功","8","11 D9 35 84 28 0E 21 1F"
"6261","11:12:26.390","标准帧","数据帧","CAN","0x201","发送成功","4","00 00 80 3F"
"6262","11:12:26.390","标准帧","数据帧","CAN","0x0","接收成功","8","11 D9 3B 84 18 11 21 1F"
"6263","11:12:26.390","标准帧","数据帧","CAN","0x201","发送成功","4","00 00 80 3F"
"6264","11:12:26.390","标准帧","数据帧","CAN","0x0","接收成功","8","11 D9 3F 84 18 13 21 1F"
"6265","11:12:26.390","标准帧","数据帧","CAN","0x201","发送成功","4","00 00 80 3F"
"6266","11:12:26.390","标准帧","数据帧","CAN","0x0","接收成功","8","11 D9 44 83 F8 15 21 1F"
"6267","11:12:26.390","标准帧","数据帧","CAN","0x201","发送成功","4","00 00 80 3F"
"6268","11:12:26.390","标准帧","数据帧","CAN","0x0","接收成功","8","11 D9 46 83 F8 16 21 1F"
"6269","11:12:26.390","标准帧","数据帧","CAN","0x201","发送成功","4","00 00 80 3F"
"6270","11:12:26.390","标准帧","数据帧","CAN","0x0","接收成功","8","11 D9 4C 84 28 16 21 1F"
"6271","11:12:26.390","标准帧","数据帧","CAN","0x201","发送成功","4","00 00 80 3F"
"6272","11:12:26.390","标准帧","数据帧","CAN","0x0","接收成功","8","11 D9 4D 84 28 15 21 1F"
"6273","11:12:26.390","标准帧","数据帧","CAN","0x201","发送成功","4","00 00 80 3F"
"6274","11:12:26.390","标准帧","数据帧","CAN","0x0","接收成功","8","11 D9 53 84 48 14 21 1F"
"6275","11:12:26.390","标准帧","数据帧","CAN","0x201","发送成功","4","00 00 80 3F"
"6276","11:12:26.390","标准帧","数据帧","CAN","0x0","接收成功","8","11 D9 55 84 48 14 21 1F"
"6277","11:12:26.390","标准帧","数据帧","CAN","0x201","发送成功","4","00 00 80 3F"
"6278","11:12:26.390","标准帧","数据帧","CAN","0x0","接收成功","8","11 D9 5F 84 88 10 21 1F"
"6279","11:12:26.390","标准帧","数据帧","CAN","0x201","发送成功","4","00 00 80 3F"
"6280","11:12:26.390","标准帧","数据帧","CAN","0x0","接收成功","8","11 D9 6A 84 58 0D 21 1F"
"6281","11:12:26.411","标准帧","数据帧","CAN","0x201","发送成功","4","00 00 80 3F"
"6282","11:12:26.411","标准帧","数据帧","CAN","0x0","接收成功","8","11 D9 6F 84 38 0E 21 1F"
"6283","11:12:26.411","标准帧","数据帧","CAN","0x201","发送成功","4","00 00 80 3F"
"6284","11:12:26.411","标准帧","数据帧","CAN","0x0","接收成功","8","11 D9 71 84 48 0F 21 1F"
"6285","11:12:26.411","标准帧","数据帧","CAN","0x201","发送成功","4","00 00 80 3F"
"6286","11:12:26.411","标准帧","数据帧","CAN","0x0","接收成功","8","11 D9 77 84 18 11 21 1F"
"6287","11:12:26.411","标准帧","数据帧","CAN","0x201","发送成功","4","00 00 80 3F"
"6288","11:12:26.411","标准帧","数据帧","CAN","0x0","接收成功","8","11 D9 79 84 28 12 21 1F"
"6289","11:12:26.411","标准帧","数据帧","CAN","0x201","发送成功","4","00 00 80 3F"
"6290","11:12:26.411","标准帧","数据帧","CAN","0x0","接收成功","8","11 D9 7E 84 18 13 21 1F"
"6291","11:12:26.411","标准帧","数据帧","CAN","0x201","发送成功","4","00 00 80 3F"
"6292","11:12:26.411","标准帧","数据帧","CAN","0x0","接收成功","8","11 D9 82 84 08 14 21 1F"
"6293","11:12:26.411","标准帧","数据帧","CAN","0x201","发送成功","4","00 00 80 3F"
"6294","11:12:26.411","标准帧","数据帧","CAN","0x0","接收成功","8","11 D9 88 84 18 14 21 1F"
"6295","11:12:26.422","标准帧","数据帧","CAN","0x201","发送成功","4","00 00 80 3F"
"6296","11:12:26.422","标准帧","数据帧","CAN","0x0","接收成功","8","11 D9 89 84 18 14 21 1F"
"6297","11:12:26.422","标准帧","数据帧","CAN","0x201","发送成功","4","00 00 80 3F"
"6298","11:12:26.422","标准帧","数据帧","CAN","0x0","接收成功","8","11 D9 8E 84 28 15 21 1F"
"6299","11:12:26.422","标准帧","数据帧","CAN","0x201","发送成功","4","00 00 80 3F"
"6300","11:12:26.422","标准帧","数据帧","CAN","0x0","接收成功","8","11 D9 9B 84 58 11 21 1F"
"6301","11:12:26.422","标准帧","数据帧","CAN","0x201","发送成功","4","00 00 80 3F"
"6302","11:12:26.422","标准帧","数据帧","CAN","0x0","接收成功","8","11 D9 9F 84 58 10 21 1F"
"6303","11:12:26.455","标准帧","数据帧","CAN","0x201","发送成功","4","00 00 80 3F"
"6304","11:12:26.455","标准帧","数据帧","CAN","0x0","接收成功","8","11 D9 A8 84 48 0D 21 1F"
"6305","11:12:26.455","标准帧","数据帧","CAN","0x201","发送成功","4","00 00 80 3F"
"6306","11:12:26.455","标准帧","数据帧","CAN","0x0","接收成功","8","11 D9 AE 84 48 0E 21 1F"
"6307","11:12:26.455","标准帧","数据帧","CAN","0x201","发送成功","4","00 00 80 3F"
"6308","11:12:26.455","标准帧","数据帧","CAN","0x0","接收成功","8","11 D9 B3 84 38 0F 21 1F"
"6309","11:12:26.466","标准帧","数据帧","CAN","0x201","发送成功","4","00 00 80 3F"
"6310","11:12:26.466","标准帧","数据帧","CAN","0x0","接收成功","8","11 D9 B8 84 38 10 21 1F"
"6311","11:12:26.466","标准帧","数据帧","CAN","0x201","发送成功","4","00 00 80 3F"
"6312","11:12:26.466","标准帧","数据帧","CAN","0x0","接收成功","8","11 DA 19 84 38 12 21 1F"
"6313","11:12:26.466","标准帧","数据帧","CAN","0x201","发送成功","4","00 00 80 3F"
"6314","11:12:26.466","标准帧","数据帧","CAN","0x0","接收成功","8","11 DA 1B 84 58 11 21 1F"
"6315","11:12:26.466","标准帧","数据帧","CAN","0x201","发送成功","4","00 00 80 3F"
"6316","11:12:26.466","标准帧","数据帧","CAN","0x0","接收成功","8","11 DA 20 84 58 10 21 1F"
"6317","11:12:26.466","标准帧","数据帧","CAN","0x201","发送成功","4","00 00 80 3F"
"6318","11:12:26.466","标准帧","数据帧","CAN","0x0","接收成功","8","11 DA 22 84 58 10 21 1F"
"6319","11:12:26.466","标准帧","数据帧","CAN","0x201","发送成功","4","00 00 80 3F"
"6320","11:12:26.466","标准帧","数据帧","CAN","0x0","接收成功","8","11 DA 29 84 48 10 21 1F"
"6321","11:12:26.476","标准帧","数据帧","CAN","0x201","发送成功","4","00 00 80 3F"
"6322","11:12:26.476","标准帧","数据帧","CAN","0x0","接收成功","8","11 DA 31 84 68 0F 21 1F"
"6323","11:12:26.476","标准帧","数据帧","CAN","0x201","发送成功","4","00 00 80 3F"
"6324","11:12:26.476","标准帧","数据帧","CAN","0x0","接收成功","8","11 DA 32 84 68 0F 21 1F"
"6325","11:12:26.476","标准帧","数据帧","CAN","0x201","发送成功","4","00 00 80 3F"
"6326","11:12:26.476","标准帧","数据帧","CAN","0x0","接收成功","8","11 DA 37 84 48 0F 21 1F"
"6327","11:12:26.476","标准帧","数据帧","CAN","0x201","发送成功","4","00 00 80 3F"
"6328","11:12:26.476","标准帧","数据帧","CAN","0x0","接收成功","8","11 DA 38 84 48 10 21 1F"
"6329","11:12:26.476","标准帧","数据帧","CAN","0x201","发送成功","4","00 00 80 3F"
"6330","11:12:26.476","标准帧","数据帧","CAN","0x0","接收成功","8","11 DA 3E 84 28 11 21 1F"
"6331","11:12:26.476","标准帧","数据帧","CAN","0x201","发送成功","4","00 00 80 3F"
"6332","11:12:26.476","标准帧","数据帧","CAN","0x0","接收成功","8","11 DA 41 84 28 11 21 1F"
"6333","11:12:26.476","标准帧","数据帧","CAN","0x201","发送成功","4","00 00 80 3F"
"6334","11:12:26.476","标准帧","数据帧","CAN","0x0","接收成功","8","11 DA 48 84 28 11 21 1F"
"6335","11:12:26.487","标准帧","数据帧","CAN","0x201","发送成功","4","00 00 80 3F"
"6336","11:12:26.487","标准帧","数据帧","CAN","0x0","接收成功","8","11 DA 4A 84 38 12 21 1F"
"6337","11:12:26.487","标准帧","数据帧","CAN","0x201","发送成功","4","00 00 80 3F"
"6338","11:12:26.487","标准帧","数据帧","CAN","0x0","接收成功","8","11 DA 53 84 18 12 21 1F"
"6339","11:12:26.487","标准帧","数据帧","CAN","0x201","发送成功","4","00 00 80 3F"
"6340","11:12:26.487","标准帧","数据帧","CAN","0x0","接收成功","8","11 DA 59 84 18 12 21 1F"
"6341","11:12:26.487","标准帧","数据帧","CAN","0x201","发送成功","4","00 00 80 3F"
"6342","11:12:26.487","标准帧","数据帧","CAN","0x0","接收成功","8","11 DA 5C 84 28 12 21 1F"
"6343","11:12:26.498","标准帧","数据帧","CAN","0x201","发送成功","4","00 00 80 3F"
"6344","11:12:26.498","标准帧","数据帧","CAN","0x0","接收成功","8","11 DA 65 84 38 12 21 1F"
"6345","11:12:26.498","标准帧","数据帧","CAN","0x201","发送成功","4","00 00 80 3F"
"6346","11:12:26.498","标准帧","数据帧","CAN","0x0","接收成功","8","11 DA 6A 84 38 11 21 1F"
"6347","11:12:26.498","标准帧","数据帧","CAN","0x201","发送成功","4","00 00 80 3F"
"6348","11:12:26.498","标准帧","数据帧","CAN","0x0","接收成功","8","11 DA 6C 84 38 11 21 1F"
"6349","11:12:26.498","标准帧","数据帧","CAN","0x201","发送成功","4","00 00 80 3F"
"6350","11:12:26.498","标准帧","数据帧","CAN","0x0","接收成功","8","11 DA 72 84 58 10 21 1F"
"6351","11:12:26.498","标准帧","数据帧","CAN","0x201","发送成功","4","00 00 80 3F"
"6352","11:12:26.498","标准帧","数据帧","CAN","0x0","接收成功","8","11 DA 75 84 58 0F 21 1F"
"6353","11:12:26.498","标准帧","数据帧","CAN","0x201","发送成功","4","00 00 80 3F"
"6354","11:12:26.498","标准帧","数据帧","CAN","0x0","接收成功","8","11 DA 7A 84 48 0F 21 1F"
"6355","11:12:26.498","标准帧","数据帧","CAN","0x201","发送成功","4","00 00 80 3F"
"6356","11:12:26.498","标准帧","数据帧","CAN","0x0","接收成功","8","11 DA 7B 84 48 0F 21 1F"
"6357","11:12:26.508","标准帧","数据帧","CAN","0x201","发送成功","4","00 00 80 3F"
"6358","11:12:26.508","标准帧","数据帧","CAN","0x0","接收成功","8","11 DA 82 84 38 0E 21 1F"
"6359","11:12:26.508","标准帧","数据帧","CAN","0x201","发送成功","4","00 00 80 3F"
"6360","11:12:26.508","标准帧","数据帧","CAN","0x0","接收成功","8","11 DA 89 84 48 0E 21 1F"
"6361","11:12:26.508","标准帧","数据帧","CAN","0x201","发送成功","4","00 00 80 3F"
"6362","11:12:26.508","标准帧","数据帧","CAN","0x0","接收成功","8","11 DA 8C 84 48 0F 21 1F"
"6363","11:12:26.508","标准帧","数据帧","CAN","0x201","发送成功","4","00 00 80 3F"
"6364","11:12:26.508","标准帧","数据帧","CAN","0x0","接收成功","8","11 DA 92 84 38 10 21 1F"
"6365","11:12:26.561","标准帧","数据帧","CAN","0x201","发送成功","4","00 00 80 3F"
"6366","11:12:26.561","标准帧","数据帧","CAN","0x0","接收成功","8","11 DA 95 84 28 10 21 1F"
"6367","11:12:26.561","标准帧","数据帧","CAN","0x201","发送成功","4","00 00 80 3F"
"6368","11:12:26.561","标准帧","数据帧","CAN","0x0","接收成功","8","11 DA A5 84 18 13 21 1F"
"6369","11:12:26.561","标准帧","数据帧","CAN","0x201","发送成功","4","00 00 80 3F"
"6370","11:12:26.561","标准帧","数据帧","CAN","0x0","接收成功","8","11 DA A8 84 28 13 21 1F"
"6371","11:12:26.561","标准帧","数据帧","CAN","0x201","发送成功","4","00 00 80 3F"
"6372","11:12:26.561","标准帧","数据帧","CAN","0x0","接收成功","8","11 DA AC 84 38 13 21 1F"
"6373","11:12:26.561","标准帧","数据帧","CAN","0x201","发送成功","4","00 00 80 3F"
"6374","11:12:26.561","标准帧","数据帧","CAN","0x0","接收成功","8","11 DA B5 84 58 10 21 1F"
"6375","11:12:26.561","标准帧","数据帧","CAN","0x201","发送成功","4","00 00 80 3F"
"6376","11:12:26.561","标准帧","数据帧","CAN","0x0","接收成功","8","11 DA B7 84 78 10 21 1F"
"6377","11:12:26.561","标准帧","数据帧","CAN","0x201","发送成功","4","00 00 80 3F"
"6378","11:12:26.561","标准帧","数据帧","CAN","0x0","接收成功","8","11 DB 17 84 18 12 21 1F"
"6379","11:12:26.561","标准帧","数据帧","CAN","0x201","发送成功","4","00 00 80 3F"
"6380","11:12:26.561","标准帧","数据帧","CAN","0x0","接收成功","8","11 DB 20 84 18 14 21 1F"
"6381","11:12:26.572","标准帧","数据帧","CAN","0x201","发送成功","4","00 00 80 3F"
"6382","11:12:26.572","标准帧","数据帧","CAN","0x0","接收成功","8","11 DB 27 84 18 14 21 1F"
"6383","11:12:26.572","标准帧","数据帧","CAN","0x201","发送成功","4","00 00 80 3F"
"6384","11:12:26.572","标准帧","数据帧","CAN","0x0","接收成功","8","11 DB 29 84 28 15 21 1F"
"6385","11:12:26.572","标准帧","数据帧","CAN","0x201","发送成功","4","00 00 80 3F"
"6386","11:12:26.572","标准帧","数据帧","CAN","0x0","接收成功","8","11 DB 2F 84 28 13 21 1F"
"6387","11:12:26.572","标准帧","数据帧","CAN","0x201","发送成功","4","00 00 80 3F"
"6388","11:12:26.572","标准帧","数据帧","CAN","0x0","接收成功","8","11 DB 33 84 48 13 21 1F"
"6389","11:12:26.572","标准帧","数据帧","CAN","0x201","发送成功","4","00 00 80 3F"
"6390","11:12:26.572","标准帧","数据帧","CAN","0x0","接收成功","8","11 DB 39 84 68 10 21 1F"
"6391","11:12:26.572","标准帧","数据帧","CAN","0x201","发送成功","4","00 00 80 3F"
"6392","11:12:26.572","标准帧","数据帧","CAN","0x0","接收成功","8","11 DB 3C 84 78 10 21 1F"
"6393","11:12:26.572","标准帧","数据帧","CAN","0x201","发送成功","4","00 00 80 3F"
"6394","11:12:26.572","标准帧","数据帧","CAN","0x0","接收成功","8","11 DB 42 84 68 0F 21 1F"
"6395","11:12:26.582","标准帧","数据帧","CAN","0x201","发送成功","4","00 00 80 3F"
"6396","11:12:26.582","标准帧","数据帧","CAN","0x0","接收成功","8","11 DB 44 84 68 0E 21 1F"
"6397","11:12:26.582","标准帧","数据帧","CAN","0x201","发送成功","4","00 00 80 3F"
"6398","11:12:26.582","标准帧","数据帧","CAN","0x0","接收成功","8","11 DB 4D 84 18 10 21 1F"
"6399","11:12:26.582","标准帧","数据帧","CAN","0x201","发送成功","4","00 00 80 3F"
"6400","11:12:26.582","标准帧","数据帧","CAN","0x0","接收成功","8","11 DB 54 84 18 12 21 1F"
"6401","11:12:26.582","标准帧","数据帧","CAN","0x201","发送成功","4","00 00 80 3F"
"6402","11:12:26.582","标准帧","数据帧","CAN","0x0","接收成功","8","11 DB 56 84 18 12 21 1F"
"6403","11:12:26.582","标准帧","数据帧","CAN","0x201","发送成功","4","00 00 80 3F"
"6404","11:12:26.582","标准帧","数据帧","CAN","0x0","接收成功","8","11 DB 5C 84 18 13 21 1F"
"6405","11:12:26.593","标准帧","数据帧","CAN","0x201","发送成功","4","00 00 80 3F"
"6406","11:12:26.593","标准帧","数据帧","CAN","0x0","接收成功","8","11 DB 5F 84 28 13 21 1F"
"6407","11:12:26.593","标准帧","数据帧","CAN","0x201","发送成功","4","00 00 80 3F"
"6408","11:12:26.593","标准帧","数据帧","CAN","0x0","接收成功","8","11 DB 65 84 18 15 21 1F"
"6409","11:12:26.593","标准帧","数据帧","CAN","0x201","发送成功","4","00 00 80 3F"
"6410","11:12:26.593","标准帧","数据帧","CAN","0x0","接收成功","8","11 DB 67 84 18 15 21 1F"
"6411","11:12:26.593","标准帧","数据帧","CAN","0x201","发送成功","4","00 00 80 3F"
"6412","11:12:26.593","标准帧","数据帧","CAN","0x0","接收成功","8","11 DB 71 84 48 14 21 1F"
"6413","11:12:26.593","标准帧","数据帧","CAN","0x201","发送成功","4","00 00 80 3F"
"6414","11:12:26.593","标准帧","数据帧","CAN","0x0","接收成功","8","11 DB 77 84 58 11 21 1F"
"6415","11:12:26.593","标准帧","数据帧","CAN","0x201","发送成功","4","00 00 80 3F"
"6416","11:12:26.593","标准帧","数据帧","CAN","0x0","接收成功","8","11 DB 79 84 58 11 21 1F"
"6417","11:12:26.604","标准帧","数据帧","CAN","0x201","发送成功","4","00 00 80 3F"
"6418","11:12:26.604","标准帧","数据帧","CAN","0x0","接收成功","8","11 DB 7E 84 68 10 21 1F"
"6419","11:12:26.604","标准帧","数据帧","CAN","0x201","发送成功","4","00 00 80 3F"
"6420","11:12:26.604","标准帧","数据帧","CAN","0x0","接收成功","8","11 DB 85 84 68 0E 21 1F"
"6421","11:12:26.604","标准帧","数据帧","CAN","0x201","发送成功","4","00 00 80 3F"
"6422","11:12:26.604","标准帧","数据帧","CAN","0x0","接收成功","8","11 DB 8B 84 58 0F 21 1F"
"6423","11:12:26.604","标准帧","数据帧","CAN","0x201","发送成功","4","00 00 80 3F"
"6424","11:12:26.604","标准帧","数据帧","CAN","0x0","接收成功","8","11 DB 8D 84 58 0F 21 1F"
"6425","11:12:26.604","标准帧","数据帧","CAN","0x201","发送成功","4","00 00 80 3F"
"6426","11:12:26.604","标准帧","数据帧","CAN","0x0","接收成功","8","11 DB 93 84 38 0F 21 1F"
"6427","11:12:26.614","标准帧","数据帧","CAN","0x201","发送成功","4","00 00 80 3F"
"6428","11:12:26.614","标准帧","数据帧","CAN","0x0","接收成功","8","11 DB 96 84 38 10 21 1F"
"6429","11:12:26.614","标准帧","数据帧","CAN","0x201","发送成功","4","00 00 80 3F"
"6430","11:12:26.614","标准帧","数据帧","CAN","0x0","接收成功","8","11 DB 9B 84 28 12 21 1F"
"6431","11:12:26.614","标准帧","数据帧","CAN","0x201","发送成功","4","00 00 80 3F"
"6432","11:12:26.614","标准帧","数据帧","CAN","0x0","接收成功","8","11 DB A2 84 18 13 21 1F"
"6433","11:12:26.656","标准帧","数据帧","CAN","0x201","发送成功","4","00 00 80 3F"
"6434","11:12:26.656","标准帧","数据帧","CAN","0x0","接收成功","8","11 DB B6 84 58 13 21 1F"
"6435","11:12:26.656","标准帧","数据帧","CAN","0x201","发送成功","4","00 00 80 3F"
"6436","11:12:26.656","标准帧","数据帧","CAN","0x0","接收成功","8","11 DB B8 84 48 12 21 1F"
"6437","11:12:26.656","标准帧","数据帧","CAN","0x201","发送成功","4","00 00 80 3F"
"6438","11:12:26.656","标准帧","数据帧","CAN","0x0","接收成功","8","11 DB BF 84 48 11 21 1F"
"6439","11:12:26.656","标准帧","数据帧","CAN","0x201","发送成功","4","00 00 80 3F"
"6440","11:12:26.656","标准帧","数据帧","CAN","0x0","接收成功","8","11 DB C3 84 38 11 21 1F"
"6441","11:12:26.666","标准帧","数据帧","CAN","0x201","发送成功","4","00 00 80 3F"
"6442","11:12:26.666","标准帧","数据帧","CAN","0x0","接收成功","8","11 DC 23 84 68 11 21 1F"
"6443","11:12:26.666","标准帧","数据帧","CAN","0x201","发送成功","4","00 00 80 3F"
"6444","11:12:26.666","标准帧","数据帧","CAN","0x0","接收成功","8","11 DC 2A 84 48 11 21 1F"
"6445","11:12:26.666","标准帧","数据帧","CAN","0x201","发送成功","4","00 00 80 3F"
"6446","11:12:26.666","标准帧","数据帧","CAN","0x0","接收成功","8","11 DC 2F 84 38 11 21 1F"
"6447","11:12:26.666","标准帧","数据帧","CAN","0x201","发送成功","4","00 00 80 3F"
"6448","11:12:26.666","标准帧","数据帧","CAN","0x0","接收成功","8","11 DC 32 84 38 12 21 1F"
"6449","11:12:26.666","标准帧","数据帧","CAN","0x201","发送成功","4","00 00 80 3F"
"6450","11:12:26.666","标准帧","数据帧","CAN","0x0","接收成功","8","11 DC 3A 84 18 14 21 1F"
"6451","11:12:26.677","标准帧","数据帧","CAN","0x201","发送成功","4","00 00 80 3F"
"6452","11:12:26.677","标准帧","数据帧","CAN","0x0","接收成功","8","11 DC 3C 84 18 14 21 1F"
"6453","11:12:26.677","标准帧","数据帧","CAN","0x201","发送成功","4","00 00 80 3F"
"6454","11:12:26.677","标准帧","数据帧","CAN","0x0","接收成功","8","11 DC 41 84 28 13 21 1F"
"6455","11:12:26.677","标准帧","数据帧","CAN","0x201","发送成功","4","00 00 80 3F"
"6456","11:12:26.677","标准帧","数据帧","CAN","0x0","接收成功","8","11 DC 42 84 28 13 21 1F"
"6457","11:12:26.677","标准帧","数据帧","CAN","0x201","发送成功","4","00 00 80 3F"
"6458","11:12:26.677","标准帧","数据帧","CAN","0x0","接收成功","8","11 DC 47 84 38 13 21 1F"
"6459","11:12:26.677","标准帧","数据帧","CAN","0x201","发送成功","4","00 00 80 3F"
"6460","11:12:26.677","标准帧","数据帧","CAN","0x0","接收成功","8","11 DC 52 84 58 10 21 1F"
"6461","11:12:26.677","标准帧","数据帧","CAN","0x201","发送成功","4","00 00 80 3F"
"6462","11:12:26.677","标准帧","数据帧","CAN","0x0","接收成功","8","11 DC 58 84 68 0F 21 1F"
"6463","11:12:26.688","标准帧","数据帧","CAN","0x201","发送成功","4","00 00 80 3F"
"6464","11:12:26.688","标准帧","数据帧","CAN","0x0","接收成功","8","11 DC 5A 84 68 0E 21 1F"
"6465","11:12:26.688","标准帧","数据帧","CAN","0x201","发送成功","4","00 00 80 3F"
"6466","11:12:26.688","标准帧","数据帧","CAN","0x0","接收成功","8","11 DC 5F 84 68 0E 21 1F"
"6467","11:12:26.688","标准帧","数据帧","CAN","0x201","发送成功","4","00 00 80 3F"
"6468","11:12:26.688","标准帧","数据帧","CAN","0x0","接收成功","8","11 DC 61 84 68 0E 21 1F"
"6469","11:12:26.688","标准帧","数据帧","CAN","0x201","发送成功","4","00 00 80 3F"
"6470","11:12:26.688","标准帧","数据帧","CAN","0x0","接收成功","8","11 DC 66 84 48 0E 21 1F"
"6471","11:12:26.688","标准帧","数据帧","CAN","0x201","发送成功","4","00 00 80 3F"
"6472","11:12:26.688","标准帧","数据帧","CAN","0x0","接收成功","8","11 DC 67 84 48 0F 21 1F"
"6473","11:12:26.688","标准帧","数据帧","CAN","0x201","发送成功","4","00 00 80 3F"
"6474","11:12:26.688","标准帧","数据帧","CAN","0x0","接收成功","8","11 DC 6C 84 38 0F 21 1F"
"6475","11:12:26.688","标准帧","数据帧","CAN","0x201","发送成功","4","00 00 80 3F"
"6476","11:12:26.688","标准帧","数据帧","CAN","0x0","接收成功","8","11 DC 6D 84 38 0F 21 1F"
"6477","11:12:26.688","标准帧","数据帧","CAN","0x201","发送成功","4","00 00 80 3F"
"6478","11:12:26.688","标准帧","数据帧","CAN","0x0","接收成功","8","11 DC 71 84 38 11 21 1F"
"6479","11:12:26.688","标准帧","数据帧","CAN","0x201","发送成功","4","00 00 80 3F"
"6480","11:12:26.688","标准帧","数据帧","CAN","0x0","接收成功","8","11 DC 72 84 38 11 21 1F"
"6481","11:12:26.699","标准帧","数据帧","CAN","0x201","发送成功","4","00 00 80 3F"
"6482","11:12:26.699","标准帧","数据帧","CAN","0x0","接收成功","8","11 DC 78 84 28 14 21 1F"
"6483","11:12:26.699","标准帧","数据帧","CAN","0x201","发送成功","4","00 00 80 3F"
"6484","11:12:26.699","标准帧","数据帧","CAN","0x0","接收成功","8","11 DC 7E 84 18 14 21 1F"
"6485","11:12:26.699","标准帧","数据帧","CAN","0x201","发送成功","4","00 00 80 3F"
"6486","11:12:26.699","标准帧","数据帧","CAN","0x0","接收成功","8","11 DC 81 84 08 14 21 1F"
"6487","11:12:26.699","标准帧","数据帧","CAN","0x201","发送成功","4","00 00 80 3F"
"6488","11:12:26.699","标准帧","数据帧","CAN","0x0","接收成功","8","11 DC 87 84 38 15 21 1F"
"6489","11:12:26.720","标准帧","数据帧","CAN","0x201","发送成功","4","00 00 80 3F"
"6490","11:12:26.720","标准帧","数据帧","CAN","0x0","接收成功","8","11 DC 8A 84 48 13 21 1F"
"6491","11:12:26.720","标准帧","数据帧","CAN","0x201","发送成功","4","00 00 80 3F"
"6492","11:12:26.720","标准帧","数据帧","CAN","0x0","接收成功","8","11 DC 93 84 58 11 21 1F"
"6493","11:12:26.720","标准帧","数据帧","CAN","0x201","发送成功","4","00 00 80 3F"
"6494","11:12:26.720","标准帧","数据帧","CAN","0x0","接收成功","8","11 DC 95 84 58 11 21 1F"
"6495","11:12:26.720","标准帧","数据帧","CAN","0x201","发送成功","4","00 00 80 3F"
"6496","11:12:26.720","标准帧","数据帧","CAN","0x0","接收成功","8","11 DC 9D 84 58 0F 21 1F"
"6497","11:12:26.720","标准帧","数据帧","CAN","0x201","发送成功","4","00 00 80 3F"
"6498","11:12:26.720","标准帧","数据帧","CAN","0x0","接收成功","8","11 DC A1 84 48 0F 21 1F"
"6499","11:12:26.720","标准帧","数据帧","CAN","0x201","发送成功","4","00 00 80 3F"
"6500","11:12:26.720","标准帧","数据帧","CAN","0x0","接收成功","8","11 DC A9 84 38 11 21 1F"
"6501","11:12:26.720","标准帧","数据帧","CAN","0x201","发送成功","4","00 00 80 3F"
"6502","11:12:26.720","标准帧","数据帧","CAN","0x0","接收成功","8","11 DC BB 84 08 14 21 1F"
"6503","11:12:26.720","标准帧","数据帧","CAN","0x201","发送成功","4","00 00 80 3F"
"6504","11:12:26.720","标准帧","数据帧","CAN","0x0","接收成功","8","11 DC BF 84 18 15 21 1F"
"6505","11:12:26.720","标准帧","数据帧","CAN","0x201","发送成功","4","00 00 80 3F"
"6506","11:12:26.720","标准帧","数据帧","CAN","0x0","接收成功","8","11 DC C2 84 28 15 21 1F"
"6507","11:12:26.761","标准帧","数据帧","CAN","0x201","发送成功","4","00 00 80 3F"
"6508","11:12:26.761","标准帧","数据帧","CAN","0x0","接收成功","8","11 DC C7 84 28 13 21 1F"
"6509","11:12:26.771","标准帧","数据帧","CAN","0x201","发送成功","4","00 00 80 3F"
"6510","11:12:26.771","标准帧","数据帧","CAN","0x0","接收成功","8","11 DC CE 84 48 12 21 1F"
"6511","11:12:26.771","标准帧","数据帧","CAN","0x201","发送成功","4","00 00 80 3F"
"6512","11:12:26.771","标准帧","数据帧","CAN","0x0","接收成功","8","11 DD 27 84 48 10 21 1F"
"6513","11:12:26.771","标准帧","数据帧","CAN","0x201","发送成功","4","00 00 80 3F"
"6514","11:12:26.771","标准帧","数据帧","CAN","0x0","接收成功","8","11 DD 2B 84 48 11 21 1F"
"6515","11:12:26.771","标准帧","数据帧","CAN","0x201","发送成功","4","00 00 80 3F"
"6516","11:12:26.771","标准帧","数据帧","CAN","0x0","接收成功","8","11 DD 31 84 28 11 21 1F"
"6517","11:12:26.771","标准帧","数据帧","CAN","0x201","发送成功","4","00 00 80 3F"
"6518","11:12:26.771","标准帧","数据帧","CAN","0x0","接收成功","8","11 DD 34 84 48 12 21 1F"
"6519","11:12:26.771","标准帧","数据帧","CAN","0x201","发送成功","4","00 00 80 3F"
"6520","11:12:26.771","标准帧","数据帧","CAN","0x0","接收成功","8","11 DD 38 84 48 11 21 1F"
"6521","11:12:26.771","标准帧","数据帧","CAN","0x201","发送成功","4","00 00 80 3F"
"6522","11:12:26.771","标准帧","数据帧","CAN","0x0","接收成功","8","11 DD 39 84 48 11 21 1F"
"6523","11:12:26.771","标准帧","数据帧","CAN","0x201","发送成功","4","00 00 80 3F"
"6524","11:12:26.771","标准帧","数据帧","CAN","0x0","接收成功","8","11 DD 43 84 28 11 21 1F"
"6525","11:12:26.771","标准帧","数据帧","CAN","0x201","发送成功","4","00 00 80 3F"
"6526","11:12:26.771","标准帧","数据帧","CAN","0x0","接收成功","8","11 DD 46 84 38 11 21 1F"
"6527","11:12:26.771","标准帧","数据帧","CAN","0x201","发送成功","4","00 00 80 3F"
"6528","11:12:26.771","标准帧","数据帧","CAN","0x0","接收成功","8","11 DD 4D 84 48 11 21 1F"
"6529","11:12:26.782","标准帧","数据帧","CAN","0x201","发送成功","4","00 00 80 3F"
"6530","11:12:26.782","标准帧","数据帧","CAN","0x0","接收成功","8","11 DD 4F 84 38 11 21 1F"
"6531","11:12:26.782","标准帧","数据帧","CAN","0x201","发送成功","4","00 00 80 3F"
"6532","11:12:26.782","标准帧","数据帧","CAN","0x0","接收成功","8","11 DD 56 84 38 10 21 1F"
"6533","11:12:26.782","标准帧","数据帧","CAN","0x201","发送成功","4","00 00 80 3F"
"6534","11:12:26.782","标准帧","数据帧","CAN","0x0","接收成功","8","11 DD 59 84 48 10 21 1F"
"6535","11:12:26.782","标准帧","数据帧","CAN","0x201","发送成功","4","00 00 80 3F"
"6536","11:12:26.782","标准帧","数据帧","CAN","0x0","接收成功","8","11 DD 5F 84 48 10 21 1F"
"6537","11:12:26.782","标准帧","数据帧","CAN","0x201","发送成功","4","00 00 80 3F"
"6538","11:12:26.782","标准帧","数据帧","CAN","0x0","接收成功","8","11 DD 61 84 48 10 21 1F"
"6539","11:12:26.782","标准帧","数据帧","CAN","0x201","发送成功","4","00 00 80 3F"
"6540","11:12:26.782","标准帧","数据帧","CAN","0x0","接收成功","8","11 DD 66 84 48 0F 21 1F"
"6541","11:12:26.782","标准帧","数据帧","CAN","0x201","发送成功","4","00 00 80 3F"
"6542","11:12:26.782","标准帧","数据帧","CAN","0x0","接收成功","8","11 DD 69 84 48 0F 21 1F"
"6543","11:12:26.782","标准帧","数据帧","CAN","0x201","发送成功","4","00 00 80 3F"
"6544","11:12:26.782","标准帧","数据帧","CAN","0x0","接收成功","8","11 DD 6F 84 28 11 21 1F"
"6545","11:12:26.792","标准帧","数据帧","CAN","0x201","发送成功","4","00 00 80 3F"
"6546","11:12:26.792","标准帧","数据帧","CAN","0x0","接收成功","8","11 DD 71 84 28 11 21 1F"
"6547","11:12:26.792","标准帧","数据帧","CAN","0x201","发送成功","4","00 00 80 3F"
"6548","11:12:26.792","标准帧","数据帧","CAN","0x0","接收成功","8","11 DD 77 84 38 12 21 1F"
"6549","11:12:26.792","标准帧","数据帧","CAN","0x201","发送成功","4","00 00 80 3F"
"6550","11:12:26.792","标准帧","数据帧","CAN","0x0","接收成功","8","11 DD 7D 84 28 11 21 1F"
"6551","11:12:26.792","标准帧","数据帧","CAN","0x201","发送成功","4","00 00 80 3F"
"6552","11:12:26.792","标准帧","数据帧","CAN","0x0","接收成功","8","11 DD 82 84 28 12 21 1F"
"6553","11:12:26.792","标准帧","数据帧","CAN","0x201","发送成功","4","00 00 80 3F"
"6554","11:12:26.792","标准帧","数据帧","CAN","0x0","接收成功","8","11 DD 87 84 28 13 21 1F"
"6555","11:12:26.813","标准帧","数据帧","CAN","0x201","发送成功","4","00 00 80 3F"
"6556","11:12:26.813","标准帧","数据帧","CAN","0x0","接收成功","8","11 DD 88 84 28 13 21 1F"
"6557","11:12:26.813","标准帧","数据帧","CAN","0x201","发送成功","4","00 00 80 3F"
"6558","11:12:26.813","标准帧","数据帧","CAN","0x0","接收成功","8","11 DD 8D 84 38 13 21 1F"
"6559","11:12:26.813","标准帧","数据帧","CAN","0x201","发送成功","4","00 00 80 3F"
"6560","11:12:26.813","标准帧","数据帧","CAN","0x0","接收成功","8","11 DD 8E 84 38 13 21 1F"
"6561","11:12:26.813","标准帧","数据帧","CAN","0x201","发送成功","4","00 00 80 3F"
"6562","11:12:26.813","标准帧","数据帧","CAN","0x0","接收成功","8","11 DD 96 84 28 13 21 1F"
"6563","11:12:26.813","标准帧","数据帧","CAN","0x201","发送成功","4","00 00 80 3F"
"6564","11:12:26.813","标准帧","数据帧","CAN","0x0","接收成功","8","11 DD 9D 84 48 13 21 1F"
"6565","11:12:26.813","标准帧","数据帧","CAN","0x201","发送成功","4","00 00 80 3F"
"6566","11:12:26.813","标准帧","数据帧","CAN","0x0","接收成功","8","11 DD A1 84 48 11 21 1F"
"6567","11:12:26.813","标准帧","数据帧","CAN","0x201","发送成功","4","00 00 80 3F"
"6568","11:12:26.813","标准帧","数据帧","CAN","0x0","接收成功","8","11 DD A5 84 48 11 21 1F"
"6569","11:12:26.824","标准帧","数据帧","CAN","0x201","发送成功","4","00 00 80 3F"
"6570","11:12:26.824","标准帧","数据帧","CAN","0x0","接收成功","8","11 DD A7 84 58 10 21 1F"
"6571","11:12:26.824","标准帧","数据帧","CAN","0x201","发送成功","4","00 00 80 3F"
"6572","11:12:26.824","标准帧","数据帧","CAN","0x0","接收成功","8","11 DD B0 84 58 10 21 1F"
"6573","11:12:26.856","标准帧","数据帧","CAN","0x201","发送成功","4","00 00 80 3F"
"6574","11:12:26.856","标准帧","数据帧","CAN","0x0","接收成功","8","11 DD C3 84 38 10 21 1F"
"6575","11:12:26.856","标准帧","数据帧","CAN","0x201","发送成功","4","00 00 80 3F"
"6576","11:12:26.856","标准帧","数据帧","CAN","0x0","接收成功","8","11 DD CA 84 28 11 21 1F"
"6577","11:12:26.856","标准帧","数据帧","CAN","0x201","发送成功","4","00 00 80 3F"
"6578","11:12:26.856","标准帧","数据帧","CAN","0x0","接收成功","8","11 DD CD 84 08 12 21 1F"
"6579","11:12:26.856","标准帧","数据帧","CAN","0x201","发送成功","4","00 00 80 3F"
"6580","11:12:26.856","标准帧","数据帧","CAN","0x0","接收成功","8","11 DE 29 84 58 12 21 1F"
"6581","11:12:26.866","标准帧","数据帧","CAN","0x201","发送成功","4","00 00 80 3F"
"6582","11:12:26.866","标准帧","数据帧","CAN","0x0","接收成功","8","11 DE 2E 84 78 11 21 1F"
"6583","11:12:26.866","标准帧","数据帧","CAN","0x201","发送成功","4","00 00 80 3F"
"6584","11:12:26.866","标准帧","数据帧","CAN","0x0","接收成功","8","11 DE 35 84 78 0E 21 1F"
"6585","11:12:26.866","标准帧","数据帧","CAN","0x201","发送成功","4","00 00 80 3F"
"6586","11:12:26.866","标准帧","数据帧","CAN","0x0","接收成功","8","11 DE 36 84 78 0E 21 1F"
"6587","11:12:26.866","标准帧","数据帧","CAN","0x201","发送成功","4","00 00 80 3F"
"6588","11:12:26.866","标准帧","数据帧","CAN","0x0","接收成功","8","11 DE 3A 84 68 0D 21 1F"
"6589","11:12:26.866","标准帧","数据帧","CAN","0x201","发送成功","4","00 00 80 3F"
"6590","11:12:26.866","标准帧","数据帧","CAN","0x0","接收成功","8","11 DE 3C 84 58 0D 21 1F"
"6591","11:12:26.866","标准帧","数据帧","CAN","0x201","发送成功","4","00 00 80 3F"
"6592","11:12:26.866","标准帧","数据帧","CAN","0x0","接收成功","8","11 DE 42 84 48 0D 21 1F"
"6593","11:12:26.866","标准帧","数据帧","CAN","0x201","发送成功","4","00 00 80 3F"
"6594","11:12:26.866","标准帧","数据帧","CAN","0x0","接收成功","8","11 DE 47 84 38 0E 21 1F"
"6595","11:12:26.876","标准帧","数据帧","CAN","0x201","发送成功","4","00 00 80 3F"
"6596","11:12:26.876","标准帧","数据帧","CAN","0x0","接收成功","8","11 DE 4D 84 28 0F 21 1F"
"6597","11:12:26.876","标准帧","数据帧","CAN","0x201","发送成功","4","00 00 80 3F"
"6598","11:12:26.876","标准帧","数据帧","CAN","0x0","接收成功","8","11 DE 4F 84 18 10 21 1F"
"6599","11:12:26.876","标准帧","数据帧","CAN","0x201","发送成功","4","00 00 80 3F"
"6600","11:12:26.876","标准帧","数据帧","CAN","0x0","接收成功","8","11 DE 53 84 08 12 21 1F"
"6601","11:12:26.876","标准帧","数据帧","CAN","0x201","发送成功","4","00 00 80 3F"
"6602","11:12:26.876","标准帧","数据帧","CAN","0x0","接收成功","8","11 DE 55 84 18 13 21 1F"
"6603","11:12:26.876","标准帧","数据帧","CAN","0x201","发送成功","4","00 00 80 3F"
"6604","11:12:26.876","标准帧","数据帧","CAN","0x0","接收成功","8","11 DE 5D 84 08 14 21 1F"
"6605","11:12:26.876","标准帧","数据帧","CAN","0x201","发送成功","4","00 00 80 3F"
"6606","11:12:26.876","标准帧","数据帧","CAN","0x0","接收成功","8","11 DE 60 84 28 15 21 1F"
"6607","11:12:26.876","标准帧","数据帧","CAN","0x201","发送成功","4","00 00 80 3F"
"6608","11:12:26.876","标准帧","数据帧","CAN","0x0","接收成功","8","11 DE 65 84 28 13 21 1F"
"6609","11:12:26.897","标准帧","数据帧","CAN","0x201","发送成功","4","00 00 80 3F"
"6610","11:12:26.897","标准帧","数据帧","CAN","0x0","接收成功","8","11 DE 67 84 28 13 21 1F"
"6611","11:12:26.897","标准帧","数据帧","CAN","0x201","发送成功","4","00 00 80 3F"
"6612","11:12:26.897","标准帧","数据帧","CAN","0x0","接收成功","8","11 DE 6F 84 48 11 21 1F"
"6613","11:12:26.897","标准帧","数据帧","CAN","0x201","发送成功","4","00 00 80 3F"
"6614","11:12:26.897","标准帧","数据帧","CAN","0x0","接收成功","8","11 DE 74 84 58 10 21 1F"
"6615","11:12:26.897","标准帧","数据帧","CAN","0x201","发送成功","4","00 00 80 3F"
"6616","11:12:26.897","标准帧","数据帧","CAN","0x0","接收成功","8","11 DE 77 84 68 10 21 1F"
"6617","11:12:26.897","标准帧","数据帧","CAN","0x201","发送成功","4","00 00 80 3F"
"6618","11:12:26.897","标准帧","数据帧","CAN","0x0","接收成功","8","11 DE 7C 84 68 0E 21 1F"
"6619","11:12:26.897","标准帧","数据帧","CAN","0x201","发送成功","4","00 00 80 3F"
"6620","11:12:26.897","标准帧","数据帧","CAN","0x0","接收成功","8","11 DE 7E 84 58 0E 21 1F"
"6621","11:12:26.908","标准帧","数据帧","CAN","0x201","发送成功","4","00 00 80 3F"
"6622","11:12:26.908","标准帧","数据帧","CAN","0x0","接收成功","8","11 DE 84 84 48 0F 21 1F"
"6623","11:12:26.908","标准帧","数据帧","CAN","0x201","发送成功","4","00 00 80 3F"
"6624","11:12:26.908","标准帧","数据帧","CAN","0x0","接收成功","8","11 DE 8D 84 28 12 21 1F"
"6625","11:12:26.908","标准帧","数据帧","CAN","0x201","发送成功","4","00 00 80 3F"
"6626","11:12:26.908","标准帧","数据帧","CAN","0x0","接收成功","8","11 DE 8F 84 08 12 21 1F"
"6627","11:12:26.908","标准帧","数据帧","CAN","0x201","发送成功","4","00 00 80 3F"
"6628","11:12:26.908","标准帧","数据帧","CAN","0x0","接收成功","8","11 DE 96 84 28 13 21 1F"
"6629","11:12:26.919","标准帧","数据帧","CAN","0x201","发送成功","4","00 00 80 3F"
"6630","11:12:26.919","标准帧","数据帧","CAN","0x0","接收成功","8","11 DE 9E 84 28 16 21 1F"
"6631","11:12:26.919","标准帧","数据帧","CAN","0x201","发送成功","4","00 00 80 3F"
"6632","11:12:26.919","标准帧","数据帧","CAN","0x0","接收成功","8","11 DE A4 84 48 14 21 1F"
"6633","11:12:26.919","标准帧","数据帧","CAN","0x201","发送成功","4","00 00 80 3F"
"6634","11:12:26.919","标准帧","数据帧","CAN","0x0","接收成功","8","11 DE A8 84 38 14 21 1F"
"6635","11:12:26.919","标准帧","数据帧","CAN","0x201","发送成功","4","00 00 80 3F"
"6636","11:12:26.919","标准帧","数据帧","CAN","0x0","接收成功","8","11 DE AD 84 58 12 21 1F"
"6637","11:12:26.919","标准帧","数据帧","CAN","0x201","发送成功","4","00 00 80 3F"
"6638","11:12:26.919","标准帧","数据帧","CAN","0x0","接收成功","8","11 DE B0 84 58 11 21 1F"
"6639","11:12:26.919","标准帧","数据帧","CAN","0x201","发送成功","4","00 00 80 3F"
"6640","11:12:26.919","标准帧","数据帧","CAN","0x0","接收成功","8","11 DE B6 84 58 10 21 1F"
"6641","11:12:26.919","标准帧","数据帧","CAN","0x201","发送成功","4","00 00 80 3F"
"6642","11:12:26.919","标准帧","数据帧","CAN","0x0","接收成功","8","11 DE C3 84 58 0E 21 1F"
"6643","11:12:26.919","标准帧","数据帧","CAN","0x201","发送成功","4","00 00 80 3F"
"6644","11:12:26.919","标准帧","数据帧","CAN","0x0","接收成功","8","11 DE C9 84 28 0F 21 1F"
"6645","11:12:26.919","标准帧","数据帧","CAN","0x201","发送成功","4","00 00 80 3F"
"6646","11:12:26.919","标准帧","数据帧","CAN","0x0","接收成功","8","11 DE D2 84 38 10 21 1F"
"6647","11:12:26.951","标准帧","数据帧","CAN","0x201","发送成功","4","00 00 80 3F"
"6648","11:12:26.951","标准帧","数据帧","CAN","0x0","接收成功","8","11 DE D4 84 28 11 21 1F"
"6649","11:12:26.962","标准帧","数据帧","CAN","0x201","发送成功","4","00 00 80 3F"
"6650","11:12:26.962","标准帧","数据帧","CAN","0x0","接收成功","8","11 DE DC 84 18 12 21 1F"
"6651","11:12:26.962","标准帧","数据帧","CAN","0x201","发送成功","4","00 00 80 3F"
"6652","11:12:26.962","标准帧","数据帧","CAN","0x0","接收成功","8","11 DF 2E 84 28 12 21 1F"
"6653","11:12:26.962","标准帧","数据帧","CAN","0x201","发送成功","4","00 00 80 3F"
"6654","11:12:26.962","标准帧","数据帧","CAN","0x0","接收成功","8","11 DF 31 84 38 13 21 1F"
"6655","11:12:26.962","标准帧","数据帧","CAN","0x201","发送成功","4","00 00 80 3F"
"6656","11:12:26.962","标准帧","数据帧","CAN","0x0","接收成功","8","11 DF 3B 84 48 13 21 1F"
"6657","11:12:26.962","标准帧","数据帧","CAN","0x201","发送成功","4","00 00 80 3F"
"6658","11:12:26.962","标准帧","数据帧","CAN","0x0","接收成功","8","11 DF 3D 84 38 12 21 1F"
"6659","11:12:26.973","标准帧","数据帧","CAN","0x201","发送成功","4","00 00 80 3F"
"6660","11:12:26.973","标准帧","数据帧","CAN","0x0","接收成功","8","11 DF 44 84 48 11 21 1F"
"6661","11:12:26.973","标准帧","数据帧","CAN","0x201","发送成功","4","00 00 80 3F"
"6662","11:12:26.973","标准帧","数据帧","CAN","0x0","接收成功","8","11 DF 47 84 48 11 21 1F"
"6663","11:12:26.973","标准帧","数据帧","CAN","0x201","发送成功","4","00 00 80 3F"
"6664","11:12:26.973","标准帧","数据帧","CAN","0x0","接收成功","8","11 DF 4F 84 58 10 21 1F"
"6665","11:12:26.973","标准帧","数据帧","CAN","0x201","发送成功","4","00 00 80 3F"
"6666","11:12:26.973","标准帧","数据帧","CAN","0x0","接收成功","8","11 DF 52 84 48 0F 21 1F"
"6667","11:12:26.973","标准帧","数据帧","CAN","0x201","发送成功","4","00 00 80 3F"
"6668","11:12:26.973","标准帧","数据帧","CAN","0x0","接收成功","8","11 DF 58 84 58 0F 21 1F"
"6669","11:12:26.983","标准帧","数据帧","CAN","0x201","发送成功","4","00 00 80 3F"
"6670","11:12:26.983","标准帧","数据帧","CAN","0x0","接收成功","8","11 DF 5B 84 58 0F 21 1F"
"6671","11:12:26.983","标准帧","数据帧","CAN","0x201","发送成功","4","00 00 80 3F"
"6672","11:12:26.983","标准帧","数据帧","CAN","0x0","接收成功","8","11 DF 63 84 38 11 21 1F"
"6673","11:12:26.983","标准帧","数据帧","CAN","0x201","发送成功","4","00 00 80 3F"
"6674","11:12:26.983","标准帧","数据帧","CAN","0x0","接收成功","8","11 DF 65 84 48 11 21 1F"
"6675","11:12:26.983","标准帧","数据帧","CAN","0x201","发送成功","4","00 00 80 3F"
"6676","11:12:26.983","标准帧","数据帧","CAN","0x0","接收成功","8","11 DF 6A 84 28 11 21 1F"
"6677","11:12:26.983","标准帧","数据帧","CAN","0x201","发送成功","4","00 00 80 3F"
"6678","11:12:26.983","标准帧","数据帧","CAN","0x0","接收成功","8","11 DF 6D 84 08 13 21 1F"
"6679","11:12:26.983","标准帧","数据帧","CAN","0x201","发送成功","4","00 00 80 3F"
"6680","11:12:26.983","标准帧","数据帧","CAN","0x0","接收成功","8","11 DF 74 84 08 15 21 1F"
"6681","11:12:26.994","标准帧","数据帧","CAN","0x201","发送成功","4","00 00 80 3F"
"6682","11:12:26.994","标准帧","数据帧","CAN","0x0","接收成功","8","11 DF 78 84 18 15 21 1F"
"6683","11:12:26.994","标准帧","数据帧","CAN","0x201","发送成功","4","00 00 80 3F"
"6684","11:12:26.994","标准帧","数据帧","CAN","0x0","接收成功","8","11 DF 7E 84 48 14 21 1F"
"6685","11:12:26.994","标准帧","数据帧","CAN","0x201","发送成功","4","00 00 80 3F"
"6686","11:12:26.994","标准帧","数据帧","CAN","0x0","接收成功","8","11 DF 80 84 48 13 21 1F"
"6687","11:12:26.994","标准帧","数据帧","CAN","0x201","发送成功","4","00 00 80 3F"
"6688","11:12:26.994","标准帧","数据帧","CAN","0x0","接收成功","8","11 DF 87 84 58 11 21 1F"
"6689","11:12:26.994","标准帧","数据帧","CAN","0x201","发送成功","4","00 00 80 3F"
"6690","11:12:26.994","标准帧","数据帧","CAN","0x0","接收成功","8","11 DF 8E 84 78 0F 21 1F"
"6691","11:12:27.005","标准帧","数据帧","CAN","0x201","发送成功","4","00 00 80 3F"
"6692","11:12:27.005","标准帧","数据帧","CAN","0x0","接收成功","8","11 DF 97 84 58 0E 21 1F"
"6693","11:12:27.005","标准帧","数据帧","CAN","0x201","发送成功","4","00 00 80 3F"
"6694","11:12:27.005","标准帧","数据帧","CAN","0x0","接收成功","8","11 DF 99 84 58 0E 21 1F"
"6695","11:12:27.005","标准帧","数据帧","CAN","0x201","发送成功","4","00 00 80 3F"
"6696","11:12:27.005","标准帧","数据帧","CAN","0x0","接收成功","8","11 DF 9E 84 48 0E 21 1F"
"6697","11:12:27.005","标准帧","数据帧","CAN","0x201","发送成功","4","00 00 80 3F"
"6698","11:12:27.005","标准帧","数据帧","CAN","0x0","接收成功","8","11 DF A0 84 48 0E 21 1F"
"6699","11:12:27.005","标准帧","数据帧","CAN","0x201","发送成功","4","00 00 80 3F"
"6700","11:12:27.005","标准帧","数据帧","CAN","0x0","接收成功","8","11 DF A6 84 28 0F 21 1F"
"6701","11:12:27.005","标准帧","数据帧","CAN","0x201","发送成功","4","00 00 80 3F"
"6702","11:12:27.005","标准帧","数据帧","CAN","0x0","接收成功","8","11 DF AD 84 08 13 21 1F"
"6703","11:12:27.005","标准帧","数据帧","CAN","0x201","发送成功","4","00 00 80 3F"
"6704","11:12:27.005","标准帧","数据帧","CAN","0x0","接收成功","8","11 DF AE 84 08 13 21 1F"
"6705","11:12:27.015","标准帧","数据帧","CAN","0x201","发送成功","4","00 00 80 3F"
"6706","11:12:27.015","标准帧","数据帧","CAN","0x0","接收成功","8","11 DF B1 83 F8 14 21 1F"
"6707","11:12:27.015","标准帧","数据帧","CAN","0x201","发送成功","4","00 00 80 3F"
"6708","11:12:27.015","标准帧","数据帧","CAN","0x0","接收成功","8","11 DF B3 83 F8 14 21 1F"
"6709","11:12:27.015","标准帧","数据帧","CAN","0x201","发送成功","4","00 00 80 3F"
"6710","11:12:27.015","标准帧","数据帧","CAN","0x0","接收成功","8","11 DF BA 84 18 16 21 1F"
"6711","11:12:27.058","标准帧","数据帧","CAN","0x201","发送成功","4","00 00 80 3F"
"6712","11:12:27.058","标准帧","数据帧","CAN","0x0","接收成功","8","11 DF CC 84 68 11 21 1F"
"6713","11:12:27.058","标准帧","数据帧","CAN","0x201","发送成功","4","00 00 80 3F"
"6714","11:12:27.058","标准帧","数据帧","CAN","0x0","接收成功","8","11 DF D1 84 78 0F 21 1F"
"6715","11:12:27.058","标准帧","数据帧","CAN","0x201","发送成功","4","00 00 80 3F"
"6716","11:12:27.058","标准帧","数据帧","CAN","0x0","接收成功","8","11 DF D4 84 68 0F 21 1F"
"6717","11:12:27.058","标准帧","数据帧","CAN","0x201","发送成功","4","00 00 80 3F"
"6718","11:12:27.058","标准帧","数据帧","CAN","0x0","接收成功","8","11 DF D9 84 58 0E 21 1F"
"6719","11:12:27.058","标准帧","数据帧","CAN","0x201","发送成功","4","00 00 80 3F"
"6720","11:12:27.058","标准帧","数据帧","CAN","0x0","接收成功","8","11 DF DD 84 48 0F 21 1F"
"6721","11:12:27.058","标准帧","数据帧","CAN","0x201","发送成功","4","00 00 80 3F"
"6722","11:12:27.058","标准帧","数据帧","CAN","0x0","接收成功","8","11 DF E5 84 18 10 21 1F"
"6723","11:12:27.069","标准帧","数据帧","CAN","0x201","发送成功","4","00 00 80 3F"
"6724","11:12:27.069","标准帧","数据帧","CAN","0x0","接收成功","8","11 DF E9 84 18 13 21 1F"
"6725","11:12:27.069","标准帧","数据帧","CAN","0x201","发送成功","4","00 00 80 3F"
"6726","11:12:27.069","标准帧","数据帧","CAN","0x0","接收成功","8","11 E0 43 84 38 13 21 1F"
"6727","11:12:27.069","标准帧","数据帧","CAN","0x201","发送成功","4","00 00 80 3F"
"6728","11:12:27.069","标准帧","数据帧","CAN","0x0","接收成功","8","11 E0 45 84 38 12 21 1F"
"6729","11:12:27.069","标准帧","数据帧","CAN","0x201","发送成功","4","00 00 80 3F"
"6730","11:12:27.069","标准帧","数据帧","CAN","0x0","接收成功","8","11 E0 4D 84 58 12 21 1F"
"6731","11:12:27.069","标准帧","数据帧","CAN","0x201","发送成功","4","00 00 80 3F"
"6732","11:12:27.069","标准帧","数据帧","CAN","0x0","接收成功","8","11 E0 53 84 58 10 21 1F"
"6733","11:12:27.069","标准帧","数据帧","CAN","0x201","发送成功","4","00 00 80 3F"
"6734","11:12:27.069","标准帧","数据帧","CAN","0x0","接收成功","8","11 E0 55 84 58 10 21 1F"
"6735","11:12:27.080","标准帧","数据帧","CAN","0x201","发送成功","4","00 00 80 3F"
"6736","11:12:27.080","标准帧","数据帧","CAN","0x0","接收成功","8","11 E0 59 84 68 10 21 1F"
"6737","11:12:27.080","标准帧","数据帧","CAN","0x201","发送成功","4","00 00 80 3F"
"6738","11:12:27.080","标准帧","数据帧","CAN","0x0","接收成功","8","11 E0 5B 84 68 10 21 1F"
"6739","11:12:27.080","标准帧","数据帧","CAN","0x201","发送成功","4","00 00 80 3F"
"6740","11:12:27.080","标准帧","数据帧","CAN","0x0","接收成功","8","11 E0 5E 84 48 0F 21 1F"
"6741","11:12:27.080","标准帧","数据帧","CAN","0x201","发送成功","4","00 00 80 3F"
"6742","11:12:27.080","标准帧","数据帧","CAN","0x0","接收成功","8","11 E0 5F 84 48 0F 21 1F"
"6743","11:12:27.080","标准帧","数据帧","CAN","0x201","发送成功","4","00 00 80 3F"
"6744","11:12:27.080","标准帧","数据帧","CAN","0x0","接收成功","8","11 E0 6E 84 28 13 21 1F"
"6745","11:12:27.091","标准帧","数据帧","CAN","0x201","发送成功","4","00 00 80 3F"
"6746","11:12:27.091","标准帧","数据帧","CAN","0x0","接收成功","8","11 E0 74 84 28 13 21 1F"
"6747","11:12:27.091","标准帧","数据帧","CAN","0x201","发送成功","4","00 00 80 3F"
"6748","11:12:27.091","标准帧","数据帧","CAN","0x0","接收成功","8","11 E0 7A 84 18 13 21 1F"
"6749","11:12:27.091","标准帧","数据帧","CAN","0x201","发送成功","4","00 00 80 3F"
"6750","11:12:27.091","标准帧","数据帧","CAN","0x0","接收成功","8","11 E0 7E 84 38 14 21 1F"
"6751","11:12:27.091","标准帧","数据帧","CAN","0x201","发送成功","4","00 00 80 3F"
"6752","11:12:27.091","标准帧","数据帧","CAN","0x0","接收成功","8","11 E0 82 84 28 13 21 1F"
"6753","11:12:27.091","标准帧","数据帧","CAN","0x201","发送成功","4","00 00 80 3F"
"6754","11:12:27.091","标准帧","数据帧","CAN","0x0","接收成功","8","11 E0 82 84 28 13 21 1F"
"6755","11:12:27.091","标准帧","数据帧","CAN","0x201","发送成功","4","00 00 80 3F"
"6756","11:12:27.091","标准帧","数据帧","CAN","0x0","接收成功","8","11 E0 86 84 38 13 21 1F"
"6757","11:12:27.091","标准帧","数据帧","CAN","0x201","发送成功","4","00 00 80 3F"
"6758","11:12:27.091","标准帧","数据帧","CAN","0x0","接收成功","8","11 E0 8A 84 48 12 21 1F"
"6759","11:12:27.101","标准帧","数据帧","CAN","0x201","发送成功","4","00 00 80 3F"
"6760","11:12:27.101","标准帧","数据帧","CAN","0x0","接收成功","8","11 E0 8D 84 48 11 21 1F"
"6761","11:12:27.101","标准帧","数据帧","CAN","0x201","发送成功","4","00 00 80 3F"
"6762","11:12:27.101","标准帧","数据帧","CAN","0x0","接收成功","8","11 E0 93 84 48 10 21 1F"
"6763","11:12:27.101","标准帧","数据帧","CAN","0x201","发送成功","4","00 00 80 3F"
"6764","11:12:27.101","标准帧","数据帧","CAN","0x0","接收成功","8","11 E0 98 84 58 10 21 1F"
"6765","11:12:27.101","标准帧","数据帧","CAN","0x201","发送成功","4","00 00 80 3F"
"6766","11:12:27.101","标准帧","数据帧","CAN","0x0","接收成功","8","11 E0 9C 84 58 0F 21 1F"
"6767","11:12:27.101","标准帧","数据帧","CAN","0x201","发送成功","4","00 00 80 3F"
"6768","11:12:27.101","标准帧","数据帧","CAN","0x0","接收成功","8","11 E0 A0 84 58 0F 21 1F"
"6769","11:12:27.101","标准帧","数据帧","CAN","0x201","发送成功","4","00 00 80 3F"
"6770","11:12:27.101","标准帧","数据帧","CAN","0x0","接收成功","8","11 E0 A4 84 58 0F 21 1F"
"6771","11:12:27.101","标准帧","数据帧","CAN","0x201","发送成功","4","00 00 80 3F"
"6772","11:12:27.112","标准帧","数据帧","CAN","0x0","接收成功","8","11 E0 A8 84 38 0F 21 1F"
"6773","11:12:27.112","标准帧","数据帧","CAN","0x201","发送成功","4","00 00 80 3F"
"6774","11:12:27.112","标准帧","数据帧","CAN","0x0","接收成功","8","11 E0 A9 84 48 10 21 1F"
"6775","11:12:27.112","标准帧","数据帧","CAN","0x201","发送成功","4","00 00 80 3F"
"6776","11:12:27.112","标准帧","数据帧","CAN","0x0","接收成功","8","11 E0 AD 84 38 10 21 1F"
"6777","11:12:27.112","标准帧","数据帧","CAN","0x201","发送成功","4","00 00 80 3F"
"6778","11:12:27.112","标准帧","数据帧","CAN","0x0","接收成功","8","11 E0 B0 84 38 11 21 1F"
"6779","11:12:27.112","标准帧","数据帧","CAN","0x201","发送成功","4","00 00 80 3F"
"6780","11:12:27.112","标准帧","数据帧","CAN","0x0","接收成功","8","11 E0 B5 84 38 11 21 1F"
"6781","11:12:27.112","标准帧","数据帧","CAN","0x201","发送成功","4","00 00 80 3F"
"6782","11:12:27.112","标准帧","数据帧","CAN","0x0","接收成功","8","11 E0 BD 84 28 12 21 1F"
"6783","11:12:27.122","标准帧","数据帧","CAN","0x201","发送成功","4","00 00 80 3F"
"6784","11:12:27.122","标准帧","数据帧","CAN","0x0","接收成功","8","11 E0 C2 84 38 12 21 1F"
"6785","11:12:27.122","标准帧","数据帧","CAN","0x201","发送成功","4","00 00 80 3F"
"6786","11:12:27.122","标准帧","数据帧","CAN","0x0","接收成功","8","11 E0 CF 84 28 12 21 1F"
"6787","11:12:27.122","标准帧","数据帧","CAN","0x201","发送成功","4","00 00 80 3F"
"6788","11:12:27.122","标准帧","数据帧","CAN","0x0","接收成功","8","11 E0 D3 84 58 12 21 1F"
"6789","11:12:27.164","标准帧","数据帧","CAN","0x201","发送成功","4","00 00 80 3F"
"6790","11:12:27.164","标准帧","数据帧","CAN","0x0","接收成功","8","11 E0 DB 84 48 11 21 1F"
"6791","11:12:27.164","标准帧","数据帧","CAN","0x201","发送成功","4","00 00 80 3F"
"6792","11:12:27.164","标准帧","数据帧","CAN","0x0","接收成功","8","11 E0 E3 84 58 0F 21 1F"
"6793","11:12:27.164","标准帧","数据帧","CAN","0x201","发送成功","4","00 00 80 3F"
"6794","11:12:27.164","标准帧","数据帧","CAN","0x0","接收成功","8","11 E0 E5 84 48 0F 21 1F"
"6795","11:12:27.164","标准帧","数据帧","CAN","0x201","发送成功","4","00 00 80 3F"
"6796","11:12:27.164","标准帧","数据帧","CAN","0x0","接收成功","8","11 E0 ED 84 38 10 21 1F"
"6797","11:12:27.164","标准帧","数据帧","CAN","0x201","发送成功","4","00 00 80 3F"
"6798","11:12:27.164","标准帧","数据帧","CAN","0x0","接收成功","8","11 E0 F3 84 48 11 21 1F"
"6799","11:12:27.164","标准帧","数据帧","CAN","0x201","发送成功","4","00 00 80 3F"
"6800","11:12:27.164","标准帧","数据帧","CAN","0x0","接收成功","8","11 E1 4D 84 08 15 21 1F"
"6801","11:12:27.175","标准帧","数据帧","CAN","0x201","发送成功","4","00 00 80 3F"
"6802","11:12:27.175","标准帧","数据帧","CAN","0x0","接收成功","8","11 E1 50 84 18 15 21 1F"
"6803","11:12:27.175","标准帧","数据帧","CAN","0x201","发送成功","4","00 00 80 3F"
"6804","11:12:27.175","标准帧","数据帧","CAN","0x0","接收成功","8","11 E1 5B 84 28 15 21 1F"
"6805","11:12:27.175","标准帧","数据帧","CAN","0x201","发送成功","4","00 00 80 3F"
"6806","11:12:27.175","标准帧","数据帧","CAN","0x0","接收成功","8","11 E1 61 84 58 13 21 1F"
"6807","11:12:27.175","标准帧","数据帧","CAN","0x201","发送成功","4","00 00 80 3F"
"6808","11:12:27.175","标准帧","数据帧","CAN","0x0","接收成功","8","11 E1 64 84 58 11 21 1F"
"6809","11:12:27.175","标准帧","数据帧","CAN","0x201","发送成功","4","00 00 80 3F"
"6810","11:12:27.175","标准帧","数据帧","CAN","0x0","接收成功","8","11 E1 68 84 58 10 21 1F"
"6811","11:12:27.185","标准帧","数据帧","CAN","0x201","发送成功","4","00 00 80 3F"
"6812","11:12:27.185","标准帧","数据帧","CAN","0x0","接收成功","8","11 E1 6C 84 68 0F 21 1F"
"6813","11:12:27.185","标准帧","数据帧","CAN","0x201","发送成功","4","00 00 80 3F"
"6814","11:12:27.185","标准帧","数据帧","CAN","0x0","接收成功","8","11 E1 74 84 78 0E 21 1F"
"6815","11:12:27.185","标准帧","数据帧","CAN","0x201","发送成功","4","00 00 80 3F"
"6816","11:12:27.185","标准帧","数据帧","CAN","0x0","接收成功","8","11 E1 76 84 58 0D 21 1F"
"6817","11:12:27.185","标准帧","数据帧","CAN","0x201","发送成功","4","00 00 80 3F"
"6818","11:12:27.185","标准帧","数据帧","CAN","0x0","接收成功","8","11 E1 7B 84 38 0F 21 1F"
"6819","11:12:27.185","标准帧","数据帧","CAN","0x201","发送成功","4","00 00 80 3F"
"6820","11:12:27.185","标准帧","数据帧","CAN","0x0","接收成功","8","11 E1 7C 84 38 0F 21 1F"
"6821","11:12:27.196","标准帧","数据帧","CAN","0x201","发送成功","4","00 00 80 3F"
"6822","11:12:27.196","标准帧","数据帧","CAN","0x0","接收成功","8","11 E1 86 84 28 11 21 1F"
"6823","11:12:27.196","标准帧","数据帧","CAN","0x201","发送成功","4","00 00 80 3F"
"6824","11:12:27.196","标准帧","数据帧","CAN","0x0","接收成功","8","11 E1 8C 84 08 14 21 1F"
"6825","11:12:27.196","标准帧","数据帧","CAN","0x201","发送成功","4","00 00 80 3F"
"6826","11:12:27.196","标准帧","数据帧","CAN","0x0","接收成功","8","11 E1 8D 84 08 14 21 1F"
"6827","11:12:27.196","标准帧","数据帧","CAN","0x201","发送成功","4","00 00 80 3F"
"6828","11:12:27.196","标准帧","数据帧","CAN","0x0","接收成功","8","11 E1 93 84 18 15 21 1F"
"6829","11:12:27.196","标准帧","数据帧","CAN","0x201","发送成功","4","00 00 80 3F"
"6830","11:12:27.196","标准帧","数据帧","CAN","0x0","接收成功","8","11 E1 9F 84 58 14 21 1F"
"6831","11:12:27.206","标准帧","数据帧","CAN","0x201","发送成功","4","00 00 80 3F"
"6832","11:12:27.206","标准帧","数据帧","CAN","0x0","接收成功","8","11 E1 A6 84 68 12 21 1F"
"6833","11:12:27.206","标准帧","数据帧","CAN","0x201","发送成功","4","00 00 80 3F"
"6834","11:12:27.206","标准帧","数据帧","CAN","0x0","接收成功","8","11 E1 B2 84 68 0E 21 1F"
"6835","11:12:27.206","标准帧","数据帧","CAN","0x201","发送成功","4","00 00 80 3F"
"6836","11:12:27.206","标准帧","数据帧","CAN","0x0","接收成功","8","11 E1 B8 84 48 0E 21 1F"
"6837","11:12:27.206","标准帧","数据帧","CAN","0x201","发送成功","4","00 00 80 3F"
"6838","11:12:27.206","标准帧","数据帧","CAN","0x0","接收成功","8","11 E1 BA 84 48 0F 21 1F"
"6839","11:12:27.217","标准帧","数据帧","CAN","0x201","发送成功","4","00 00 80 3F"
"6840","11:12:27.217","标准帧","数据帧","CAN","0x0","接收成功","8","11 E1 C0 84 38 10 21 1F"
"6841","11:12:27.217","标准帧","数据帧","CAN","0x201","发送成功","4","00 00 80 3F"
"6842","11:12:27.217","标准帧","数据帧","CAN","0x0","接收成功","8","11 E1 C3 84 28 11 21 1F"
"6843","11:12:27.217","标准帧","数据帧","CAN","0x201","发送成功","4","00 00 80 3F"
"6844","11:12:27.217","标准帧","数据帧","CAN","0x0","接收成功","8","11 E1 C9 84 28 12 21 1F"
"6845","11:12:27.228","标准帧","数据帧","CAN","0x201","发送成功","4","00 00 80 3F"
"6846","11:12:27.228","标准帧","数据帧","CAN","0x0","接收成功","8","11 E1 D8 84 18 14 21 1F"
"6847","11:12:27.228","标准帧","数据帧","CAN","0x201","发送成功","4","00 00 80 3F"
"6848","11:12:27.228","标准帧","数据帧","CAN","0x0","接收成功","8","11 E1 E0 84 38 13 21 1F"
"6849","11:12:27.228","标准帧","数据帧","CAN","0x201","发送成功","4","00 00 80 3F"
"6850","11:12:27.228","标准帧","数据帧","CAN","0x0","接收成功","8","11 E1 E4 84 48 12 21 1F"
"6851","11:12:27.228","标准帧","数据帧","CAN","0x201","发送成功","4","00 00 80 3F"
"6852","11:12:27.228","标准帧","数据帧","CAN","0x0","接收成功","8","11 E1 EA 84 48 11 21 1F"
"6853","11:12:27.228","标准帧","数据帧","CAN","0x201","发送成功","4","00 00 80 3F"
"6854","11:12:27.228","标准帧","数据帧","CAN","0x0","接收成功","8","11 E1 ED 84 58 11 21 1F"
"6855","11:12:27.260","标准帧","数据帧","CAN","0x201","发送成功","4","00 00 80 3F"
"6856","11:12:27.260","标准帧","数据帧","CAN","0x0","接收成功","8","11 E1 F5 84 68 0F 21 1F"
"6857","11:12:27.270","标准帧","数据帧","CAN","0x201","发送成功","4","00 00 80 3F"
"6858","11:12:27.270","标准帧","数据帧","CAN","0x0","接收成功","8","11 E1 FA 84 48 0F 21 1F"
"6859","11:12:27.270","标准帧","数据帧","CAN","0x201","发送成功","4","00 00 80 3F"
"6860","11:12:27.270","标准帧","数据帧","CAN","0x0","接收成功","8","11 E2 58 84 28 11 21 1F"
"6861","11:12:27.270","标准帧","数据帧","CAN","0x201","发送成功","4","00 00 80 3F"
"6862","11:12:27.270","标准帧","数据帧","CAN","0x0","接收成功","8","11 E2 5C 84 38 13 21 1F"
"6863","11:12:27.270","标准帧","数据帧","CAN","0x201","发送成功","4","00 00 80 3F"
"6864","11:12:27.270","标准帧","数据帧","CAN","0x0","接收成功","8","11 E2 64 84 28 13 21 1F"
"6865","11:12:27.281","标准帧","数据帧","CAN","0x201","发送成功","4","00 00 80 3F"
"6866","11:12:27.281","标准帧","数据帧","CAN","0x0","接收成功","8","11 E2 66 84 38 13 21 1F"
"6867","11:12:27.281","标准帧","数据帧","CAN","0x201","发送成功","4","00 00 80 3F"
"6868","11:12:27.281","标准帧","数据帧","CAN","0x0","接收成功","8","11 E2 6C 84 28 12 21 1F"
"6869","11:12:27.281","标准帧","数据帧","CAN","0x201","发送成功","4","00 00 80 3F"
"6870","11:12:27.281","标准帧","数据帧","CAN","0x0","接收成功","8","11 E2 70 84 38 13 21 1F"
"6871","11:12:27.281","标准帧","数据帧","CAN","0x201","发送成功","4","00 00 80 3F"
"6872","11:12:27.281","标准帧","数据帧","CAN","0x0","接收成功","8","11 E2 76 84 48 11 21 1F"
"6873","11:12:27.281","标准帧","数据帧","CAN","0x201","发送成功","4","00 00 80 3F"
"6874","11:12:27.281","标准帧","数据帧","CAN","0x0","接收成功","8","11 E2 77 84 48 11 21 1F"
"6875","11:12:27.292","标准帧","数据帧","CAN","0x201","发送成功","4","00 00 80 3F"
"6876","11:12:27.292","标准帧","数据帧","CAN","0x0","接收成功","8","11 E2 7E 84 58 11 21 1F"
"6877","11:12:27.292","标准帧","数据帧","CAN","0x201","发送成功","4","00 00 80 3F"
"6878","11:12:27.292","标准帧","数据帧","CAN","0x0","接收成功","8","11 E2 87 84 48 11 21 1F"
"6879","11:12:27.292","标准帧","数据帧","CAN","0x201","发送成功","4","00 00 80 3F"
"6880","11:12:27.292","标准帧","数据帧","CAN","0x0","接收成功","8","11 E2 8F 84 48 11 21 1F"
"6881","11:12:27.292","标准帧","数据帧","CAN","0x201","发送成功","4","00 00 80 3F"
"6882","11:12:27.292","标准帧","数据帧","CAN","0x0","接收成功","8","11 E2 91 84 58 10 21 1F"
"6883","11:12:27.292","标准帧","数据帧","CAN","0x201","发送成功","4","00 00 80 3F"
"6884","11:12:27.292","标准帧","数据帧","CAN","0x0","接收成功","8","11 E2 97 84 48 10 21 1F"
"6885","11:12:27.302","标准帧","数据帧","CAN","0x201","发送成功","4","00 00 80 3F"
"6886","11:12:27.302","标准帧","数据帧","CAN","0x0","接收成功","8","11 E2 99 84 48 10 21 1F"
"6887","11:12:27.302","标准帧","数据帧","CAN","0x201","发送成功","4","00 00 80 3F"
"6888","11:12:27.302","标准帧","数据帧","CAN","0x0","接收成功","8","11 E2 A1 84 28 12 21 1F"
"6889","11:12:27.302","标准帧","数据帧","CAN","0x201","发送成功","4","00 00 80 3F"
"6890","11:12:27.302","标准帧","数据帧","CAN","0x0","接收成功","8","11 E2 A3 84 18 12 21 1F"
"6891","11:12:27.302","标准帧","数据帧","CAN","0x201","发送成功","4","00 00 80 3F"
"6892","11:12:27.302","标准帧","数据帧","CAN","0x0","接收成功","8","11 E2 A9 84 08 13 21 1F"
"6893","11:12:27.302","标准帧","数据帧","CAN","0x201","发送成功","4","00 00 80 3F"
"6894","11:12:27.302","标准帧","数据帧","CAN","0x0","接收成功","8","11 E2 AB 84 08 14 21 1F"
"6895","11:12:27.302","标准帧","数据帧","CAN","0x201","发送成功","4","00 00 80 3F"
"6896","11:12:27.302","标准帧","数据帧","CAN","0x0","接收成功","8","11 E2 B5 84 28 13 21 1F"
"6897","11:12:27.313","标准帧","数据帧","CAN","0x201","发送成功","4","00 00 80 3F"
"6898","11:12:27.313","标准帧","数据帧","CAN","0x0","接收成功","8","11 E2 BA 84 48 13 21 1F"
"6899","11:12:27.313","标准帧","数据帧","CAN","0x201","发送成功","4","00 00 80 3F"
"6900","11:12:27.313","标准帧","数据帧","CAN","0x0","接收成功","8","11 E2 BD 84 48 12 21 1F"
"6901","11:12:27.313","标准帧","数据帧","CAN","0x201","发送成功","4","00 00 80 3F"
"6902","11:12:27.313","标准帧","数据帧","CAN","0x0","接收成功","8","11 E2 C3 84 48 10 21 1F"
"6903","11:12:27.313","标准帧","数据帧","CAN","0x201","发送成功","4","00 00 80 3F"
"6904","11:12:27.313","标准帧","数据帧","CAN","0x0","接收成功","8","11 E2 C7 84 58 10 21 1F"
"6905","11:12:27.313","标准帧","数据帧","CAN","0x201","发送成功","4","00 00 80 3F"
"6906","11:12:27.313","标准帧","数据帧","CAN","0x0","接收成功","8","11 E2 CE 84 58 0F 21 1F"
"6907","11:12:27.323","标准帧","数据帧","CAN","0x201","发送成功","4","00 00 80 3F"
"6908","11:12:27.323","标准帧","数据帧","CAN","0x0","接收成功","8","11 E2 D0 84 48 0F 21 1F"
"6909","11:12:27.323","标准帧","数据帧","CAN","0x201","发送成功","4","00 00 80 3F"
"6910","11:12:27.323","标准帧","数据帧","CAN","0x0","接收成功","8","11 E2 E0 84 28 11 21 1F"
"6911","11:12:27.323","标准帧","数据帧","CAN","0x201","发送成功","4","00 00 80 3F"
"6912","11:12:27.323","标准帧","数据帧","CAN","0x0","接收成功","8","11 E2 E5 84 08 13 21 1F"
"6913","11:12:27.323","标准帧","数据帧","CAN","0x201","发送成功","4","00 00 80 3F"
"6914","11:12:27.323","标准帧","数据帧","CAN","0x0","接收成功","8","11 E2 E7 84 08 14 21 1F"
"6915","11:12:27.323","标准帧","数据帧","CAN","0x201","发送成功","4","00 00 80 3F"
"6916","11:12:27.323","标准帧","数据帧","CAN","0x0","接收成功","8","11 E2 EB 84 18 14 21 1F"
"6917","11:12:27.323","标准帧","数据帧","CAN","0x201","发送成功","4","00 00 80 3F"
"6918","11:12:27.323","标准帧","数据帧","CAN","0x0","接收成功","8","11 E2 ED 84 18 14 21 1F"
"6919","11:12:27.365","标准帧","数据帧","CAN","0x201","发送成功","4","00 00 80 3F"
"6920","11:12:27.365","标准帧","数据帧","CAN","0x0","接收成功","8","11 E2 FD 84 48 12 21 1F"
"6921","11:12:27.365","标准帧","数据帧","CAN","0x201","发送成功","4","00 00 80 3F"
"6922","11:12:27.365","标准帧","数据帧","CAN","0x0","接收成功","8","11 E3 59 84 38 0F 21 1F"
"6923","11:12:27.365","标准帧","数据帧","CAN","0x201","发送成功","4","00 00 80 3F"
"6924","11:12:27.365","标准帧","数据帧","CAN","0x0","接收成功","8","11 E3 5B 84 28 10 21 1F"
"6925","11:12:27.365","标准帧","数据帧","CAN","0x201","发送成功","4","00 00 80 3F"
"6926","11:12:27.365","标准帧","数据帧","CAN","0x0","接收成功","8","11 E3 62 84 28 11 21 1F"
"6927","11:12:27.376","标准帧","数据帧","CAN","0x201","发送成功","4","00 00 80 3F"
"6928","11:12:27.376","标准帧","数据帧","CAN","0x0","接收成功","8","11 E3 63 84 28 11 21 1F"
"6929","11:12:27.376","标准帧","数据帧","CAN","0x201","发送成功","4","00 00 80 3F"
"6930","11:12:27.376","标准帧","数据帧","CAN","0x0","接收成功","8","11 E3 6A 84 08 13 21 1F"
"6931","11:12:27.376","标准帧","数据帧","CAN","0x201","发送成功","4","00 00 80 3F"
"6932","11:12:27.376","标准帧","数据帧","CAN","0x0","接收成功","8","11 E3 6F 84 08 14 21 1F"
"6933","11:12:27.376","标准帧","数据帧","CAN","0x201","发送成功","4","00 00 80 3F"
"6934","11:12:27.376","标准帧","数据帧","CAN","0x0","接收成功","8","11 E3 76 84 38 14 21 1F"
"6935","11:12:27.386","标准帧","数据帧","CAN","0x201","发送成功","4","00 00 80 3F"
"6936","11:12:27.386","标准帧","数据帧","CAN","0x0","接收成功","8","11 E3 7F 84 58 12 21 1F"
"6937","11:12:27.386","标准帧","数据帧","CAN","0x201","发送成功","4","00 00 80 3F"
"6938","11:12:27.386","标准帧","数据帧","CAN","0x0","接收成功","8","11 E3 84 84 58 11 21 1F"
"6939","11:12:27.386","标准帧","数据帧","CAN","0x201","发送成功","4","00 00 80 3F"
"6940","11:12:27.386","标准帧","数据帧","CAN","0x0","接收成功","8","11 E3 85 84 48 10 21 1F"
"6941","11:12:27.386","标准帧","数据帧","CAN","0x201","发送成功","4","00 00 80 3F"
"6942","11:12:27.386","标准帧","数据帧","CAN","0x0","接收成功","8","11 E3 8C 84 68 0F 21 1F"
"6943","11:12:27.386","标准帧","数据帧","CAN","0x201","发送成功","4","00 00 80 3F"
"6944","11:12:27.386","标准帧","数据帧","CAN","0x0","接收成功","8","11 E3 96 84 48 0F 21 1F"
"6945","11:12:27.386","标准帧","数据帧","CAN","0x201","发送成功","4","00 00 80 3F"
"6946","11:12:27.386","标准帧","数据帧","CAN","0x0","接收成功","8","11 E3 98 84 38 0F 21 1F"
"6947","11:12:27.398","标准帧","数据帧","CAN","0x201","发送成功","4","00 00 80 3F"
"6948","11:12:27.398","标准帧","数据帧","CAN","0x0","接收成功","8","11 E3 9C 84 38 10 21 1F"
"6949","11:12:27.398","标准帧","数据帧","CAN","0x201","发送成功","4","00 00 80 3F"
"6950","11:12:27.398","标准帧","数据帧","CAN","0x0","接收成功","8","11 E3 9C 84 48 10 21 1F"
"6951","11:12:27.398","标准帧","数据帧","CAN","0x201","发送成功","4","00 00 80 3F"
"6952","11:12:27.398","标准帧","数据帧","CAN","0x0","接收成功","8","11 E3 A5 84 28 11 21 1F"
"6953","11:12:27.398","标准帧","数据帧","CAN","0x201","发送成功","4","00 00 80 3F"
"6954","11:12:27.398","标准帧","数据帧","CAN","0x0","接收成功","8","11 E3 A8 84 48 12 21 1F"
"6955","11:12:27.398","标准帧","数据帧","CAN","0x201","发送成功","4","00 00 80 3F"
"6956","11:12:27.398","标准帧","数据帧","CAN","0x0","接收成功","8","11 E3 AE 84 38 13 21 1F"
"6957","11:12:27.398","标准帧","数据帧","CAN","0x201","发送成功","4","00 00 80 3F"
"6958","11:12:27.398","标准帧","数据帧","CAN","0x0","接收成功","8","11 E3 B0 84 38 13 21 1F"
"6959","11:12:27.408","标准帧","数据帧","CAN","0x201","发送成功","4","00 00 80 3F"
"6960","11:12:27.408","标准帧","数据帧","CAN","0x0","接收成功","8","11 E3 B7 84 38 12 21 1F"
"6961","11:12:27.408","标准帧","数据帧","CAN","0x201","发送成功","4","00 00 80 3F"
"6962","11:12:27.408","标准帧","数据帧","CAN","0x0","接收成功","8","11 E3 BD 84 48 12 21 1F"
"6963","11:12:27.408","标准帧","数据帧","CAN","0x201","发送成功","4","00 00 80 3F"
"6964","11:12:27.408","标准帧","数据帧","CAN","0x0","接收成功","8","11 E3 BF 84 58 11 21 1F"
"6965","11:12:27.408","标准帧","数据帧","CAN","0x201","发送成功","4","00 00 80 3F"
"6966","11:12:27.408","标准帧","数据帧","CAN","0x0","接收成功","8","11 E3 C4 84 58 0F 21 1F"
"6967","11:12:27.408","标准帧","数据帧","CAN","0x201","发送成功","4","00 00 80 3F"
"6968","11:12:27.408","标准帧","数据帧","CAN","0x0","接收成功","8","11 E3 C7 84 38 0F 21 1F"
"6969","11:12:27.418","标准帧","数据帧","CAN","0x201","发送成功","4","00 00 80 3F"
"6970","11:12:27.418","标准帧","数据帧","CAN","0x0","接收成功","8","11 E3 CE 84 48 0F 21 1F"
"6971","11:12:27.418","标准帧","数据帧","CAN","0x201","发送成功","4","00 00 80 3F"
"6972","11:12:27.418","标准帧","数据帧","CAN","0x0","接收成功","8","11 E3 D9 84 48 0F 21 1F"
"6973","11:12:27.461","标准帧","数据帧","CAN","0x201","发送成功","4","00 00 80 3F"
"6974","11:12:27.461","标准帧","数据帧","CAN","0x0","接收成功","8","11 E3 EB 84 28 11 21 1F"
"6975","11:12:27.461","标准帧","数据帧","CAN","0x201","发送成功","4","00 00 80 3F"
"6976","11:12:27.461","标准帧","数据帧","CAN","0x0","接收成功","8","11 E3 EF 84 18 12 21 1F"
"6977","11:12:27.461","标准帧","数据帧","CAN","0x201","发送成功","4","00 00 80 3F"
"6978","11:12:27.461","标准帧","数据帧","CAN","0x0","接收成功","8","11 E3 F1 84 38 12 21 1F"
"6979","11:12:27.461","标准帧","数据帧","CAN","0x201","发送成功","4","00 00 80 3F"
"6980","11:12:27.461","标准帧","数据帧","CAN","0x0","接收成功","8","11 E3 F7 84 28 12 21 1F"
"6981","11:12:27.461","标准帧","数据帧","CAN","0x201","发送成功","4","00 00 80 3F"
"6982","11:12:27.461","标准帧","数据帧","CAN","0x0","接收成功","8","11 E3 F9 84 28 13 21 1F"
"6983","11:12:27.461","标准帧","数据帧","CAN","0x201","发送成功","4","00 00 80 3F"
"6984","11:12:27.461","标准帧","数据帧","CAN","0x0","接收成功","8","11 E4 02 84 28 13 21 1F"
"6985","11:12:27.461","标准帧","数据帧","CAN","0x201","发送成功","4","00 00 80 3F"
"6986","11:12:27.461","标准帧","数据帧","CAN","0x0","接收成功","8","11 E4 07 84 38 13 21 1F"
"6987","11:12:27.461","标准帧","数据帧","CAN","0x201","发送成功","4","00 00 80 3F"
"6988","11:12:27.461","标准帧","数据帧","CAN","0x0","接收成功","8","11 E4 5A 84 58 13 21 1F"
"6989","11:12:27.472","标准帧","数据帧","CAN","0x201","发送成功","4","00 00 80 3F"
"6990","11:12:27.472","标准帧","数据帧","CAN","0x0","接收成功","8","11 E4 5B 84 58 12 21 1F"
"6991","11:12:27.472","标准帧","数据帧","CAN","0x201","发送成功","4","00 00 80 3F"
"6992","11:12:27.472","标准帧","数据帧","CAN","0x0","接收成功","8","11 E4 60 84 68 10 21 1F"
"6993","11:12:27.472","标准帧","数据帧","CAN","0x201","发送成功","4","00 00 80 3F"
"6994","11:12:27.472","标准帧","数据帧","CAN","0x0","接收成功","8","11 E4 66 84 88 0F 21 1F"
"6995","11:12:27.472","标准帧","数据帧","CAN","0x201","发送成功","4","00 00 80 3F"
"6996","11:12:27.472","标准帧","数据帧","CAN","0x0","接收成功","8","11 E4 6A 84 78 0E 21 1F"
"6997","11:12:27.472","标准帧","数据帧","CAN","0x201","发送成功","4","00 00 80 3F"
"6998","11:12:27.472","标准帧","数据帧","CAN","0x0","接收成功","8","11 E4 6F 84 58 0E 21 1F"
"6999","11:12:27.472","标准帧","数据帧","CAN","0x201","发送成功","4","00 00 80 3F"
"7000","11:12:27.472","标准帧","数据帧","CAN","0x0","接收成功","8","11 E4 74 84 38 0F 21 1F"
"7001","11:12:27.472","标准帧","数据帧","CAN","0x201","发送成功","4","00 00 80 3F"
"7002","11:12:27.472","标准帧","数据帧","CAN","0x0","接收成功","8","11 E4 74 84 38 0F 21 1F"
"7003","11:12:27.482","标准帧","数据帧","CAN","0x201","发送成功","4","00 00 80 3F"
"7004","11:12:27.482","标准帧","数据帧","CAN","0x0","接收成功","8","11 E4 78 84 28 10 21 1F"
"7005","11:12:27.482","标准帧","数据帧","CAN","0x201","发送成功","4","00 00 80 3F"
"7006","11:12:27.482","标准帧","数据帧","CAN","0x0","接收成功","8","11 E4 82 84 08 15 21 1F"
"7007","11:12:27.482","标准帧","数据帧","CAN","0x201","发送成功","4","00 00 80 3F"
"7008","11:12:27.482","标准帧","数据帧","CAN","0x0","接收成功","8","11 E4 87 84 08 15 21 1F"
"7009","11:12:27.482","标准帧","数据帧","CAN","0x201","发送成功","4","00 00 80 3F"
"7010","11:12:27.482","标准帧","数据帧","CAN","0x0","接收成功","8","11 E4 8A 84 18 16 21 1F"
"7011","11:12:27.493","标准帧","数据帧","CAN","0x201","发送成功","4","00 00 80 3F"
"7012","11:12:27.493","标准帧","数据帧","CAN","0x0","接收成功","8","11 E4 90 84 38 15 21 1F"
"7013","11:12:27.493","标准帧","数据帧","CAN","0x201","发送成功","4","00 00 80 3F"
"7014","11:12:27.493","标准帧","数据帧","CAN","0x0","接收成功","8","11 E4 94 84 48 14 21 1F"
"7015","11:12:27.493","标准帧","数据帧","CAN","0x201","发送成功","4","00 00 80 3F"
"7016","11:12:27.493","标准帧","数据帧","CAN","0x0","接收成功","8","11 E4 99 84 58 13 21 1F"
"7017","11:12:27.493","标准帧","数据帧","CAN","0x201","发送成功","4","00 00 80 3F"
"7018","11:12:27.493","标准帧","数据帧","CAN","0x0","接收成功","8","11 E4 9A 84 48 12 21 1F"
"7019","11:12:27.493","标准帧","数据帧","CAN","0x201","发送成功","4","00 00 80 3F"
"7020","11:12:27.493","标准帧","数据帧","CAN","0x0","接收成功","8","11 E4 A1 84 68 10 21 1F"
"7021","11:12:27.493","标准帧","数据帧","CAN","0x201","发送成功","4","00 00 80 3F"
"7022","11:12:27.493","标准帧","数据帧","CAN","0x0","接收成功","8","11 E4 AB 84 68 0E 21 1F"
"7023","11:12:27.504","标准帧","数据帧","CAN","0x201","发送成功","4","00 00 80 3F"
"7024","11:12:27.504","标准帧","数据帧","CAN","0x0","接收成功","8","11 E4 B2 84 48 0F 21 1F"
"7025","11:12:27.504","标准帧","数据帧","CAN","0x201","发送成功","4","00 00 80 3F"
"7026","11:12:27.504","标准帧","数据帧","CAN","0x0","接收成功","8","11 E4 B9 84 18 10 21 1F"
"7027","11:12:27.504","标准帧","数据帧","CAN","0x201","发送成功","4","00 00 80 3F"
"7028","11:12:27.504","标准帧","数据帧","CAN","0x0","接收成功","8","11 E4 BE 84 28 12 21 1F"
"7029","11:12:27.504","标准帧","数据帧","CAN","0x201","发送成功","4","00 00 80 3F"
"7030","11:12:27.504","标准帧","数据帧","CAN","0x0","接收成功","8","11 E4 C6 84 18 14 21 1F"
"7031","11:12:27.515","标准帧","数据帧","CAN","0x201","发送成功","4","00 00 80 3F"
"7032","11:12:27.515","标准帧","数据帧","CAN","0x0","接收成功","8","11 E4 D2 84 38 13 21 1F"
"7033","11:12:27.515","标准帧","数据帧","CAN","0x201","发送成功","4","00 00 80 3F"
"7034","11:12:27.515","标准帧","数据帧","CAN","0x0","接收成功","8","11 E4 DD 84 48 11 21 1F"
"7035","11:12:27.526","标准帧","数据帧","CAN","0x201","发送成功","4","00 00 80 3F"
"7036","11:12:27.526","标准帧","数据帧","CAN","0x0","接收成功","8","11 E4 DF 84 58 10 21 1F"
"7037","11:12:27.526","标准帧","数据帧","CAN","0x201","发送成功","4","00 00 80 3F"
"7038","11:12:27.526","标准帧","数据帧","CAN","0x0","接收成功","8","11 E4 F1 84 58 0E 21 1F"
"7039","11:12:27.526","标准帧","数据帧","CAN","0x201","发送成功","4","00 00 80 3F"
"7040","11:12:27.526","标准帧","数据帧","CAN","0x0","接收成功","8","11 E4 F4 84 28 0F 21 1F"
"7041","11:12:27.526","标准帧","数据帧","CAN","0x201","发送成功","4","00 00 80 3F"
"7042","11:12:27.526","标准帧","数据帧","CAN","0x0","接收成功","8","11 E4 F6 84 28 10 21 1F"
"7043","11:12:27.526","标准帧","数据帧","CAN","0x201","发送成功","4","00 00 80 3F"
"7044","11:12:27.526","标准帧","数据帧","CAN","0x0","接收成功","8","11 E4 FD 84 18 11 21 1F"
"7045","11:12:27.558","标准帧","数据帧","CAN","0x201","发送成功","4","00 00 80 3F"
"7046","11:12:27.558","标准帧","数据帧","CAN","0x0","接收成功","8","11 E5 03 84 08 11 21 1F"
"7047","11:12:27.558","标准帧","数据帧","CAN","0x201","发送成功","4","00 00 80 3F"
"7048","11:12:27.558","标准帧","数据帧","CAN","0x0","接收成功","8","11 E5 0A 84 18 14 21 1F"
"7049","11:12:27.569","标准帧","数据帧","CAN","0x201","发送成功","4","00 00 80 3F"
"7050","11:12:27.569","标准帧","数据帧","CAN","0x0","接收成功","8","11 E5 0D 84 28 14 21 1F"
"7051","11:12:27.569","标准帧","数据帧","CAN","0x201","发送成功","4","00 00 80 3F"
"7052","11:12:27.569","标准帧","数据帧","CAN","0x0","接收成功","8","11 E5 64 84 48 11 21 1F"
"7053","11:12:27.569","标准帧","数据帧","CAN","0x201","发送成功","4","00 00 80 3F"
"7054","11:12:27.569","标准帧","数据帧","CAN","0x0","接收成功","8","11 E5 66 84 38 11 21 1F"
"7055","11:12:27.569","标准帧","数据帧","CAN","0x201","发送成功","4","00 00 80 3F"
"7056","11:12:27.569","标准帧","数据帧","CAN","0x0","接收成功","8","11 E5 6B 84 58 10 21 1F"
"7057","11:12:27.569","标准帧","数据帧","CAN","0x201","发送成功","4","00 00 80 3F"
"7058","11:12:27.569","标准帧","数据帧","CAN","0x0","接收成功","8","11 E5 6C 84 58 10 21 1F"
"7059","11:12:27.580","标准帧","数据帧","CAN","0x201","发送成功","4","00 00 80 3F"
"7060","11:12:27.580","标准帧","数据帧","CAN","0x0","接收成功","8","11 E5 72 84 38 10 21 1F"
"7061","11:12:27.580","标准帧","数据帧","CAN","0x201","发送成功","4","00 00 80 3F"
"7062","11:12:27.580","标准帧","数据帧","CAN","0x0","接收成功","8","11 E5 77 84 58 0F 21 1F"
"7063","11:12:27.580","标准帧","数据帧","CAN","0x201","发送成功","4","00 00 80 3F"
"7064","11:12:27.580","标准帧","数据帧","CAN","0x0","接收成功","8","11 E5 7B 84 58 0F 21 1F"
"7065","11:12:27.580","标准帧","数据帧","CAN","0x201","发送成功","4","00 00 80 3F"
"7066","11:12:27.580","标准帧","数据帧","CAN","0x0","接收成功","8","11 E5 7E 84 38 0F 21 1F"
"7067","11:12:27.580","标准帧","数据帧","CAN","0x201","发送成功","4","00 00 80 3F"
"7068","11:12:27.580","标准帧","数据帧","CAN","0x0","接收成功","8","11 E5 81 84 38 11 21 1F"
"7069","11:12:27.580","标准帧","数据帧","CAN","0x201","发送成功","4","00 00 80 3F"
"7070","11:12:27.580","标准帧","数据帧","CAN","0x0","接收成功","8","11 E5 82 84 38 11 21 1F"
"7071","11:12:27.580","标准帧","数据帧","CAN","0x201","发送成功","4","00 00 80 3F"
"7072","11:12:27.580","标准帧","数据帧","CAN","0x0","接收成功","8","11 E5 88 84 28 10 21 1F"
"7073","11:12:27.580","标准帧","数据帧","CAN","0x201","发送成功","4","00 00 80 3F"
"7074","11:12:27.580","标准帧","数据帧","CAN","0x0","接收成功","8","11 E5 8B 84 18 11 21 1F"
"7075","11:12:27.591","标准帧","数据帧","CAN","0x201","发送成功","4","00 00 80 3F"
"7076","11:12:27.591","标准帧","数据帧","CAN","0x0","接收成功","8","11 E5 8E 84 38 12 21 1F"
"7077","11:12:27.591","标准帧","数据帧","CAN","0x201","发送成功","4","00 00 80 3F"
"7078","11:12:27.591","标准帧","数据帧","CAN","0x201","发送成功","4","00 00 80 3F"
"7079","11:12:27.591","标准帧","数据帧","CAN","0x0","接收成功","8","11 E5 92 84 38 12 21 1F"
"7080","11:12:27.591","标准帧","数据帧","CAN","0x0","接收成功","8","11 E5 93 84 38 12 21 1F"
"7081","11:12:27.591","标准帧","数据帧","CAN","0x201","发送成功","4","00 00 80 3F"
"7082","11:12:27.591","标准帧","数据帧","CAN","0x0","接收成功","8","11 E5 96 84 18 13 21 1F"
"7083","11:12:27.591","标准帧","数据帧","CAN","0x201","发送成功","4","00 00 80 3F"
"7084","11:12:27.591","标准帧","数据帧","CAN","0x0","接收成功","8","11 E5 9C 84 38 14 21 1F"
"7085","11:12:27.591","标准帧","数据帧","CAN","0x201","发送成功","4","00 00 80 3F"
"7086","11:12:27.591","标准帧","数据帧","CAN","0x0","接收成功","8","11 E5 A4 84 48 13 21 1F"
"7087","11:12:27.602","标准帧","数据帧","CAN","0x201","发送成功","4","00 00 80 3F"
"7088","11:12:27.602","标准帧","数据帧","CAN","0x0","接收成功","8","11 E5 A8 84 48 13 21 1F"
"7089","11:12:27.602","标准帧","数据帧","CAN","0x201","发送成功","4","00 00 80 3F"
"7090","11:12:27.602","标准帧","数据帧","CAN","0x0","接收成功","8","11 E5 AD 84 28 12 21 1F"
"7091","11:12:27.602","标准帧","数据帧","CAN","0x201","发送成功","4","00 00 80 3F"
"7092","11:12:27.602","标准帧","数据帧","CAN","0x0","接收成功","8","11 E5 B1 84 48 12 21 1F"
"7093","11:12:27.602","标准帧","数据帧","CAN","0x201","发送成功","4","00 00 80 3F"
"7094","11:12:27.602","标准帧","数据帧","CAN","0x0","接收成功","8","11 E5 B2 84 48 12 21 1F"
"7095","11:12:27.602","标准帧","数据帧","CAN","0x201","发送成功","4","00 00 80 3F"
"7096","11:12:27.602","标准帧","数据帧","CAN","0x0","接收成功","8","11 E5 B5 84 58 11 21 1F"
"7097","11:12:27.602","标准帧","数据帧","CAN","0x201","发送成功","4","00 00 80 3F"
"7098","11:12:27.602","标准帧","数据帧","CAN","0x0","接收成功","8","11 E5 B6 84 58 10 21 1F"
"7099","11:12:27.602","标准帧","数据帧","CAN","0x201","发送成功","4","00 00 80 3F"
"7100","11:12:27.602","标准帧","数据帧","CAN","0x0","接收成功","8","11 E5 BA 84 48 10 21 1F"
"7101","11:12:27.602","标准帧","数据帧","CAN","0x201","发送成功","4","00 00 80 3F"
"7102","11:12:27.602","标准帧","数据帧","CAN","0x0","接收成功","8","11 E5 BD 84 58 10 21 1F"
"7103","11:12:27.602","标准帧","数据帧","CAN","0x201","发送成功","4","00 00 80 3F"
"7104","11:12:27.602","标准帧","数据帧","CAN","0x0","接收成功","8","11 E5 C2 84 58 0E 21 1F"
"7105","11:12:27.602","标准帧","数据帧","CAN","0x201","发送成功","4","00 00 80 3F"
"7106","11:12:27.602","标准帧","数据帧","CAN","0x0","接收成功","8","11 E5 C7 84 58 0F 21 1F"
"7107","11:12:27.612","标准帧","数据帧","CAN","0x201","发送成功","4","00 00 80 3F"
"7108","11:12:27.612","标准帧","数据帧","CAN","0x0","接收成功","8","11 E5 C8 84 58 0F 21 1F"
"7109","11:12:27.612","标准帧","数据帧","CAN","0x201","发送成功","4","00 00 80 3F"
"7110","11:12:27.612","标准帧","数据帧","CAN","0x0","接收成功","8","11 E5 CD 84 48 0E 21 1F"
"7111","11:12:27.612","标准帧","数据帧","CAN","0x201","发送成功","4","00 00 80 3F"
"7112","11:12:27.612","标准帧","数据帧","CAN","0x0","接收成功","8","11 E5 D2 84 48 0F 21 1F"
"7113","11:12:27.612","标准帧","数据帧","CAN","0x201","发送成功","4","00 00 80 3F"
"7114","11:12:27.612","标准帧","数据帧","CAN","0x0","接收成功","8","11 E5 D5 84 28 10 21 1F"
"7115","11:12:27.612","标准帧","数据帧","CAN","0x201","发送成功","4","00 00 80 3F"
"7116","11:12:27.612","标准帧","数据帧","CAN","0x0","接收成功","8","11 E5 D9 84 18 11 21 1F"
"7117","11:12:27.612","标准帧","数据帧","CAN","0x201","发送成功","4","00 00 80 3F"
"7118","11:12:27.612","标准帧","数据帧","CAN","0x0","接收成功","8","11 E5 DE 84 18 13 21 1F"
"7119","11:12:27.623","标准帧","数据帧","CAN","0x201","发送成功","4","00 00 80 3F"
"7120","11:12:27.623","标准帧","数据帧","CAN","0x0","接收成功","8","11 E5 E4 84 18 14 21 1F"
"7121","11:12:27.623","标准帧","数据帧","CAN","0x201","发送成功","4","00 00 80 3F"
"7122","11:12:27.623","标准帧","数据帧","CAN","0x0","接收成功","8","11 E5 E5 84 38 15 21 1F"
"7123","11:12:27.623","标准帧","数据帧","CAN","0x201","发送成功","4","00 00 80 3F"
"7124","11:12:27.623","标准帧","数据帧","CAN","0x0","接收成功","8","11 E5 E7 84 18 14 21 1F"
"7125","11:12:27.623","标准帧","数据帧","CAN","0x201","发送成功","4","00 00 80 3F"
"7126","11:12:27.623","标准帧","数据帧","CAN","0x0","接收成功","8","11 E5 F4 84 58 12 21 1F"
"7127","11:12:27.623","标准帧","数据帧","CAN","0x201","发送成功","4","00 00 80 3F"
"7128","11:12:27.623","标准帧","数据帧","CAN","0x0","接收成功","8","11 E5 F9 84 58 10 21 1F"
"7129","11:12:27.623","标准帧","数据帧","CAN","0x201","发送成功","4","00 00 80 3F"
"7130","11:12:27.623","标准帧","数据帧","CAN","0x0","接收成功","8","11 E5 FA 84 58 10 21 1F"
"7131","11:12:27.655","标准帧","数据帧","CAN","0x201","发送成功","4","00 00 80 3F"
"7132","11:12:27.655","标准帧","数据帧","CAN","0x0","接收成功","8","11 E5 FE 84 68 10 21 1F"
"7133","11:12:27.655","标准帧","数据帧","CAN","0x201","发送成功","4","00 00 80 3F"
"7134","11:12:27.655","标准帧","数据帧","CAN","0x0","接收成功","8","11 E6 03 84 68 0F 21 1F"
"7135","11:12:27.655","标准帧","数据帧","CAN","0x201","发送成功","4","00 00 80 3F"
"7136","11:12:27.655","标准帧","数据帧","CAN","0x0","接收成功","8","11 E6 08 84 68 0F 21 1F"
"7137","11:12:27.655","标准帧","数据帧","CAN","0x201","发送成功","4","00 00 80 3F"
"7138","11:12:27.655","标准帧","数据帧","CAN","0x0","接收成功","8","11 E6 0C 84 48 0E 21 1F"
"7139","11:12:27.655","标准帧","数据帧","CAN","0x201","发送成功","4","00 00 80 3F"
"7140","11:12:27.655","标准帧","数据帧","CAN","0x0","接收成功","8","11 E6 0F 84 58 0F 21 1F"
"7141","11:12:27.666","标准帧","数据帧","CAN","0x201","发送成功","4","00 00 80 3F"
"7142","11:12:27.666","标准帧","数据帧","CAN","0x201","发送成功","4","00 00 80 3F"
"7143","11:12:27.666","标准帧","数据帧","CAN","0x0","接收成功","8","11 E6 63 84 18 14 21 1F"
"7144","11:12:27.666","标准帧","数据帧","CAN","0x0","接收成功","8","11 E6 63 84 18 14 21 1F"
"7145","11:12:27.666","标准帧","数据帧","CAN","0x201","发送成功","4","00 00 80 3F"
"7146","11:12:27.666","标准帧","数据帧","CAN","0x0","接收成功","8","11 E6 67 84 18 14 21 1F"
"7147","11:12:27.666","标准帧","数据帧","CAN","0x201","发送成功","4","00 00 80 3F"
"7148","11:12:27.666","标准帧","数据帧","CAN","0x0","接收成功","8","11 E6 6B 84 28 14 21 1F"
"7149","11:12:27.677","标准帧","数据帧","CAN","0x201","发送成功","4","00 00 80 3F"
"7150","11:12:27.677","标准帧","数据帧","CAN","0x0","接收成功","8","11 E6 70 84 38 13 21 1F"
"7151","11:12:27.677","标准帧","数据帧","CAN","0x201","发送成功","4","00 00 80 3F"
"7152","11:12:27.677","标准帧","数据帧","CAN","0x0","接收成功","8","11 E6 78 84 48 10 21 1F"
"7153","11:12:27.677","标准帧","数据帧","CAN","0x201","发送成功","4","00 00 80 3F"
"7154","11:12:27.677","标准帧","数据帧","CAN","0x0","接收成功","8","11 E6 7D 84 68 10 21 1F"
"7155","11:12:27.677","标准帧","数据帧","CAN","0x201","发送成功","4","00 00 80 3F"
"7156","11:12:27.677","标准帧","数据帧","CAN","0x0","接收成功","8","11 E6 82 84 68 0E 21 1F"
"7157","11:12:27.677","标准帧","数据帧","CAN","0x201","发送成功","4","00 00 80 3F"
"7158","11:12:27.677","标准帧","数据帧","CAN","0x0","接收成功","8","11 E6 86 84 68 0C 21 1F"
"7159","11:12:27.677","标准帧","数据帧","CAN","0x201","发送成功","4","00 00 80 3F"
"7160","11:12:27.687","标准帧","数据帧","CAN","0x0","接收成功","8","11 E6 8B 84 48 0D 21 1F"
"7161","11:12:27.687","标准帧","数据帧","CAN","0x201","发送成功","4","00 00 80 3F"
"7162","11:12:27.687","标准帧","数据帧","CAN","0x0","接收成功","8","11 E6 90 84 48 0F 21 1F"
"7163","11:12:27.687","标准帧","数据帧","CAN","0x201","发送成功","4","00 00 80 3F"
"7164","11:12:27.687","标准帧","数据帧","CAN","0x0","接收成功","8","11 E6 91 84 48 0F 21 1F"
"7165","11:12:27.687","标准帧","数据帧","CAN","0x201","发送成功","4","00 00 80 3F"
"7166","11:12:27.687","标准帧","数据帧","CAN","0x0","接收成功","8","11 E6 94 84 28 0F 21 1F"
"7167","11:12:27.687","标准帧","数据帧","CAN","0x201","发送成功","4","00 00 80 3F"
"7168","11:12:27.687","标准帧","数据帧","CAN","0x0","接收成功","8","11 E6 97 84 18 10 21 1F"
"7169","11:12:27.687","标准帧","数据帧","CAN","0x201","发送成功","4","00 00 80 3F"
"7170","11:12:27.687","标准帧","数据帧","CAN","0x0","接收成功","8","11 E6 9C 84 18 11 21 1F"
"7171","11:12:27.687","标准帧","数据帧","CAN","0x201","发送成功","4","00 00 80 3F"
"7172","11:12:27.687","标准帧","数据帧","CAN","0x0","接收成功","8","11 E6 A0 84 18 12 21 1F"
"7173","11:12:27.687","标准帧","数据帧","CAN","0x201","发送成功","4","00 00 80 3F"
"7174","11:12:27.687","标准帧","数据帧","CAN","0x0","接收成功","8","11 E6 A5 84 18 14 21 1F"
"7175","11:12:27.698","标准帧","数据帧","CAN","0x201","发送成功","4","00 00 80 3F"
"7176","11:12:27.698","标准帧","数据帧","CAN","0x0","接收成功","8","11 E6 A8 84 18 14 21 1F"
"7177","11:12:27.698","标准帧","数据帧","CAN","0x201","发送成功","4","00 00 80 3F"
"7178","11:12:27.698","标准帧","数据帧","CAN","0x0","接收成功","8","11 E6 AB 84 08 14 21 1F"
"7179","11:12:27.698","标准帧","数据帧","CAN","0x201","发送成功","4","00 00 80 3F"
"7180","11:12:27.698","标准帧","数据帧","CAN","0x0","接收成功","8","11 E6 B0 84 28 14 21 1F"
"7181","11:12:27.698","标准帧","数据帧","CAN","0x201","发送成功","4","00 00 80 3F"
"7182","11:12:27.698","标准帧","数据帧","CAN","0x0","接收成功","8","11 E6 B4 84 58 12 21 1F"
"7183","11:12:27.698","标准帧","数据帧","CAN","0x201","发送成功","4","00 00 80 3F"
"7184","11:12:27.698","标准帧","数据帧","CAN","0x0","接收成功","8","11 E6 B6 84 58 12 21 1F"
"7185","11:12:27.698","标准帧","数据帧","CAN","0x201","发送成功","4","00 00 80 3F"
"7186","11:12:27.698","标准帧","数据帧","CAN","0x0","接收成功","8","11 E6 BB 84 48 11 21 1F"
"7187","11:12:27.698","标准帧","数据帧","CAN","0x201","发送成功","4","00 00 80 3F"
"7188","11:12:27.698","标准帧","数据帧","CAN","0x0","接收成功","8","11 E6 BF 84 68 10 21 1F"
"7189","11:12:27.708","标准帧","数据帧","CAN","0x201","发送成功","4","00 00 80 3F"
"7190","11:12:27.708","标准帧","数据帧","CAN","0x0","接收成功","8","11 E6 C3 84 68 0F 21 1F"
"7191","11:12:27.708","标准帧","数据帧","CAN","0x201","发送成功","4","00 00 80 3F"
"7192","11:12:27.708","标准帧","数据帧","CAN","0x0","接收成功","8","11 E6 C8 84 68 0E 21 1F"
"7193","11:12:27.708","标准帧","数据帧","CAN","0x201","发送成功","4","00 00 80 3F"
"7194","11:12:27.708","标准帧","数据帧","CAN","0x0","接收成功","8","11 E6 CD 84 58 0D 21 1F"
"7195","11:12:27.708","标准帧","数据帧","CAN","0x201","发送成功","4","00 00 80 3F"
"7196","11:12:27.708","标准帧","数据帧","CAN","0x0","接收成功","8","11 E6 D1 84 38 0F 21 1F"
"7197","11:12:27.708","标准帧","数据帧","CAN","0x201","发送成功","4","00 00 80 3F"
"7198","11:12:27.708","标准帧","数据帧","CAN","0x0","接收成功","8","11 E6 D2 84 38 0F 21 1F"
"7199","11:12:27.708","标准帧","数据帧","CAN","0x201","发送成功","4","00 00 80 3F"
"7200","11:12:27.708","标准帧","数据帧","CAN","0x0","接收成功","8","11 E6 D7 84 38 0F 21 1F"
"7201","11:12:27.708","标准帧","数据帧","CAN","0x201","发送成功","4","00 00 80 3F"
"7202","11:12:27.708","标准帧","数据帧","CAN","0x0","接收成功","8","11 E6 DB 84 28 10 21 1F"
"7203","11:12:27.719","标准帧","数据帧","CAN","0x201","发送成功","4","00 00 80 3F"
"7204","11:12:27.719","标准帧","数据帧","CAN","0x0","接收成功","8","11 E6 DE 84 18 11 21 1F"
"7205","11:12:27.719","标准帧","数据帧","CAN","0x201","发送成功","4","00 00 80 3F"
"7206","11:12:27.719","标准帧","数据帧","CAN","0x0","接收成功","8","11 E6 E5 84 28 11 21 1F"
"7207","11:12:27.719","标准帧","数据帧","CAN","0x201","发送成功","4","00 00 80 3F"
"7208","11:12:27.719","标准帧","数据帧","CAN","0x0","接收成功","8","11 E6 E9 84 38 12 21 1F"
"7209","11:12:27.719","标准帧","数据帧","CAN","0x201","发送成功","4","00 00 80 3F"
"7210","11:12:27.719","标准帧","数据帧","CAN","0x0","接收成功","8","11 E6 EF 84 38 12 21 1F"
"7211","11:12:27.729","标准帧","数据帧","CAN","0x201","发送成功","4","00 00 80 3F"
"7212","11:12:27.729","标准帧","数据帧","CAN","0x0","接收成功","8","11 E7 03 84 48 10 21 1F"
"7213","11:12:27.729","标准帧","数据帧","CAN","0x201","发送成功","4","00 00 80 3F"
"7214","11:12:27.729","标准帧","数据帧","CAN","0x0","接收成功","8","11 E7 07 84 48 10 21 1F"
"7215","11:12:27.729","标准帧","数据帧","CAN","0x201","发送成功","4","00 00 80 3F"
"7216","11:12:27.729","标准帧","数据帧","CAN","0x0","接收成功","8","11 E7 08 84 58 10 21 1F"
"7217","11:12:27.729","标准帧","数据帧","CAN","0x201","发送成功","4","00 00 80 3F"
"7218","11:12:27.729","标准帧","数据帧","CAN","0x0","接收成功","8","11 E7 10 84 48 0F 21 1F"
"7219","11:12:27.762","标准帧","数据帧","CAN","0x201","发送成功","4","00 00 80 3F"
"7220","11:12:27.762","标准帧","数据帧","CAN","0x0","接收成功","8","11 E7 15 84 38 0F 21 1F"
"7221","11:12:27.772","标准帧","数据帧","CAN","0x201","发送成功","4","00 00 80 3F"
"7222","11:12:27.772","标准帧","数据帧","CAN","0x0","接收成功","8","11 E7 16 84 38 0F 21 1F"
"7223","11:12:27.772","标准帧","数据帧","CAN","0x201","发送成功","4","00 00 80 3F"
"7224","11:12:27.772","标准帧","数据帧","CAN","0x0","接收成功","8","11 E7 75 84 28 12 21 1F"
"7225","11:12:27.772","标准帧","数据帧","CAN","0x201","发送成功","4","00 00 80 3F"
"7226","11:12:27.772","标准帧","数据帧","CAN","0x0","接收成功","8","11 E7 7D 84 28 14 21 1F"
"7227","11:12:27.772","标准帧","数据帧","CAN","0x201","发送成功","4","00 00 80 3F"
"7228","11:12:27.772","标准帧","数据帧","CAN","0x0","接收成功","8","11 E7 80 84 28 14 21 1F"
"7229","11:12:27.782","标准帧","数据帧","CAN","0x201","发送成功","4","00 00 80 3F"
"7230","11:12:27.782","标准帧","数据帧","CAN","0x0","接收成功","8","11 E7 84 84 28 13 21 1F"
"7231","11:12:27.782","标准帧","数据帧","CAN","0x201","发送成功","4","00 00 80 3F"
"7232","11:12:27.782","标准帧","数据帧","CAN","0x0","接收成功","8","11 E7 85 84 48 13 21 1F"
"7233","11:12:27.782","标准帧","数据帧","CAN","0x201","发送成功","4","00 00 80 3F"
"7234","11:12:27.782","标准帧","数据帧","CAN","0x0","接收成功","8","11 E7 8A 84 48 12 21 1F"
"7235","11:12:27.782","标准帧","数据帧","CAN","0x201","发送成功","4","00 00 80 3F"
"7236","11:12:27.782","标准帧","数据帧","CAN","0x0","接收成功","8","11 E7 8E 84 58 11 21 1F"
"7237","11:12:27.782","标准帧","数据帧","CAN","0x201","发送成功","4","00 00 80 3F"
"7238","11:12:27.782","标准帧","数据帧","CAN","0x0","接收成功","8","11 E7 90 84 58 10 21 1F"
"7239","11:12:27.782","标准帧","数据帧","CAN","0x201","发送成功","4","00 00 80 3F"
"7240","11:12:27.782","标准帧","数据帧","CAN","0x0","接收成功","8","11 E7 99 84 68 0D 21 1F"
"7241","11:12:27.782","标准帧","数据帧","CAN","0x201","发送成功","4","00 00 80 3F"
"7242","11:12:27.782","标准帧","数据帧","CAN","0x0","接收成功","8","11 E7 9E 84 68 0C 21 1F"
"7243","11:12:27.793","标准帧","数据帧","CAN","0x201","发送成功","4","00 00 80 3F"
"7244","11:12:27.793","标准帧","数据帧","CAN","0x0","接收成功","8","11 E7 9F 84 68 0C 21 1F"
"7245","11:12:27.793","标准帧","数据帧","CAN","0x201","发送成功","4","00 00 80 3F"
"7246","11:12:27.793","标准帧","数据帧","CAN","0x0","接收成功","8","11 E7 A3 84 68 0D 21 1F"
"7247","11:12:27.793","标准帧","数据帧","CAN","0x201","发送成功","4","00 00 80 3F"
"7248","11:12:27.793","标准帧","数据帧","CAN","0x0","接收成功","8","11 E7 AA 84 38 0E 21 1F"
"7249","11:12:27.793","标准帧","数据帧","CAN","0x201","发送成功","4","00 00 80 3F"
"7250","11:12:27.793","标准帧","数据帧","CAN","0x0","接收成功","8","11 E7 AE 84 28 0F 21 1F"
"7251","11:12:27.793","标准帧","数据帧","CAN","0x201","发送成功","4","00 00 80 3F"
"7252","11:12:27.793","标准帧","数据帧","CAN","0x0","接收成功","8","11 E7 AF 84 28 0F 21 1F"
"7253","11:12:27.793","标准帧","数据帧","CAN","0x201","发送成功","4","00 00 80 3F"
"7254","11:12:27.793","标准帧","数据帧","CAN","0x0","接收成功","8","11 E7 B2 84 28 10 21 1F"
"7255","11:12:27.793","标准帧","数据帧","CAN","0x201","发送成功","4","00 00 80 3F"
"7256","11:12:27.793","标准帧","数据帧","CAN","0x0","接收成功","8","11 E7 B5 84 08 11 21 1F"
"7257","11:12:27.804","标准帧","数据帧","CAN","0x201","发送成功","4","00 00 80 3F"
"7258","11:12:27.804","标准帧","数据帧","CAN","0x0","接收成功","8","11 E7 BB 84 18 13 21 1F"
"7259","11:12:27.804","标准帧","数据帧","CAN","0x201","发送成功","4","00 00 80 3F"
"7260","11:12:27.804","标准帧","数据帧","CAN","0x0","接收成功","8","11 E7 C3 84 18 14 21 1F"
"7261","11:12:27.804","标准帧","数据帧","CAN","0x201","发送成功","4","00 00 80 3F"
"7262","11:12:27.804","标准帧","数据帧","CAN","0x0","接收成功","8","11 E7 C8 84 28 13 21 1F"
"7263","11:12:27.804","标准帧","数据帧","CAN","0x201","发送成功","4","00 00 80 3F"
"7264","11:12:27.804","标准帧","数据帧","CAN","0x0","接收成功","8","11 E7 CB 84 38 13 21 1F"
"7265","11:12:27.804","标准帧","数据帧","CAN","0x201","发送成功","4","00 00 80 3F"
"7266","11:12:27.804","标准帧","数据帧","CAN","0x0","接收成功","8","11 E7 CC 84 48 12 21 1F"
"7267","11:12:27.804","标准帧","数据帧","CAN","0x201","发送成功","4","00 00 80 3F"
"7268","11:12:27.804","标准帧","数据帧","CAN","0x0","接收成功","8","11 E7 D1 84 48 11 21 1F"
"7269","11:12:27.804","标准帧","数据帧","CAN","0x201","发送成功","4","00 00 80 3F"
"7270","11:12:27.814","标准帧","数据帧","CAN","0x0","接收成功","8","11 E7 D7 84 58 0F 21 1F"
"7271","11:12:27.814","标准帧","数据帧","CAN","0x201","发送成功","4","00 00 80 3F"
"7272","11:12:27.814","标准帧","数据帧","CAN","0x0","接收成功","8","11 E7 D8 84 58 0F 21 1F"
"7273","11:12:27.814","标准帧","数据帧","CAN","0x201","发送成功","4","00 00 80 3F"
"7274","11:12:27.814","标准帧","数据帧","CAN","0x0","接收成功","8","11 E7 DC 84 78 0E 21 1F"
"7275","11:12:27.814","标准帧","数据帧","CAN","0x201","发送成功","4","00 00 80 3F"
"7276","11:12:27.814","标准帧","数据帧","CAN","0x0","接收成功","8","11 E7 E0 84 68 0E 21 1F"
"7277","11:12:27.814","标准帧","数据帧","CAN","0x201","发送成功","4","00 00 80 3F"
"7278","11:12:27.814","标准帧","数据帧","CAN","0x0","接收成功","8","11 E7 E3 84 58 0E 21 1F"
"7279","11:12:27.814","标准帧","数据帧","CAN","0x201","发送成功","4","00 00 80 3F"
"7280","11:12:27.814","标准帧","数据帧","CAN","0x0","接收成功","8","11 E7 E5 84 48 0E 21 1F"
"7281","11:12:27.814","标准帧","数据帧","CAN","0x201","发送成功","4","00 00 80 3F"
"7282","11:12:27.814","标准帧","数据帧","CAN","0x0","接收成功","8","11 E7 EA 84 28 0F 21 1F"
"7283","11:12:27.814","标准帧","数据帧","CAN","0x201","发送成功","4","00 00 80 3F"
"7284","11:12:27.814","标准帧","数据帧","CAN","0x0","接收成功","8","11 E7 F1 84 38 10 21 1F"
"7285","11:12:27.814","标准帧","数据帧","CAN","0x201","发送成功","4","00 00 80 3F"
"7286","11:12:27.814","标准帧","数据帧","CAN","0x0","接收成功","8","11 E7 F4 84 28 11 21 1F"
"7287","11:12:27.825","标准帧","数据帧","CAN","0x201","发送成功","4","00 00 80 3F"
"7288","11:12:27.825","标准帧","数据帧","CAN","0x0","接收成功","8","11 E7 F4 84 28 11 21 1F"
"7289","11:12:27.825","标准帧","数据帧","CAN","0x201","发送成功","4","00 00 80 3F"
"7290","11:12:27.825","标准帧","数据帧","CAN","0x0","接收成功","8","11 E8 03 84 38 13 21 1F"
"7291","11:12:27.825","标准帧","数据帧","CAN","0x201","发送成功","4","00 00 80 3F"
"7292","11:12:27.825","标准帧","数据帧","CAN","0x0","接收成功","8","11 E8 06 84 28 12 21 1F"
"7293","11:12:27.825","标准帧","数据帧","CAN","0x201","发送成功","4","00 00 80 3F"
"7294","11:12:27.825","标准帧","数据帧","CAN","0x0","接收成功","8","11 E8 07 84 28 12 21 1F"
"7295","11:12:27.825","标准帧","数据帧","CAN","0x201","发送成功","4","00 00 80 3F"
"7296","11:12:27.825","标准帧","数据帧","CAN","0x0","接收成功","8","11 E8 0C 84 48 12 21 1F"
"7297","11:12:27.857","标准帧","数据帧","CAN","0x201","发送成功","4","00 00 80 3F"
"7298","11:12:27.857","标准帧","数据帧","CAN","0x0","接收成功","8","11 E8 10 84 58 11 21 1F"
"7299","11:12:27.857","标准帧","数据帧","CAN","0x201","发送成功","4","00 00 80 3F"
"7300","11:12:27.857","标准帧","数据帧","CAN","0x0","接收成功","8","11 E8 11 84 58 10 21 1F"
"7301","11:12:27.857","标准帧","数据帧","CAN","0x201","发送成功","4","00 00 80 3F"
"7302","11:12:27.857","标准帧","数据帧","CAN","0x0","接收成功","8","11 E8 15 84 68 0F 21 1F"
"7303","11:12:27.857","标准帧","数据帧","CAN","0x201","发送成功","4","00 00 80 3F"
"7304","11:12:27.857","标准帧","数据帧","CAN","0x0","接收成功","8","11 E8 1C 84 78 0D 21 1F"
"7305","11:12:27.857","标准帧","数据帧","CAN","0x201","发送成功","4","00 00 80 3F"
"7306","11:12:27.857","标准帧","数据帧","CAN","0x0","接收成功","8","11 E8 1D 84 78 0D 21 1F"
"7307","11:12:27.857","标准帧","数据帧","CAN","0x201","发送成功","4","00 00 80 3F"
"7308","11:12:27.857","标准帧","数据帧","CAN","0x0","接收成功","8","11 E8 20 84 58 0C 21 1F"
"7309","11:12:27.867","标准帧","数据帧","CAN","0x201","发送成功","4","00 00 80 3F"
"7310","11:12:27.867","标准帧","数据帧","CAN","0x0","接收成功","8","11 E8 22 84 58 0C 21 1F"
"7311","11:12:27.867","标准帧","数据帧","CAN","0x201","发送成功","4","00 00 80 3F"
"7312","11:12:27.867","标准帧","数据帧","CAN","0x0","接收成功","8","11 E8 70 84 38 0E 21 1F"
"7313","11:12:27.867","标准帧","数据帧","CAN","0x201","发送成功","4","00 00 80 3F"
"7314","11:12:27.867","标准帧","数据帧","CAN","0x0","接收成功","8","11 E8 74 84 18 10 21 1F"
"7315","11:12:27.867","标准帧","数据帧","CAN","0x201","发送成功","4","00 00 80 3F"
"7316","11:12:27.867","标准帧","数据帧","CAN","0x0","接收成功","8","11 E8 78 84 28 10 21 1F"
"7317","11:12:27.878","标准帧","数据帧","CAN","0x201","发送成功","4","00 00 80 3F"
"7318","11:12:27.878","标准帧","数据帧","CAN","0x0","接收成功","8","11 E8 7D 84 38 10 21 1F"
"7319","11:12:27.878","标准帧","数据帧","CAN","0x201","发送成功","4","00 00 80 3F"
"7320","11:12:27.878","标准帧","数据帧","CAN","0x0","接收成功","8","11 E8 83 84 28 11 21 1F"
"7321","11:12:27.878","标准帧","数据帧","CAN","0x201","发送成功","4","00 00 80 3F"
"7322","11:12:27.878","标准帧","数据帧","CAN","0x0","接收成功","8","11 E8 89 84 38 11 21 1F"
"7323","11:12:27.878","标准帧","数据帧","CAN","0x201","发送成功","4","00 00 80 3F"
"7324","11:12:27.878","标准帧","数据帧","CAN","0x0","接收成功","8","11 E8 8D 84 28 11 21 1F"
"7325","11:12:27.878","标准帧","数据帧","CAN","0x201","发送成功","4","00 00 80 3F"
"7326","11:12:27.878","标准帧","数据帧","CAN","0x0","接收成功","8","11 E8 8E 84 38 11 21 1F"
"7327","11:12:27.878","标准帧","数据帧","CAN","0x201","发送成功","4","00 00 80 3F"
"7328","11:12:27.878","标准帧","数据帧","CAN","0x0","接收成功","8","11 E8 92 84 48 11 21 1F"
"7329","11:12:27.878","标准帧","数据帧","CAN","0x201","发送成功","4","00 00 80 3F"
"7330","11:12:27.878","标准帧","数据帧","CAN","0x0","接收成功","8","11 E8 95 84 38 10 21 1F"
"7331","11:12:27.878","标准帧","数据帧","CAN","0x201","发送成功","4","00 00 80 3F"
"7332","11:12:27.878","标准帧","数据帧","CAN","0x0","接收成功","8","11 E8 97 84 38 10 21 1F"
"7333","11:12:27.878","标准帧","数据帧","CAN","0x201","发送成功","4","00 00 80 3F"
"7334","11:12:27.888","标准帧","数据帧","CAN","0x0","接收成功","8","11 E8 9C 84 58 10 21 1F"
"7335","11:12:27.888","标准帧","数据帧","CAN","0x201","发送成功","4","00 00 80 3F"
"7336","11:12:27.888","标准帧","数据帧","CAN","0x0","接收成功","8","11 E8 9D 84 58 10 21 1F"
"7337","11:12:27.888","标准帧","数据帧","CAN","0x201","发送成功","4","00 00 80 3F"
"7338","11:12:27.888","标准帧","数据帧","CAN","0x0","接收成功","8","11 E8 A2 84 38 0F 21 1F"
"7339","11:12:27.888","标准帧","数据帧","CAN","0x201","发送成功","4","00 00 80 3F"
"7340","11:12:27.888","标准帧","数据帧","CAN","0x0","接收成功","8","11 E8 A5 84 38 10 21 1F"
"7341","11:12:27.888","标准帧","数据帧","CAN","0x201","发送成功","4","00 00 80 3F"
"7342","11:12:27.888","标准帧","数据帧","CAN","0x0","接收成功","8","11 E8 A9 84 38 10 21 1F"
"7343","11:12:27.888","标准帧","数据帧","CAN","0x201","发送成功","4","00 00 80 3F"
"7344","11:12:27.888","标准帧","数据帧","CAN","0x0","接收成功","8","11 E8 AF 84 48 10 21 1F"
"7345","11:12:27.888","标准帧","数据帧","CAN","0x201","发送成功","4","00 00 80 3F"
"7346","11:12:27.888","标准帧","数据帧","CAN","0x0","接收成功","8","11 E8 B3 84 38 10 21 1F"
"7347","11:12:27.888","标准帧","数据帧","CAN","0x201","发送成功","4","00 00 80 3F"
"7348","11:12:27.888","标准帧","数据帧","CAN","0x0","接收成功","8","11 E8 B6 84 28 10 21 1F"
"7349","11:12:27.888","标准帧","数据帧","CAN","0x201","发送成功","4","00 00 80 3F"
"7350","11:12:27.888","标准帧","数据帧","CAN","0x0","接收成功","8","11 E8 B7 84 28 10 21 1F"
"7351","11:12:27.899","标准帧","数据帧","CAN","0x201","发送成功","4","00 00 80 3F"
"7352","11:12:27.899","标准帧","数据帧","CAN","0x0","接收成功","8","11 E8 BA 84 28 11 21 1F"
"7353","11:12:27.899","标准帧","数据帧","CAN","0x201","发送成功","4","00 00 80 3F"
"7354","11:12:27.899","标准帧","数据帧","CAN","0x0","接收成功","8","11 E8 BD 84 38 10 21 1F"
"7355","11:12:27.899","标准帧","数据帧","CAN","0x201","发送成功","4","00 00 80 3F"
"7356","11:12:27.899","标准帧","数据帧","CAN","0x0","接收成功","8","11 E8 C3 84 38 10 21 1F"
"7357","11:12:27.899","标准帧","数据帧","CAN","0x201","发送成功","4","00 00 80 3F"
"7358","11:12:27.899","标准帧","数据帧","CAN","0x0","接收成功","8","11 E8 C7 84 28 11 21 1F"
"7359","11:12:27.899","标准帧","数据帧","CAN","0x201","发送成功","4","00 00 80 3F"
"7360","11:12:27.899","标准帧","数据帧","CAN","0x0","接收成功","8","11 E8 C8 84 48 11 21 1F"
"7361","11:12:27.899","标准帧","数据帧","CAN","0x201","发送成功","4","00 00 80 3F"
"7362","11:12:27.899","标准帧","数据帧","CAN","0x0","接收成功","8","11 E8 CE 84 38 11 21 1F"
"7363","11:12:27.899","标准帧","数据帧","CAN","0x201","发送成功","4","00 00 80 3F"
"7364","11:12:27.899","标准帧","数据帧","CAN","0x0","接收成功","8","11 E8 D2 84 38 11 21 1F"
"7365","11:12:27.910","标准帧","数据帧","CAN","0x201","发送成功","4","00 00 80 3F"
"7366","11:12:27.910","标准帧","数据帧","CAN","0x0","接收成功","8","11 E8 D6 84 28 11 21 1F"
"7367","11:12:27.910","标准帧","数据帧","CAN","0x201","发送成功","4","00 00 80 3F"
"7368","11:12:27.910","标准帧","数据帧","CAN","0x0","接收成功","8","11 E8 DC 84 28 11 21 1F"
"7369","11:12:27.910","标准帧","数据帧","CAN","0x201","发送成功","4","00 00 80 3F"
"7370","11:12:27.910","标准帧","数据帧","CAN","0x0","接收成功","8","11 E8 DF 84 28 12 21 1F"
"7371","11:12:27.910","标准帧","数据帧","CAN","0x201","发送成功","4","00 00 80 3F"
"7372","11:12:27.910","标准帧","数据帧","CAN","0x0","接收成功","8","11 E8 E3 84 38 11 21 1F"
"7373","11:12:27.910","标准帧","数据帧","CAN","0x201","发送成功","4","00 00 80 3F"
"7374","11:12:27.910","标准帧","数据帧","CAN","0x0","接收成功","8","11 E8 E7 84 48 10 21 1F"
"7375","11:12:27.910","标准帧","数据帧","CAN","0x201","发送成功","4","00 00 80 3F"
"7376","11:12:27.910","标准帧","数据帧","CAN","0x0","接收成功","8","11 E8 EC 84 38 10 21 1F"
"7377","11:12:27.920","标准帧","数据帧","CAN","0x201","发送成功","4","00 00 80 3F"
"7378","11:12:27.920","标准帧","数据帧","CAN","0x0","接收成功","8","11 E8 F1 84 58 10 21 1F"
"7379","11:12:27.920","标准帧","数据帧","CAN","0x201","发送成功","4","00 00 80 3F"
"7380","11:12:27.920","标准帧","数据帧","CAN","0x0","接收成功","8","11 E8 F5 84 68 10 21 1F"
"7381","11:12:27.920","标准帧","数据帧","CAN","0x201","发送成功","4","00 00 80 3F"
"7382","11:12:27.920","标准帧","数据帧","CAN","0x0","接收成功","8","11 E8 F8 84 48 0F 21 1F"
"7383","11:12:27.920","标准帧","数据帧","CAN","0x201","发送成功","4","00 00 80 3F"
"7384","11:12:27.920","标准帧","数据帧","CAN","0x0","接收成功","8","11 E8 FB 84 58 0F 21 1F"
"7385","11:12:27.920","标准帧","数据帧","CAN","0x201","发送成功","4","00 00 80 3F"
"7386","11:12:27.920","标准帧","数据帧","CAN","0x0","接收成功","8","11 E8 FE 84 58 0E 21 1F"
"7387","11:12:27.962","标准帧","数据帧","CAN","0x201","发送成功","4","00 00 80 3F"
"7388","11:12:27.962","标准帧","数据帧","CAN","0x0","接收成功","8","11 E9 0E 84 38 0F 21 1F"
"7389","11:12:27.962","标准帧","数据帧","CAN","0x201","发送成功","4","00 00 80 3F"
"7390","11:12:27.962","标准帧","数据帧","CAN","0x0","接收成功","8","11 E9 11 84 18 10 21 1F"
"7391","11:12:27.962","标准帧","数据帧","CAN","0x201","发送成功","4","00 00 80 3F"
"7392","11:12:27.962","标准帧","数据帧","CAN","0x0","接收成功","8","11 E9 12 84 18 10 21 1F"
"7393","11:12:27.962","标准帧","数据帧","CAN","0x201","发送成功","4","00 00 80 3F"
"7394","11:12:27.962","标准帧","数据帧","CAN","0x0","接收成功","8","11 E9 16 84 18 11 21 1F"
"7395","11:12:27.962","标准帧","数据帧","CAN","0x201","发送成功","4","00 00 80 3F"
"7396","11:12:27.962","标准帧","数据帧","CAN","0x0","接收成功","8","11 E9 1C 84 08 12 21 1F"
"7397","11:12:27.962","标准帧","数据帧","CAN","0x201","发送成功","4","00 00 80 3F"
"7398","11:12:27.962","标准帧","数据帧","CAN","0x0","接收成功","8","11 E9 20 84 08 13 21 1F"
"7399","11:12:27.962","标准帧","数据帧","CAN","0x201","发送成功","4","00 00 80 3F"
"7400","11:12:27.962","标准帧","数据帧","CAN","0x0","接收成功","8","11 E9 24 84 38 13 21 1F"
"7401","11:12:27.962","标准帧","数据帧","CAN","0x201","发送成功","4","00 00 80 3F"
"7402","11:12:27.962","标准帧","数据帧","CAN","0x0","接收成功","8","11 E9 28 84 38 12 21 1F"
"7403","11:12:27.962","标准帧","数据帧","CAN","0x201","发送成功","4","00 00 80 3F"
"7404","11:12:27.962","标准帧","数据帧","CAN","0x0","接收成功","8","11 E9 75 84 58 0E 21 1F"
"7405","11:12:27.962","标准帧","数据帧","CAN","0x201","发送成功","4","00 00 80 3F"
"7406","11:12:27.962","标准帧","数据帧","CAN","0x0","接收成功","8","11 E9 77 84 78 0D 21 1F"
"7407","11:12:27.962","标准帧","数据帧","CAN","0x201","发送成功","4","00 00 80 3F"
"7408","11:12:27.962","标准帧","数据帧","CAN","0x0","接收成功","8","11 E9 7B 84 78 0C 21 1F"
"7409","11:12:27.973","标准帧","数据帧","CAN","0x201","发送成功","4","00 00 80 3F"
"7410","11:12:27.973","标准帧","数据帧","CAN","0x0","接收成功","8","11 E9 7E 84 58 0C 21 1F"
"7411","11:12:27.973","标准帧","数据帧","CAN","0x201","发送成功","4","00 00 80 3F"
"7412","11:12:27.973","标准帧","数据帧","CAN","0x0","接收成功","8","11 E9 82 84 48 0D 21 1F"
"7413","11:12:27.973","标准帧","数据帧","CAN","0x201","发送成功","4","00 00 80 3F"
"7414","11:12:27.973","标准帧","数据帧","CAN","0x0","接收成功","8","11 E9 85 84 58 0D 21 1F"
"7415","11:12:27.973","标准帧","数据帧","CAN","0x201","发送成功","4","00 00 80 3F"
"7416","11:12:27.973","标准帧","数据帧","CAN","0x0","接收成功","8","11 E9 8B 84 28 0E 21 1F"
"7417","11:12:27.973","标准帧","数据帧","CAN","0x201","发送成功","4","00 00 80 3F"
"7418","11:12:27.973","标准帧","数据帧","CAN","0x0","接收成功","8","11 E9 8F 84 18 0F 21 1F"
"7419","11:12:27.973","标准帧","数据帧","CAN","0x201","发送成功","4","00 00 80 3F"
"7420","11:12:27.973","标准帧","数据帧","CAN","0x0","接收成功","8","11 E9 90 84 38 10 21 1F"
"7421","11:12:27.973","标准帧","数据帧","CAN","0x201","发送成功","4","00 00 80 3F"
"7422","11:12:27.973","标准帧","数据帧","CAN","0x0","接收成功","8","11 E9 94 84 18 10 21 1F"
"7423","11:12:27.973","标准帧","数据帧","CAN","0x201","发送成功","4","00 00 80 3F"
"7424","11:12:27.973","标准帧","数据帧","CAN","0x0","接收成功","8","11 E9 97 84 08 12 21 1F"
"7425","11:12:27.984","标准帧","数据帧","CAN","0x201","发送成功","4","00 00 80 3F"
"7426","11:12:27.984","标准帧","数据帧","CAN","0x0","接收成功","8","11 E9 9B 84 08 13 21 1F"
"7427","11:12:27.984","标准帧","数据帧","CAN","0x201","发送成功","4","00 00 80 3F"
"7428","11:12:27.984","标准帧","数据帧","CAN","0x0","接收成功","8","11 E9 9F 84 18 13 21 1F"
"7429","11:12:27.984","标准帧","数据帧","CAN","0x201","发送成功","4","00 00 80 3F"
"7430","11:12:27.984","标准帧","数据帧","CAN","0x0","接收成功","8","11 E9 A3 84 18 13 21 1F"
"7431","11:12:27.984","标准帧","数据帧","CAN","0x201","发送成功","4","00 00 80 3F"
"7432","11:12:27.984","标准帧","数据帧","CAN","0x0","接收成功","8","11 E9 A6 84 28 13 21 1F"
"7433","11:12:27.984","标准帧","数据帧","CAN","0x201","发送成功","4","00 00 80 3F"
"7434","11:12:27.984","标准帧","数据帧","CAN","0x0","接收成功","8","11 E9 AA 84 58 12 21 1F"
"7435","11:12:27.984","标准帧","数据帧","CAN","0x201","发送成功","4","00 00 80 3F"
"7436","11:12:27.984","标准帧","数据帧","CAN","0x0","接收成功","8","11 E9 AB 84 38 11 21 1F"
"7437","11:12:27.984","标准帧","数据帧","CAN","0x201","发送成功","4","00 00 80 3F"
"7438","11:12:27.984","标准帧","数据帧","CAN","0x0","接收成功","8","11 E9 AF 84 68 10 21 1F"
"7439","11:12:27.995","标准帧","数据帧","CAN","0x201","发送成功","4","00 00 80 3F"
"7440","11:12:27.995","标准帧","数据帧","CAN","0x0","接收成功","8","11 E9 B5 84 58 0F 21 1F"
"7441","11:12:27.995","标准帧","数据帧","CAN","0x201","发送成功","4","00 00 80 3F"
"7442","11:12:27.995","标准帧","数据帧","CAN","0x0","接收成功","8","11 E9 B9 84 58 0D 21 1F"
"7443","11:12:27.995","标准帧","数据帧","CAN","0x201","发送成功","4","00 00 80 3F"
"7444","11:12:27.995","标准帧","数据帧","CAN","0x0","接收成功","8","11 E9 BD 84 68 0D 21 1F"
"7445","11:12:27.995","标准帧","数据帧","CAN","0x201","发送成功","4","00 00 80 3F"
"7446","11:12:27.995","标准帧","数据帧","CAN","0x0","接收成功","8","11 E9 C2 84 78 0D 21 1F"
"7447","11:12:27.995","标准帧","数据帧","CAN","0x201","发送成功","4","00 00 80 3F"
"7448","11:12:27.995","标准帧","数据帧","CAN","0x0","接收成功","8","11 E9 C4 84 38 0D 21 1F"
"7449","11:12:27.995","标准帧","数据帧","CAN","0x201","发送成功","4","00 00 80 3F"
"7450","11:12:27.995","标准帧","数据帧","CAN","0x0","接收成功","8","11 E9 C5 84 38 0D 21 1F"
"7451","11:12:27.995","标准帧","数据帧","CAN","0x201","发送成功","4","00 00 80 3F"
"7452","11:12:27.995","标准帧","数据帧","CAN","0x0","接收成功","8","11 E9 CA 84 28 0F 21 1F"
"7453","11:12:27.995","标准帧","数据帧","CAN","0x201","发送成功","4","00 00 80 3F"
"7454","11:12:27.995","标准帧","数据帧","CAN","0x0","接收成功","8","11 E9 CE 84 28 0F 21 1F"
"7455","11:12:28.005","标准帧","数据帧","CAN","0x201","发送成功","4","00 00 80 3F"
"7456","11:12:28.005","标准帧","数据帧","CAN","0x0","接收成功","8","11 E9 D2 84 28 0F 21 1F"
"7457","11:12:28.005","标准帧","数据帧","CAN","0x201","发送成功","4","00 00 80 3F"
"7458","11:12:28.005","标准帧","数据帧","CAN","0x0","接收成功","8","11 E9 D5 84 18 10 21 1F"
"7459","11:12:28.005","标准帧","数据帧","CAN","0x201","发送成功","4","00 00 80 3F"
"7460","11:12:28.005","标准帧","数据帧","CAN","0x0","接收成功","8","11 E9 D8 84 28 12 21 1F"
"7461","11:12:28.005","标准帧","数据帧","CAN","0x201","发送成功","4","00 00 80 3F"
"7462","11:12:28.005","标准帧","数据帧","CAN","0x0","接收成功","8","11 E9 DB 84 18 11 21 1F"
"7463","11:12:28.005","标准帧","数据帧","CAN","0x201","发送成功","4","00 00 80 3F"
"7464","11:12:28.005","标准帧","数据帧","CAN","0x0","接收成功","8","11 E9 DC 84 18 11 21 1F"
"7465","11:12:28.005","标准帧","数据帧","CAN","0x201","发送成功","4","00 00 80 3F"
"7466","11:12:28.005","标准帧","数据帧","CAN","0x0","接收成功","8","11 E9 E1 84 08 13 21 1F"
"7467","11:12:28.005","标准帧","数据帧","CAN","0x201","发送成功","4","00 00 80 3F"
"7468","11:12:28.005","标准帧","数据帧","CAN","0x0","接收成功","8","11 E9 E5 84 28 12 21 1F"
"7469","11:12:28.005","标准帧","数据帧","CAN","0x201","发送成功","4","00 00 80 3F"
"7470","11:12:28.005","标准帧","数据帧","CAN","0x0","接收成功","8","11 E9 E9 84 48 12 21 1F"
"7471","11:12:28.016","标准帧","数据帧","CAN","0x201","发送成功","4","00 00 80 3F"
"7472","11:12:28.016","标准帧","数据帧","CAN","0x0","接收成功","8","11 E9 ED 84 48 11 21 1F"
"7473","11:12:28.016","标准帧","数据帧","CAN","0x201","发送成功","4","00 00 80 3F"
"7474","11:12:28.016","标准帧","数据帧","CAN","0x0","接收成功","8","11 E9 F1 84 58 10 21 1F"
"7475","11:12:28.016","标准帧","数据帧","CAN","0x201","发送成功","4","00 00 80 3F"
"7476","11:12:28.016","标准帧","数据帧","CAN","0x0","接收成功","8","11 E9 F6 84 68 0E 21 1F"
"7477","11:12:28.016","标准帧","数据帧","CAN","0x201","发送成功","4","00 00 80 3F"
"7478","11:12:28.016","标准帧","数据帧","CAN","0x0","接收成功","8","11 E9 FB 84 68 0E 21 1F"
"7479","11:12:28.016","标准帧","数据帧","CAN","0x201","发送成功","4","00 00 80 3F"
"7480","11:12:28.016","标准帧","数据帧","CAN","0x0","接收成功","8","11 E9 FF 84 58 0D 21 1F"
"7481","11:12:28.016","标准帧","数据帧","CAN","0x201","发送成功","4","00 00 80 3F"
"7482","11:12:28.016","标准帧","数据帧","CAN","0x0","接收成功","8","11 EA 02 84 58 0D 21 1F"
"7483","11:12:28.027","标准帧","数据帧","CAN","0x201","发送成功","4","00 00 80 3F"
"7484","11:12:28.027","标准帧","数据帧","CAN","0x0","接收成功","8","11 EA 06 84 38 0D 21 1F"
"7485","11:12:28.027","标准帧","数据帧","CAN","0x201","发送成功","4","00 00 80 3F"
"7486","11:12:28.027","标准帧","数据帧","CAN","0x0","接收成功","8","11 EA 17 84 28 10 21 1F"
"7487","11:12:28.027","标准帧","数据帧","CAN","0x201","发送成功","4","00 00 80 3F"
"7488","11:12:28.027","标准帧","数据帧","CAN","0x0","接收成功","8","11 EA 1A 84 38 10 21 1F"
"7489","11:12:28.027","标准帧","数据帧","CAN","0x201","发送成功","4","00 00 80 3F"
"7490","11:12:28.027","标准帧","数据帧","CAN","0x0","接收成功","8","11 EA 1B 84 38 10 21 1F"
"7491","11:12:28.027","标准帧","数据帧","CAN","0x201","发送成功","4","00 00 80 3F"
"7492","11:12:28.027","标准帧","数据帧","CAN","0x0","接收成功","8","11 EA 21 84 28 10 21 1F"
"7493","11:12:28.058","标准帧","数据帧","CAN","0x201","发送成功","4","00 00 80 3F"
"7494","11:12:28.058","标准帧","数据帧","CAN","0x0","接收成功","8","11 EA 25 84 38 11 21 1F"
"7495","11:12:28.058","标准帧","数据帧","CAN","0x201","发送成功","4","00 00 80 3F"
"7496","11:12:28.058","标准帧","数据帧","CAN","0x0","接收成功","8","11 EA 26 84 38 11 21 1F"
"7497","11:12:28.058","标准帧","数据帧","CAN","0x201","发送成功","4","00 00 80 3F"
"7498","11:12:28.058","标准帧","数据帧","CAN","0x0","接收成功","8","11 EA 2A 84 38 11 21 1F"
"7499","11:12:28.058","标准帧","数据帧","CAN","0x201","发送成功","4","00 00 80 3F"
"7500","11:12:28.058","标准帧","数据帧","CAN","0x0","接收成功","8","11 EA 2B 84 38 11 21 1F"
"7501","11:12:28.069","标准帧","数据帧","CAN","0x201","发送成功","4","00 00 80 3F"
"7502","11:12:28.069","标准帧","数据帧","CAN","0x0","接收成功","8","11 EA 30 84 48 10 21 1F"
"7503","11:12:28.069","标准帧","数据帧","CAN","0x201","发送成功","4","00 00 80 3F"
"7504","11:12:28.069","标准帧","数据帧","CAN","0x0","接收成功","8","11 EA 7B 84 38 11 21 1F"
"7505","11:12:28.069","标准帧","数据帧","CAN","0x201","发送成功","4","00 00 80 3F"
"7506","11:12:28.069","标准帧","数据帧","CAN","0x0","接收成功","8","11 EA 7F 84 38 11 21 1F"
"7507","11:12:28.069","标准帧","数据帧","CAN","0x201","发送成功","4","00 00 80 3F"
"7508","11:12:28.069","标准帧","数据帧","CAN","0x0","接收成功","8","11 EA 82 84 48 11 21 1F"
"7509","11:12:28.069","标准帧","数据帧","CAN","0x201","发送成功","4","00 00 80 3F"
"7510","11:12:28.069","标准帧","数据帧","CAN","0x0","接收成功","8","11 EA 85 84 58 10 21 1F"
"7511","11:12:28.069","标准帧","数据帧","CAN","0x201","发送成功","4","00 00 80 3F"
"7512","11:12:28.069","标准帧","数据帧","CAN","0x0","接收成功","8","11 EA 86 84 58 0F 21 1F"
"7513","11:12:28.069","标准帧","数据帧","CAN","0x201","发送成功","4","00 00 80 3F"
"7514","11:12:28.069","标准帧","数据帧","CAN","0x0","接收成功","8","11 EA 8A 84 48 0F 21 1F"
"7515","11:12:28.069","标准帧","数据帧","CAN","0x201","发送成功","4","00 00 80 3F"
"7516","11:12:28.069","标准帧","数据帧","CAN","0x0","接收成功","8","11 EA 90 84 58 10 21 1F"
"7517","11:12:28.079","标准帧","数据帧","CAN","0x201","发送成功","4","00 00 80 3F"
"7518","11:12:28.079","标准帧","数据帧","CAN","0x0","接收成功","8","11 EA 93 84 58 0E 21 1F"
"7519","11:12:28.079","标准帧","数据帧","CAN","0x201","发送成功","4","00 00 80 3F"
"7520","11:12:28.079","标准帧","数据帧","CAN","0x0","接收成功","8","11 EA 97 84 48 0E 21 1F"
"7521","11:12:28.079","标准帧","数据帧","CAN","0x201","发送成功","4","00 00 80 3F"
"7522","11:12:28.079","标准帧","数据帧","CAN","0x0","接收成功","8","11 EA 99 84 68 0F 21 1F"
"7523","11:12:28.079","标准帧","数据帧","CAN","0x201","发送成功","4","00 00 80 3F"
"7524","11:12:28.079","标准帧","数据帧","CAN","0x0","接收成功","8","11 EA 9B 84 38 0E 21 1F"
"7525","11:12:28.079","标准帧","数据帧","CAN","0x201","发送成功","4","00 00 80 3F"
"7526","11:12:28.079","标准帧","数据帧","CAN","0x0","接收成功","8","11 EA A0 84 28 0E 21 1F"
"7527","11:12:28.079","标准帧","数据帧","CAN","0x201","发送成功","4","00 00 80 3F"
"7528","11:12:28.079","标准帧","数据帧","CAN","0x0","接收成功","8","11 EA A5 84 38 10 21 1F"
"7529","11:12:28.079","标准帧","数据帧","CAN","0x201","发送成功","4","00 00 80 3F"
"7530","11:12:28.079","标准帧","数据帧","CAN","0x0","接收成功","8","11 EA A8 84 28 10 21 1F"
"7531","11:12:28.079","标准帧","数据帧","CAN","0x201","发送成功","4","00 00 80 3F"
"7532","11:12:28.079","标准帧","数据帧","CAN","0x0","接收成功","8","11 EA A9 84 28 10 21 1F"
"7533","11:12:28.079","标准帧","数据帧","CAN","0x201","发送成功","4","00 00 80 3F"
"7534","11:12:28.079","标准帧","数据帧","CAN","0x0","接收成功","8","11 EA AD 84 28 11 21 1F"
"7535","11:12:28.079","标准帧","数据帧","CAN","0x201","发送成功","4","00 00 80 3F"
"7536","11:12:28.079","标准帧","数据帧","CAN","0x0","接收成功","8","11 EA AD 84 28 11 21 1F"
"7537","11:12:28.090","标准帧","数据帧","CAN","0x201","发送成功","4","00 00 80 3F"
"7538","11:12:28.090","标准帧","数据帧","CAN","0x0","接收成功","8","11 EA B1 84 28 11 21 1F"
"7539","11:12:28.090","标准帧","数据帧","CAN","0x201","发送成功","4","00 00 80 3F"
"7540","11:12:28.090","标准帧","数据帧","CAN","0x0","接收成功","8","11 EA B4 84 18 11 21 1F"
"7541","11:12:28.090","标准帧","数据帧","CAN","0x201","发送成功","4","00 00 80 3F"
"7542","11:12:28.090","标准帧","数据帧","CAN","0x0","接收成功","8","11 EA B4 84 28 12 21 1F"
"7543","11:12:28.090","标准帧","数据帧","CAN","0x201","发送成功","4","00 00 80 3F"
"7544","11:12:28.090","标准帧","数据帧","CAN","0x0","接收成功","8","11 EA B9 84 38 12 21 1F"
"7545","11:12:28.090","标准帧","数据帧","CAN","0x201","发送成功","4","00 00 80 3F"
"7546","11:12:28.090","标准帧","数据帧","CAN","0x0","接收成功","8","11 EA BD 84 28 12 21 1F"
"7547","11:12:28.090","标准帧","数据帧","CAN","0x201","发送成功","4","00 00 80 3F"
"7548","11:12:28.090","标准帧","数据帧","CAN","0x0","接收成功","8","11 EA BE 84 28 12 21 1F"
"7549","11:12:28.090","标准帧","数据帧","CAN","0x201","发送成功","4","00 00 80 3F"
"7550","11:12:28.090","标准帧","数据帧","CAN","0x0","接收成功","8","11 EA C1 84 38 12 21 1F"
"7551","11:12:28.090","标准帧","数据帧","CAN","0x201","发送成功","4","00 00 80 3F"
"7552","11:12:28.090","标准帧","数据帧","CAN","0x0","接收成功","8","11 EA C5 84 58 10 21 1F"
"7553","11:12:28.090","标准帧","数据帧","CAN","0x201","发送成功","4","00 00 80 3F"
"7554","11:12:28.090","标准帧","数据帧","CAN","0x0","接收成功","8","11 EA C9 84 78 0F 21 1F"
"7555","11:12:28.090","标准帧","数据帧","CAN","0x201","发送成功","4","00 00 80 3F"
"7556","11:12:28.090","标准帧","数据帧","CAN","0x0","接收成功","8","11 EA C9 84 78 0F 21 1F"
"7557","11:12:28.101","标准帧","数据帧","CAN","0x201","发送成功","4","00 00 80 3F"
"7558","11:12:28.101","标准帧","数据帧","CAN","0x0","接收成功","8","11 EA CD 84 68 0D 21 1F"
"7559","11:12:28.101","标准帧","数据帧","CAN","0x201","发送成功","4","00 00 80 3F"
"7560","11:12:28.101","标准帧","数据帧","CAN","0x0","接收成功","8","11 EA D3 84 68 0C 21 1F"
"7561","11:12:28.101","标准帧","数据帧","CAN","0x201","发送成功","4","00 00 80 3F"
"7562","11:12:28.101","标准帧","数据帧","CAN","0x0","接收成功","8","11 EA D7 84 68 0C 21 1F"
"7563","11:12:28.101","标准帧","数据帧","CAN","0x201","发送成功","4","00 00 80 3F"
"7564","11:12:28.101","标准帧","数据帧","CAN","0x0","接收成功","8","11 EA DC 84 48 0C 21 1F"
"7565","11:12:28.101","标准帧","数据帧","CAN","0x201","发送成功","4","00 00 80 3F"
"7566","11:12:28.101","标准帧","数据帧","CAN","0x0","接收成功","8","11 EA DF 84 58 0C 21 1F"
"7567","11:12:28.101","标准帧","数据帧","CAN","0x201","发送成功","4","00 00 80 3F"
"7568","11:12:28.101","标准帧","数据帧","CAN","0x0","接收成功","8","11 EA E2 84 38 0C 21 1F"
"7569","11:12:28.101","标准帧","数据帧","CAN","0x201","发送成功","4","00 00 80 3F"
"7570","11:12:28.111","标准帧","数据帧","CAN","0x0","接收成功","8","11 EA E6 84 38 0D 21 1F"
"7571","11:12:28.111","标准帧","数据帧","CAN","0x201","发送成功","4","00 00 80 3F"
"7572","11:12:28.111","标准帧","数据帧","CAN","0x0","接收成功","8","11 EA E7 84 18 0E 21 1F"
"7573","11:12:28.111","标准帧","数据帧","CAN","0x201","发送成功","4","00 00 80 3F"
"7574","11:12:28.111","标准帧","数据帧","CAN","0x0","接收成功","8","11 EA EB 84 18 10 21 1F"
"7575","11:12:28.111","标准帧","数据帧","CAN","0x201","发送成功","4","00 00 80 3F"
"7576","11:12:28.111","标准帧","数据帧","CAN","0x0","接收成功","8","11 EA ED 84 18 10 21 1F"
"7577","11:12:28.111","标准帧","数据帧","CAN","0x201","发送成功","4","00 00 80 3F"
"7578","11:12:28.111","标准帧","数据帧","CAN","0x0","接收成功","8","11 EA F2 84 08 13 21 1F"
"7579","11:12:28.111","标准帧","数据帧","CAN","0x201","发送成功","4","00 00 80 3F"
"7580","11:12:28.111","标准帧","数据帧","CAN","0x0","接收成功","8","11 EA F5 83 F8 14 21 1F"
"7581","11:12:28.111","标准帧","数据帧","CAN","0x201","发送成功","4","00 00 80 3F"
"7582","11:12:28.111","标准帧","数据帧","CAN","0x0","接收成功","8","11 EA F6 83 F8 14 21 1F"
"7583","11:12:28.111","标准帧","数据帧","CAN","0x201","发送成功","4","00 00 80 3F"
"7584","11:12:28.111","标准帧","数据帧","CAN","0x0","接收成功","8","11 EA FC 84 18 14 21 1F"
"7585","11:12:28.111","标准帧","数据帧","CAN","0x201","发送成功","4","00 00 80 3F"
"7586","11:12:28.111","标准帧","数据帧","CAN","0x0","接收成功","8","11 EB 01 84 48 13 21 1F"
"7587","11:12:28.111","标准帧","数据帧","CAN","0x201","发送成功","4","00 00 80 3F"
"7588","11:12:28.121","标准帧","数据帧","CAN","0x0","接收成功","8","11 EB 04 84 48 12 21 1F"
"7589","11:12:28.121","标准帧","数据帧","CAN","0x201","发送成功","4","00 00 80 3F"
"7590","11:12:28.121","标准帧","数据帧","CAN","0x0","接收成功","8","11 EB 04 84 48 12 21 1F"
"7591","11:12:28.121","标准帧","数据帧","CAN","0x201","发送成功","4","00 00 80 3F"
"7592","11:12:28.121","标准帧","数据帧","CAN","0x0","接收成功","8","11 EB 09 84 68 10 21 1F"
"7593","11:12:28.121","标准帧","数据帧","CAN","0x201","发送成功","4","00 00 80 3F"
"7594","11:12:28.121","标准帧","数据帧","CAN","0x0","接收成功","8","11 EB 0D 84 68 0F 21 1F"
"7595","11:12:28.121","标准帧","数据帧","CAN","0x201","发送成功","4","00 00 80 3F"
"7596","11:12:28.121","标准帧","数据帧","CAN","0x0","接收成功","8","11 EB 1D 84 48 0D 21 1F"
"7597","11:12:28.164","标准帧","数据帧","CAN","0x201","发送成功","4","00 00 80 3F"
"7598","11:12:28.164","标准帧","数据帧","CAN","0x0","接收成功","8","11 EB 20 84 38 0E 21 1F"
"7599","11:12:28.164","标准帧","数据帧","CAN","0x201","发送成功","4","00 00 80 3F"
"7600","11:12:28.164","标准帧","数据帧","CAN","0x0","接收成功","8","11 EB 21 84 38 0E 21 1F"
"7601","11:12:28.164","标准帧","数据帧","CAN","0x201","发送成功","4","00 00 80 3F"
"7602","11:12:28.164","标准帧","数据帧","CAN","0x0","接收成功","8","11 EB 25 84 28 0F 21 1F"
"7603","11:12:28.164","标准帧","数据帧","CAN","0x201","发送成功","4","00 00 80 3F"
"7604","11:12:28.164","标准帧","数据帧","CAN","0x0","接收成功","8","11 EB 26 84 48 0F 21 1F"
"7605","11:12:28.164","标准帧","数据帧","CAN","0x201","发送成功","4","00 00 80 3F"
"7606","11:12:28.164","标准帧","数据帧","CAN","0x0","接收成功","8","11 EB 2B 84 28 10 21 1F"
"7607","11:12:28.164","标准帧","数据帧","CAN","0x201","发送成功","4","00 00 80 3F"
"7608","11:12:28.164","标准帧","数据帧","CAN","0x0","接收成功","8","11 EB 2C 84 28 10 21 1F"
"7609","11:12:28.164","标准帧","数据帧","CAN","0x201","发送成功","4","00 00 80 3F"
"7610","11:12:28.164","标准帧","数据帧","CAN","0x0","接收成功","8","11 EB 2F 84 08 12 21 1F"
"7611","11:12:28.164","标准帧","数据帧","CAN","0x201","发送成功","4","00 00 80 3F"
"7612","11:12:28.164","标准帧","数据帧","CAN","0x0","接收成功","8","11 EB 33 84 08 12 21 1F"
"7613","11:12:28.164","标准帧","数据帧","CAN","0x201","发送成功","4","00 00 80 3F"
"7614","11:12:28.164","标准帧","数据帧","CAN","0x0","接收成功","8","11 EB 36 84 18 13 21 1F"
"7615","11:12:28.164","标准帧","数据帧","CAN","0x201","发送成功","4","00 00 80 3F"
"7616","11:12:28.164","标准帧","数据帧","CAN","0x0","接收成功","8","11 EB 81 84 28 13 21 1F"
"7617","11:12:28.164","标准帧","数据帧","CAN","0x201","发送成功","4","00 00 80 3F"
"7618","11:12:28.164","标准帧","数据帧","CAN","0x0","接收成功","8","11 EB 81 84 28 13 21 1F"
"7619","11:12:28.164","标准帧","数据帧","CAN","0x201","发送成功","4","00 00 80 3F"
"7620","11:12:28.164","标准帧","数据帧","CAN","0x0","接收成功","8","11 EB 86 84 28 13 21 1F"
"7621","11:12:28.164","标准帧","数据帧","CAN","0x201","发送成功","4","00 00 80 3F"
"7622","11:12:28.164","标准帧","数据帧","CAN","0x0","接收成功","8","11 EB 8A 84 48 12 21 1F"
"7623","11:12:28.174","标准帧","数据帧","CAN","0x201","发送成功","4","00 00 80 3F"
"7624","11:12:28.174","标准帧","数据帧","CAN","0x0","接收成功","8","11 EB 8E 84 48 11 21 1F"
"7625","11:12:28.174","标准帧","数据帧","CAN","0x201","发送成功","4","00 00 80 3F"
"7626","11:12:28.174","标准帧","数据帧","CAN","0x0","接收成功","8","11 EB 92 84 48 10 21 1F"
"7627","11:12:28.174","标准帧","数据帧","CAN","0x201","发送成功","4","00 00 80 3F"
"7628","11:12:28.174","标准帧","数据帧","CAN","0x0","接收成功","8","11 EB 97 84 68 0F 21 1F"
"7629","11:12:28.174","标准帧","数据帧","CAN","0x201","发送成功","4","00 00 80 3F"
"7630","11:12:28.174","标准帧","数据帧","CAN","0x0","接收成功","8","11 EB 98 84 68 0F 21 1F"
"7631","11:12:28.174","标准帧","数据帧","CAN","0x201","发送成功","4","00 00 80 3F"
"7632","11:12:28.174","标准帧","数据帧","CAN","0x0","接收成功","8","11 EB 9B 84 58 0E 21 1F"
"7633","11:12:28.174","标准帧","数据帧","CAN","0x201","发送成功","4","00 00 80 3F"
"7634","11:12:28.174","标准帧","数据帧","CAN","0x0","接收成功","8","11 EB A0 84 58 0F 21 1F"
"7635","11:12:28.174","标准帧","数据帧","CAN","0x201","发送成功","4","00 00 80 3F"
"7636","11:12:28.174","标准帧","数据帧","CAN","0x0","接收成功","8","11 EB A3 84 58 0E 21 1F"
"7637","11:12:28.185","标准帧","数据帧","CAN","0x201","发送成功","4","00 00 80 3F"
"7638","11:12:28.185","标准帧","数据帧","CAN","0x0","接收成功","8","11 EB A6 84 18 0E 21 1F"
"7639","11:12:28.185","标准帧","数据帧","CAN","0x201","发送成功","4","00 00 80 3F"
"7640","11:12:28.185","标准帧","数据帧","CAN","0x0","接收成功","8","11 EB AA 84 38 10 21 1F"
"7641","11:12:28.185","标准帧","数据帧","CAN","0x201","发送成功","4","00 00 80 3F"
"7642","11:12:28.185","标准帧","数据帧","CAN","0x0","接收成功","8","11 EB B0 84 48 10 21 1F"
"7643","11:12:28.185","标准帧","数据帧","CAN","0x201","发送成功","4","00 00 80 3F"
"7644","11:12:28.185","标准帧","数据帧","CAN","0x0","接收成功","8","11 EB B3 84 28 10 21 1F"
"7645","11:12:28.185","标准帧","数据帧","CAN","0x201","发送成功","4","00 00 80 3F"
"7646","11:12:28.185","标准帧","数据帧","CAN","0x0","接收成功","8","11 EB B7 84 38 11 21 1F"
"7647","11:12:28.185","标准帧","数据帧","CAN","0x201","发送成功","4","00 00 80 3F"
"7648","11:12:28.185","标准帧","数据帧","CAN","0x0","接收成功","8","11 EB B8 84 38 11 21 1F"
"7649","11:12:28.185","标准帧","数据帧","CAN","0x201","发送成功","4","00 00 80 3F"
"7650","11:12:28.185","标准帧","数据帧","CAN","0x0","接收成功","8","11 EB BC 84 38 10 21 1F"
"7651","11:12:28.185","标准帧","数据帧","CAN","0x201","发送成功","4","00 00 80 3F"
"7652","11:12:28.185","标准帧","数据帧","CAN","0x0","接收成功","8","11 EB C0 84 18 11 21 1F"
"7653","11:12:28.196","标准帧","数据帧","CAN","0x201","发送成功","4","00 00 80 3F"
"7654","11:12:28.196","标准帧","数据帧","CAN","0x0","接收成功","8","11 EB C3 84 28 12 21 1F"
"7655","11:12:28.196","标准帧","数据帧","CAN","0x201","发送成功","4","00 00 80 3F"
"7656","11:12:28.196","标准帧","数据帧","CAN","0x0","接收成功","8","11 EB C6 84 38 11 21 1F"
"7657","11:12:28.196","标准帧","数据帧","CAN","0x201","发送成功","4","00 00 80 3F"
"7658","11:12:28.196","标准帧","数据帧","CAN","0x0","接收成功","8","11 EB C7 84 38 11 21 1F"
"7659","11:12:28.196","标准帧","数据帧","CAN","0x201","发送成功","4","00 00 80 3F"
"7660","11:12:28.196","标准帧","数据帧","CAN","0x0","接收成功","8","11 EB CA 84 48 11 21 1F"
"7661","11:12:28.196","标准帧","数据帧","CAN","0x201","发送成功","4","00 00 80 3F"
"7662","11:12:28.196","标准帧","数据帧","CAN","0x0","接收成功","8","11 EB CB 84 58 10 21 1F"
"7663","11:12:28.196","标准帧","数据帧","CAN","0x201","发送成功","4","00 00 80 3F"
"7664","11:12:28.196","标准帧","数据帧","CAN","0x0","接收成功","8","11 EB CF 84 38 10 21 1F"
"7665","11:12:28.196","标准帧","数据帧","CAN","0x201","发送成功","4","00 00 80 3F"
"7666","11:12:28.196","标准帧","数据帧","CAN","0x0","接收成功","8","11 EB D4 84 38 11 21 1F"
"7667","11:12:28.196","标准帧","数据帧","CAN","0x201","发送成功","4","00 00 80 3F"
"7668","11:12:28.196","标准帧","数据帧","CAN","0x0","接收成功","8","11 EB D9 84 58 0F 21 1F"
"7669","11:12:28.196","标准帧","数据帧","CAN","0x201","发送成功","4","00 00 80 3F"
"7670","11:12:28.196","标准帧","数据帧","CAN","0x0","接收成功","8","11 EB DC 84 48 0F 21 1F"
"7671","11:12:28.206","标准帧","数据帧","CAN","0x201","发送成功","4","00 00 80 3F"
"7672","11:12:28.206","标准帧","数据帧","CAN","0x0","接收成功","8","11 EB DF 84 38 10 21 1F"
"7673","11:12:28.206","标准帧","数据帧","CAN","0x201","发送成功","4","00 00 80 3F"
"7674","11:12:28.206","标准帧","数据帧","CAN","0x0","接收成功","8","11 EB E3 84 68 0F 21 1F"
"7675","11:12:28.206","标准帧","数据帧","CAN","0x201","发送成功","4","00 00 80 3F"
"7676","11:12:28.206","标准帧","数据帧","CAN","0x0","接收成功","8","11 EB E7 84 38 0E 21 1F"
"7677","11:12:28.206","标准帧","数据帧","CAN","0x201","发送成功","4","00 00 80 3F"
"7678","11:12:28.206","标准帧","数据帧","CAN","0x0","接收成功","8","11 EB EB 84 48 0F 21 1F"
"7679","11:12:28.206","标准帧","数据帧","CAN","0x201","发送成功","4","00 00 80 3F"
"7680","11:12:28.206","标准帧","数据帧","CAN","0x0","接收成功","8","11 EB EC 84 48 0F 21 1F"
"7681","11:12:28.206","标准帧","数据帧","CAN","0x201","发送成功","4","00 00 80 3F"
"7682","11:12:28.206","标准帧","数据帧","CAN","0x0","接收成功","8","11 EB EF 84 38 10 21 1F"
"7683","11:12:28.206","标准帧","数据帧","CAN","0x201","发送成功","4","00 00 80 3F"
"7684","11:12:28.206","标准帧","数据帧","CAN","0x0","接收成功","8","11 EB F0 84 38 10 21 1F"
"7685","11:12:28.206","标准帧","数据帧","CAN","0x201","发送成功","4","00 00 80 3F"
"7686","11:12:28.206","标准帧","数据帧","CAN","0x0","接收成功","8","11 EB F3 84 28 10 21 1F"
"7687","11:12:28.206","标准帧","数据帧","CAN","0x201","发送成功","4","00 00 80 3F"
"7688","11:12:28.206","标准帧","数据帧","CAN","0x0","接收成功","8","11 EB F8 84 38 10 21 1F"
"7689","11:12:28.206","标准帧","数据帧","CAN","0x201","发送成功","4","00 00 80 3F"
"7690","11:12:28.206","标准帧","数据帧","CAN","0x0","接收成功","8","11 EB F8 84 38 10 21 1F"
"7691","11:12:28.217","标准帧","数据帧","CAN","0x201","发送成功","4","00 00 80 3F"
"7692","11:12:28.217","标准帧","数据帧","CAN","0x0","接收成功","8","11 EB FD 84 58 10 21 1F"
"7693","11:12:28.217","标准帧","数据帧","CAN","0x201","发送成功","4","00 00 80 3F"
"7694","11:12:28.217","标准帧","数据帧","CAN","0x0","接收成功","8","11 EC 01 84 38 10 21 1F"
"7695","11:12:28.217","标准帧","数据帧","CAN","0x201","发送成功","4","00 00 80 3F"
"7696","11:12:28.217","标准帧","数据帧","CAN","0x0","接收成功","8","11 EC 03 84 38 11 21 1F"
"7697","11:12:28.217","标准帧","数据帧","CAN","0x201","发送成功","4","00 00 80 3F"
"7698","11:12:28.217","标准帧","数据帧","CAN","0x0","接收成功","8","11 EC 06 84 28 12 21 1F"
"7699","11:12:28.217","标准帧","数据帧","CAN","0x201","发送成功","4","00 00 80 3F"
"7700","11:12:28.217","标准帧","数据帧","CAN","0x0","接收成功","8","11 EC 09 84 38 12 21 1F"
"7701","11:12:28.217","标准帧","数据帧","CAN","0x201","发送成功","4","00 00 80 3F"
"7702","11:12:28.217","标准帧","数据帧","CAN","0x0","接收成功","8","11 EC 0D 84 18 11 21 1F"
"7703","11:12:28.217","标准帧","数据帧","CAN","0x201","发送成功","4","00 00 80 3F"
"7704","11:12:28.217","标准帧","数据帧","CAN","0x0","接收成功","8","11 EC 10 84 48 12 21 1F"
"7705","11:12:28.217","标准帧","数据帧","CAN","0x201","发送成功","4","00 00 80 3F"
"7706","11:12:28.228","标准帧","数据帧","CAN","0x0","接收成功","8","11 EC 15 84 28 11 21 1F"
"7707","11:12:28.228","标准帧","数据帧","CAN","0x201","发送成功","4","00 00 80 3F"
"7708","11:12:28.228","标准帧","数据帧","CAN","0x0","接收成功","8","11 EC 16 84 28 11 21 1F"
"7709","11:12:28.228","标准帧","数据帧","CAN","0x201","发送成功","4","00 00 80 3F"
"7710","11:12:28.228","标准帧","数据帧","CAN","0x0","接收成功","8","11 EC 26 84 58 0F 21 1F"
"7711","11:12:28.228","标准帧","数据帧","CAN","0x201","发送成功","4","00 00 80 3F"
"7712","11:12:28.228","标准帧","数据帧","CAN","0x0","接收成功","8","11 EC 29 84 68 0F 21 1F"
"7713","11:12:28.228","标准帧","数据帧","CAN","0x201","发送成功","4","00 00 80 3F"
"7714","11:12:28.228","标准帧","数据帧","CAN","0x0","接收成功","8","11 EC 2A 84 68 0F 21 1F"
"7715","11:12:28.228","标准帧","数据帧","CAN","0x201","发送成功","4","00 00 80 3F"
"7716","11:12:28.228","标准帧","数据帧","CAN","0x0","接收成功","8","11 EC 2E 84 68 0E 21 1F"
"7717","11:12:28.260","标准帧","数据帧","CAN","0x201","发送成功","4","00 00 80 3F"
"7718","11:12:28.260","标准帧","数据帧","CAN","0x0","接收成功","8","11 EC 34 84 38 0E 21 1F"
"7719","11:12:28.260","标准帧","数据帧","CAN","0x201","发送成功","4","00 00 80 3F"
"7720","11:12:28.260","标准帧","数据帧","CAN","0x0","接收成功","8","11 EC 38 84 48 0F 21 1F"
"7721","11:12:28.260","标准帧","数据帧","CAN","0x201","发送成功","4","00 00 80 3F"
"7722","11:12:28.260","标准帧","数据帧","CAN","0x201","发送成功","4","00 00 80 3F"
"7723","11:12:28.260","标准帧","数据帧","CAN","0x0","接收成功","8","11 EC 3B 84 48 0D 21 1F"
"7724","11:12:28.260","标准帧","数据帧","CAN","0x0","接收成功","8","11 EC 3C 84 58 0D 21 1F"
"7725","11:12:28.291","标准帧","数据帧","CAN","0x201","发送成功","4","00 00 80 3F"
"7726","11:12:28.291","标准帧","数据帧","CAN","0x0","接收成功","8","11 EC 42 84 38 0F 21 1F"
"7727","11:12:28.291","标准帧","数据帧","CAN","0x201","发送成功","4","00 00 80 3F"
"7728","11:12:28.291","标准帧","数据帧","CAN","0x0","接收成功","8","11 EC D5 83 F8 14 21 1F"
"7729","11:12:28.302","标准帧","数据帧","CAN","0x201","发送成功","4","00 00 80 3F"
"7730","11:12:28.302","标准帧","数据帧","CAN","0x0","接收成功","8","11 EC DA 84 18 15 21 1F"
"7731","11:12:28.302","标准帧","数据帧","CAN","0x201","发送成功","4","00 00 80 3F"
"7732","11:12:28.302","标准帧","数据帧","CAN","0x0","接收成功","8","11 EC DA 84 18 14 21 1F"
"7733","11:12:28.302","标准帧","数据帧","CAN","0x201","发送成功","4","00 00 80 3F"
"7734","11:12:28.302","标准帧","数据帧","CAN","0x0","接收成功","8","11 EC DF 84 38 14 21 1F"
"7735","11:12:28.302","标准帧","数据帧","CAN","0x201","发送成功","4","00 00 80 3F"
"7736","11:12:28.302","标准帧","数据帧","CAN","0x0","接收成功","8","11 EC E0 84 48 13 21 1F"
"7737","11:12:28.302","标准帧","数据帧","CAN","0x201","发送成功","4","00 00 80 3F"
"7738","11:12:28.302","标准帧","数据帧","CAN","0x0","接收成功","8","11 EC E3 84 48 12 21 1F"
"7739","11:12:28.302","标准帧","数据帧","CAN","0x201","发送成功","4","00 00 80 3F"
"7740","11:12:28.302","标准帧","数据帧","CAN","0x0","接收成功","8","11 EC E8 84 58 11 21 1F"
"7741","11:12:28.302","标准帧","数据帧","CAN","0x201","发送成功","4","00 00 80 3F"
"7742","11:12:28.302","标准帧","数据帧","CAN","0x0","接收成功","8","11 EC EB 84 78 0F 21 1F"
"7743","11:12:28.302","标准帧","数据帧","CAN","0x201","发送成功","4","00 00 80 3F"
"7744","11:12:28.302","标准帧","数据帧","CAN","0x0","接收成功","8","11 EC F0 84 78 0E 21 1F"
"7745","11:12:28.302","标准帧","数据帧","CAN","0x201","发送成功","4","00 00 80 3F"
"7746","11:12:28.312","标准帧","数据帧","CAN","0x0","接收成功","8","11 EC F4 84 68 0D 21 1F"
"7747","11:12:28.312","标准帧","数据帧","CAN","0x201","发送成功","4","00 00 80 3F"
"7748","11:12:28.312","标准帧","数据帧","CAN","0x0","接收成功","8","11 EC F5 84 68 0D 21 1F"
"7749","11:12:28.312","标准帧","数据帧","CAN","0x201","发送成功","4","00 00 80 3F"
"7750","11:12:28.312","标准帧","数据帧","CAN","0x0","接收成功","8","11 EC F8 84 68 0D 21 1F"
"7751","11:12:28.312","标准帧","数据帧","CAN","0x201","发送成功","4","00 00 80 3F"
"7752","11:12:28.312","标准帧","数据帧","CAN","0x0","接收成功","8","11 EC F9 84 68 0D 21 1F"
"7753","11:12:28.312","标准帧","数据帧","CAN","0x201","发送成功","4","00 00 80 3F"
"7754","11:12:28.312","标准帧","数据帧","CAN","0x0","接收成功","8","11 EC FC 84 48 0D 21 1F"
"7755","11:12:28.312","标准帧","数据帧","CAN","0x201","发送成功","4","00 00 80 3F"
"7756","11:12:28.312","标准帧","数据帧","CAN","0x0","接收成功","8","11 ED 00 84 58 0E 21 1F"
"7757","11:12:28.312","标准帧","数据帧","CAN","0x201","发送成功","4","00 00 80 3F"
"7758","11:12:28.312","标准帧","数据帧","CAN","0x0","接收成功","8","11 ED 04 84 38 0F 21 1F"
"7759","11:12:28.312","标准帧","数据帧","CAN","0x201","发送成功","4","00 00 80 3F"
"7760","11:12:28.312","标准帧","数据帧","CAN","0x0","接收成功","8","11 ED 0A 84 18 0F 21 1F"
"7761","11:12:28.312","标准帧","数据帧","CAN","0x201","发送成功","4","00 00 80 3F"
"7762","11:12:28.312","标准帧","数据帧","CAN","0x0","接收成功","8","11 ED 0D 84 18 11 21 1F"
"7763","11:12:28.323","标准帧","数据帧","CAN","0x201","发送成功","4","00 00 80 3F"
"7764","11:12:28.323","标准帧","数据帧","CAN","0x0","接收成功","8","11 ED 11 84 18 12 21 1F"
"7765","11:12:28.323","标准帧","数据帧","CAN","0x201","发送成功","4","00 00 80 3F"
"7766","11:12:28.323","标准帧","数据帧","CAN","0x0","接收成功","8","11 ED 14 84 18 12 21 1F"
"7767","11:12:28.323","标准帧","数据帧","CAN","0x201","发送成功","4","00 00 80 3F"
"7768","11:12:28.323","标准帧","数据帧","CAN","0x0","接收成功","8","11 ED 17 84 18 14 21 1F"
"7769","11:12:28.323","标准帧","数据帧","CAN","0x201","发送成功","4","00 00 80 3F"
"7770","11:12:28.323","标准帧","数据帧","CAN","0x0","接收成功","8","11 ED 1B 84 38 13 21 1F"
"7771","11:12:28.365","标准帧","数据帧","CAN","0x201","发送成功","4","00 00 80 3F"
"7772","11:12:28.365","标准帧","数据帧","CAN","0x0","接收成功","8","11 ED 2D 84 68 0E 21 1F"
"7773","11:12:28.365","标准帧","数据帧","CAN","0x201","发送成功","4","00 00 80 3F"
"7774","11:12:28.365","标准帧","数据帧","CAN","0x0","接收成功","8","11 ED 30 84 68 0E 21 1F"
"7775","11:12:28.365","标准帧","数据帧","CAN","0x201","发送成功","4","00 00 80 3F"
"7776","11:12:28.365","标准帧","数据帧","CAN","0x0","接收成功","8","11 ED 32 84 68 0E 21 1F"
"7777","11:12:28.365","标准帧","数据帧","CAN","0x201","发送成功","4","00 00 80 3F"
"7778","11:12:28.365","标准帧","数据帧","CAN","0x0","接收成功","8","11 ED 36 84 58 0D 21 1F"
"7779","11:12:28.365","标准帧","数据帧","CAN","0x201","发送成功","4","00 00 80 3F"
"7780","11:12:28.365","标准帧","数据帧","CAN","0x0","接收成功","8","11 ED 3A 84 58 0D 21 1F"
"7781","11:12:28.365","标准帧","数据帧","CAN","0x201","发送成功","4","00 00 80 3F"
"7782","11:12:28.365","标准帧","数据帧","CAN","0x0","接收成功","8","11 ED 3E 84 58 0D 21 1F"
"7783","11:12:28.365","标准帧","数据帧","CAN","0x201","发送成功","4","00 00 80 3F"
"7784","11:12:28.365","标准帧","数据帧","CAN","0x0","接收成功","8","11 ED 40 84 38 0E 21 1F"
"7785","11:12:52.554","标准帧","数据帧","CAN","0x201","发送成功","8","FF FF FF FF FF FF FF FB"
"7786","11:12:52.554","标准帧","数据帧","CAN","0x0","接收成功","8","01 E5 34 84 48 0F 21 1F"
